# -*- coding: utf-8 -*-

# Resource object code
#
# Created by: The Resource Compiler for PyQt5 (Qt v5.15.2)
#
# WARNING! All changes made in this file will be lost!

from PyQt5 import QtCore

qt_resource_data = b"\
\x00\x01\x3b\x0b\
\xff\
\xd8\xff\xe0\x00\x10\x4a\x46\x49\x46\x00\x01\x01\x01\x00\x48\x00\
\x48\x00\x00\xff\xdb\x00\x43\x00\x03\x02\x02\x03\x02\x02\x03\x03\
\x03\x03\x04\x03\x03\x04\x05\x08\x05\x05\x04\x04\x05\x0a\x07\x07\
\x06\x08\x0c\x0a\x0c\x0c\x0b\x0a\x0b\x0b\x0d\x0e\x12\x10\x0d\x0e\
\x11\x0e\x0b\x0b\x10\x16\x10\x11\x13\x14\x15\x15\x15\x0c\x0f\x17\
\x18\x16\x14\x18\x12\x14\x15\x14\xff\xdb\x00\x43\x01\x03\x04\x04\
\x05\x04\x05\x09\x05\x05\x09\x14\x0d\x0b\x0d\x14\x14\x14\x14\x14\
\x14\x14\x14\x14\x14\x14\x14\x14\x14\x14\x14\x14\x14\x14\x14\x14\
\x14\x14\x14\x14\x14\x14\x14\x14\x14\x14\x14\x14\x14\x14\x14\x14\
\x14\x14\x14\x14\x14\x14\x14\x14\x14\x14\x14\x14\x14\xff\xc0\x00\
\x11\x08\x02\xaf\x04\x00\x03\x01\x22\x00\x02\x11\x01\x03\x11\x01\
\xff\xc4\x00\x1f\x00\x00\x01\x05\x01\x01\x01\x01\x01\x01\x00\x00\
\x00\x00\x00\x00\x00\x00\x01\x02\x03\x04\x05\x06\x07\x08\x09\x0a\
\x0b\xff\xc4\x00\xb5\x10\x00\x02\x01\x03\x03\x02\x04\x03\x05\x05\
\x04\x04\x00\x00\x01\x7d\x01\x02\x03\x00\x04\x11\x05\x12\x21\x31\
\x41\x06\x13\x51\x61\x07\x22\x71\x14\x32\x81\x91\xa1\x08\x23\x42\
\xb1\xc1\x15\x52\xd1\xf0\x24\x33\x62\x72\x82\x09\x0a\x16\x17\x18\
\x19\x1a\x25\x26\x27\x28\x29\x2a\x34\x35\x36\x37\x38\x39\x3a\x43\
\x44\x45\x46\x47\x48\x49\x4a\x53\x54\x55\x56\x57\x58\x59\x5a\x63\
\x64\x65\x66\x67\x68\x69\x6a\x73\x74\x75\x76\x77\x78\x79\x7a\x83\
\x84\x85\x86\x87\x88\x89\x8a\x92\x93\x94\x95\x96\x97\x98\x99\x9a\
\xa2\xa3\xa4\xa5\xa6\xa7\xa8\xa9\xaa\xb2\xb3\xb4\xb5\xb6\xb7\xb8\
\xb9\xba\xc2\xc3\xc4\xc5\xc6\xc7\xc8\xc9\xca\xd2\xd3\xd4\xd5\xd6\
\xd7\xd8\xd9\xda\xe1\xe2\xe3\xe4\xe5\xe6\xe7\xe8\xe9\xea\xf1\xf2\
\xf3\xf4\xf5\xf6\xf7\xf8\xf9\xfa\xff\xc4\x00\x1f\x01\x00\x03\x01\
\x01\x01\x01\x01\x01\x01\x01\x01\x00\x00\x00\x00\x00\x00\x01\x02\
\x03\x04\x05\x06\x07\x08\x09\x0a\x0b\xff\xc4\x00\xb5\x11\x00\x02\
\x01\x02\x04\x04\x03\x04\x07\x05\x04\x04\x00\x01\x02\x77\x00\x01\
\x02\x03\x11\x04\x05\x21\x31\x06\x12\x41\x51\x07\x61\x71\x13\x22\
\x32\x81\x08\x14\x42\x91\xa1\xb1\xc1\x09\x23\x33\x52\xf0\x15\x62\
\x72\xd1\x0a\x16\x24\x34\xe1\x25\xf1\x17\x18\x19\x1a\x26\x27\x28\
\x29\x2a\x35\x36\x37\x38\x39\x3a\x43\x44\x45\x46\x47\x48\x49\x4a\
\x53\x54\x55\x56\x57\x58\x59\x5a\x63\x64\x65\x66\x67\x68\x69\x6a\
\x73\x74\x75\x76\x77\x78\x79\x7a\x82\x83\x84\x85\x86\x87\x88\x89\
\x8a\x92\x93\x94\x95\x96\x97\x98\x99\x9a\xa2\xa3\xa4\xa5\xa6\xa7\
\xa8\xa9\xaa\xb2\xb3\xb4\xb5\xb6\xb7\xb8\xb9\xba\xc2\xc3\xc4\xc5\
\xc6\xc7\xc8\xc9\xca\xd2\xd3\xd4\xd5\xd6\xd7\xd8\xd9\xda\xe2\xe3\
\xe4\xe5\xe6\xe7\xe8\xe9\xea\xf2\xf3\xf4\xf5\xf6\xf7\xf8\xf9\xfa\
\xff\xda\x00\x0c\x03\x01\x00\x02\x11\x03\x11\x00\x3f\x00\xfd\x05\
\xa2\x8a\x2b\x53\xcc\x0a\x28\xa2\x80\x0a\x28\xa2\x80\x0a\x28\xa2\
\x80\x0a\x28\xa2\x80\x0a\x28\xa2\x80\x0a\x28\xa2\x80\x0a\x28\xa2\
\x80\x0a\x28\xa2\x80\x0a\x28\xa2\x80\x0a\x28\xa2\x80\x0a\x28\xa2\
\x80\x0a\x28\xa2\x80\x0a\x28\xa2\x80\x0a\x28\xa2\x80\x0a\x28\xa2\
\x80\x0a\x28\xa2\x80\x0a\x28\xa2\x80\x0a\x28\xa2\x80\x0a\x28\xa2\
\x80\x0a\x28\xa2\x80\x0a\x28\xa2\x80\x0a\x28\xa2\x80\x0a\x28\xa2\
\x80\x0a\x28\xa2\x80\x0a\x28\xa2\x80\x0a\x28\xa2\x80\x0a\x28\xa2\
\x80\x0a\x28\xa2\x80\x0a\x28\xa2\x80\x0a\x28\xa2\x80\x0a\x28\xa2\
\x80\x0a\x28\xa2\x80\x0a\x28\xa2\x80\x0a\x28\xa2\x80\x0a\x28\xa2\
\x80\x0a\x28\xa2\x80\x0a\x28\xa2\x80\x0a\x28\xa2\x80\x0a\x28\xa2\
\x80\x0a\x28\xa2\x80\x0a\x28\xa2\x80\x0a\x28\xa2\x80\x0a\x28\xa2\
\x80\x0a\x28\xa2\x80\x0a\x28\xa2\x80\x0a\x28\xa2\x80\x0a\x28\xa2\
\x80\x0a\x28\xa2\x80\x0a\x28\xa2\x80\x0a\x28\xa2\x80\x0a\x28\xa2\
\x80\x0a\x28\xa2\x80\x0a\x28\xa2\x80\x0a\x28\xa2\x80\x0a\x28\xa2\
\x80\x0a\x28\xa2\x80\x0a\x28\xa2\x80\x0a\x28\xa2\x80\x0a\x28\xa2\
\x80\x0a\x28\xa2\x80\x0a\x28\xa2\x80\x0a\x28\xa2\x80\x0a\x28\xa2\
\x80\x0a\x28\xa2\x80\x0a\x28\xa2\x80\x0a\x28\xa2\x80\x0a\x28\xa2\
\x80\x0a\x28\xa2\x80\x0a\x28\xa2\x80\x0a\x28\xa2\x80\x0a\x28\xa2\
\x80\x0a\x28\xa2\x80\x0a\x28\xa2\x80\x0a\x28\xa2\x80\x0a\x28\xa2\
\x80\x0a\x28\xa2\x80\x0a\x28\xa2\x80\x0a\x28\xa2\x80\x0a\x28\xa2\
\x80\x0a\x28\xa2\x80\x0a\x28\xa2\x80\x0a\x28\xa2\x80\x0a\x28\xa2\
\x80\x0a\x28\xa2\x80\x0a\x28\xa2\x80\x0a\x28\xa2\x80\x0a\x28\xa2\
\x80\x0a\x28\xa2\x80\x0a\x28\xa2\x80\x0a\x28\xa2\x80\x0a\x28\xa2\
\x80\x0a\x28\xa2\x80\x0a\x28\xa2\x80\x0a\x28\xce\x29\x73\x40\x09\
\x45\x14\x67\x07\xad\x00\x14\x51\x91\x49\xb8\x7a\xd0\x02\xd1\x49\
\xbc\x52\x79\x9e\xd4\x00\xea\x29\xbe\x60\xa3\xcc\x1f\xe4\xd0\x03\
\xa8\xa6\xf9\x9e\xd4\x79\x82\x98\x5d\x0e\xa2\x93\x78\xa4\xf3\x05\
\x20\x1d\x45\x37\xcc\x5f\x5a\x50\xe2\x80\x16\x8a\x32\x28\xc8\xa0\
\x02\x8a\x07\x23\x39\xa5\xcd\x00\x25\x14\x51\x40\x05\x14\x51\x40\
\x05\x14\x51\x40\x05\x14\x51\x40\x05\x14\x51\x40\x05\x14\x51\x40\
\x05\x14\x51\x40\x05\x14\x51\x40\x05\x14\x51\x40\x05\x14\x51\x40\
\x05\x14\x51\x40\x05\x14\x51\x40\x05\x14\x51\x40\x05\x14\x51\x40\
\x05\x14\x51\x40\x05\x14\x51\x40\x05\x14\x51\x40\x05\x14\x51\x40\
\x05\x14\x51\x40\x05\x14\x51\x40\x05\x14\x51\x40\x05\x14\x51\x40\
\x05\x14\x51\x40\x05\x14\x51\x40\x05\x14\x51\x40\x05\x14\x51\x40\
\x05\x14\x51\x40\x05\x14\x51\x40\x05\x14\x51\x40\x05\x14\x51\x40\
\x05\x14\x51\x40\x05\x14\x51\x40\x05\x14\x51\x40\x05\x14\x51\x40\
\x05\x14\x51\x40\x05\x14\x51\x40\x05\x14\x51\x40\x05\x14\x51\x40\
\x05\x14\x51\x40\x05\x14\x51\x40\x05\x14\x51\x40\x05\x14\x51\x40\
\x05\x14\x51\x40\x05\x14\x51\x40\x05\x14\x51\x40\x05\x14\x51\x40\
\x05\x14\x51\x40\x05\x14\x51\x40\x05\x14\x51\x40\x05\x14\x50\x4e\
\x06\x69\x80\x51\x48\x5a\x9a\x64\x14\x05\xc7\xd1\x51\x99\x78\xa6\
\x79\x87\xda\x80\xb9\x2e\xf1\xea\x69\x4b\x81\x55\xfc\xda\x69\x93\
\xd0\xd3\x42\xba\x2c\x19\x29\x3c\xda\xac\x66\xe6\x90\xcb\xc7\x5a\
\x62\xb9\x64\xcb\xc5\x37\xcc\xaa\xc6\x6e\x3a\xd3\x7c\xe1\xf5\xa0\
\x57\x2d\x19\x7d\xe9\x0c\x9e\xf8\xaa\xa6\x51\x4d\xf3\x40\xe8\x68\
\x0b\xa2\xdf\x99\x8e\xad\x48\x5f\xdc\x55\x43\x2f\xad\x1e\x6d\x01\
\x72\xdf\x9a\x7d\x68\xf3\x3f\xce\x6a\x91\xb8\x06\x8f\x3a\x80\xba\
\x2d\xf9\xd4\x79\xbf\x4a\xab\xe7\x0a\x6f\x9a\x28\x13\x65\xcf\x3a\
\x8f\x36\xa9\xf9\xa2\x97\xcd\x1e\xa2\x80\x4c\xb8\x27\xcd\x2f\x99\
\x54\x84\xd8\x34\xff\x00\x3a\x81\xdc\xb7\xe6\x0f\x51\x48\x24\xff\
\x00\x39\xaa\x9e\x6d\x2f\x9a\x28\x0b\x96\xfc\xdf\x71\x4b\xe6\x1f\
\x51\x55\x04\xa0\xfa\xd3\x84\xbd\x06\x68\x0b\x96\xc3\x82\x7a\xd2\
\xac\x9d\xea\xa7\x99\x4e\x12\xd0\x3b\x96\xfc\xca\x70\x93\x8e\x6a\
\xa0\x90\x53\x83\x83\xde\x81\xdd\x16\x83\x03\x4b\x55\xd5\xe9\xc2\
\x4c\x52\x68\x2e\x4d\x45\x46\x24\xe6\x9c\x1c\x7a\x52\x1d\xc7\x51\
\x46\x73\x45\x00\x14\x51\x45\x20\x0a\x28\xa2\x80\x0a\x28\xa2\x80\
\x0a\x28\xa2\x80\x0a\x28\xa2\x80\x0a\x28\xa2\x80\x0a\x28\xa2\x80\
\x0a\x28\xa2\x80\x0a\x28\xa2\x80\x0a\x28\xa2\x80\x0a\x28\xa2\x80\
\x0a\x28\xa2\x80\x0a\x28\xa2\x80\x0a\x28\xa2\x80\x0a\x28\xa2\x80\
\x0a\x28\xa2\x80\x0a\x28\xa2\x80\x0a\x28\xa2\x80\x0a\x28\xa2\x80\
\x0a\x28\xa2\x80\x0a\x28\xa2\x80\x0a\x28\xa2\x80\x0a\x28\xa2\x80\
\x0a\x28\xa2\x80\x0a\x28\xa2\x80\x0a\x28\xa2\x80\x0a\x28\xa2\x80\
\x0a\x28\xa2\x80\x0a\x28\xa2\x80\x0a\x28\xa2\x80\x0a\x28\xa2\x80\
\x0a\x28\xa2\x80\x0a\x28\xa2\x80\x0a\x28\xa2\x80\x0a\x28\xa2\x80\
\x0a\x28\xa2\x80\x0a\x28\xa2\x80\x0a\x28\xa2\x80\x0a\x28\xa2\x80\
\x0a\x28\xa2\x80\x0a\x28\xa2\x80\x0a\x28\xa2\x80\x0a\x28\xa0\xd0\
\x01\x45\x23\x3e\x29\x86\x5a\x76\x15\xc9\x09\x03\xbd\x34\xb8\xc5\
\x40\xce\x29\xa6\x41\x45\x82\xe8\x98\xcb\x81\xd6\x98\x65\xa8\x1a\
\x4a\x61\x97\x8e\x6a\x85\xcc\x8b\x06\x4f\x7a\x61\x93\xb5\x56\x69\
\x85\x35\xa6\xc7\x7c\xd0\x4d\xcb\x1e\x68\xfa\x53\x4c\x9e\xf5\x55\
\xa6\xcd\x34\xca\x68\x15\xcb\x46\x51\xd6\x98\x64\xe7\xad\x55\x2e\
\x71\xd6\x9a\x5c\x7a\xe6\x81\x5c\xb4\x66\xe7\xad\x34\xcd\xc1\xaa\
\xad\x20\xc7\x14\xdf\x37\xdc\x50\x17\x2c\xb4\xd9\xe2\x90\xca\x7b\
\x71\x55\x4c\xfc\xd3\x4c\xf8\xa0\x1b\x2d\x99\x09\x1c\x9a\x4d\xfe\
\xf5\x51\xa5\x38\xa6\xf9\xd4\xec\x49\x70\xc9\x83\xd6\x90\xc8\x0f\
\x7a\xa9\xe6\x83\xde\x8f\x37\xfd\xa1\x45\x80\xb5\xe6\x0f\x53\x47\
\x98\x3d\x4d\x53\xf3\x87\xad\x1e\x70\xf5\xa2\xc0\x5d\xf3\x3f\xce\
\x69\x04\xb5\x4f\xce\x1e\xb4\x9e\x68\xa2\xc0\x5d\xde\x28\xde\x2a\
\x9f\x9c\x3d\x68\xf3\x87\xad\x16\x02\xe7\x98\x3d\x69\xc2\x4f\x7a\
\xa2\x26\x1c\x52\x89\x79\xe0\xd1\x60\x2f\x79\x84\x77\xa0\x48\x4f\
\x7a\xa8\x25\x27\xad\x2f\x9d\x8a\x2c\x05\xb1\x21\x1d\x29\xc2\x5c\
\x55\x4f\x3a\x9c\x26\xa4\x34\x5c\x12\xf1\xd3\xf3\xa7\x89\x73\xde\
\xa8\x89\x01\xa7\x07\xc7\x7a\x07\x72\xe0\x97\x1d\x2a\x41\x20\xaa\
\x3b\xb0\x69\xe1\xc8\x3d\x68\x0b\x97\x44\x94\xf1\x26\x7a\xd5\x21\
\x2f\xbd\x39\x64\xcf\x7a\x07\x72\xf0\x71\x4e\x12\x73\x54\x84\xa7\
\x3e\xb4\xf5\x93\x8a\x07\x72\xe8\x93\x8a\x70\x93\x1e\xe2\xaa\xac\
\xb4\xff\x00\x32\x82\xb9\x8b\x62\x40\x69\x41\x06\xab\x2c\x94\xe1\
\x27\x15\x36\x1d\xc9\xe8\xa8\xd6\x42\x7a\xd4\x8a\xc0\xf5\x34\x58\
\x61\x45\x14\x52\x00\xa2\x8a\x28\x00\xa2\x8a\x28\x00\xa2\x8a\x28\
\x00\xa2\x8a\x28\x00\xa2\x8a\x28\x00\xa2\x8a\x28\x00\xa2\x8a\x28\
\x00\xa2\x8a\x28\x00\xa2\x8a\x28\x00\xa2\x8a\x28\x00\xa2\x8a\x28\
\x00\xa2\x8a\x28\x00\xa2\x8a\x28\x00\xa2\x8a\x28\x00\xa2\x8a\x28\
\x00\xa2\x8a\x28\x00\xa2\x8a\x28\x00\xa2\x8a\x28\x00\xa2\x8a\x28\
\x00\xa2\x8a\x28\x00\xa2\x8a\x28\x00\xa2\x8a\x28\x00\xa2\x8a\x28\
\x00\xa2\x8a\x28\x00\xa2\x8a\x28\x00\xa2\x8a\x28\x00\xa2\x8a\x28\
\x00\xa2\x8a\x28\x00\xa2\x8a\x28\x00\xa2\x8a\x28\x00\xa2\x8a\x28\
\x00\xa2\x8a\x28\x00\xa2\x8a\x28\x00\xa2\x8a\x28\x00\xa2\x8a\x28\
\x00\xa2\x8a\x28\x00\xa2\x8a\x28\x00\xa2\x8a\x0f\x14\x00\x50\x48\
\x1d\x69\xad\x20\x1d\x2a\x26\x92\x9a\x13\x24\x69\x3d\x2a\x33\x26\
\x6a\x26\x96\xa3\x69\x71\xde\x9d\x82\xe4\xcd\x2e\x3d\xea\x26\x94\
\x54\x0d\x2d\x42\xd2\xe6\x99\x17\x2c\xbc\xbe\xf5\x1b\x4b\x55\xda\
\x42\x69\x85\xfd\xe8\x26\xe4\xcd\x31\xf7\xa6\x19\xb8\xa8\x1a\x4e\
\x7a\xd3\x1a\x5a\x05\x72\xc1\x93\x22\x98\xd2\x60\xd5\x73\x2f\x4e\
\x6a\x27\x98\x60\x9c\xe4\x62\x80\xb9\x3c\x77\x6b\x2e\xf0\xa7\xee\
\x39\x53\xf5\x1f\xfd\x6c\x51\xe7\x1e\xf5\x85\xa5\xde\x66\xfb\x54\
\x8b\x38\xdb\x3e\xf1\xff\x00\x02\x03\xfc\x2b\x44\xce\x31\x55\x61\
\x16\x8c\xc4\x9f\x6a\x8f\xcd\xc7\xf1\x55\x43\x3a\xfd\x29\xa6\x6c\
\xd1\x60\x2e\x79\xdc\xf5\xa6\x99\xc5\x52\x32\xe2\x9a\xd3\xed\x19\
\xce\x07\x7a\x2c\x05\xc3\x71\x83\x4d\x6b\x8f\x7e\xb5\x48\xca\x05\
\x27\x9b\x9e\xd4\x58\x0b\x66\xe0\x7a\xd3\x5a\x7c\x8a\xaa\x65\xe7\
\xa0\xa4\xf3\x85\x30\x2d\x19\xcf\x6a\x4f\x38\xfb\x9a\xaa\x65\x23\
\xbd\x27\x9b\xf4\xa0\x0b\x66\x73\x49\xe7\x93\xed\x54\xfc\xcc\x1c\
\x93\x9a\x3c\xd1\x40\x17\x3c\xd3\xed\x4b\xe7\x1f\x5a\xa5\xe6\x8f\
\x6a\x5f\x33\xe9\x40\x17\x3c\xda\x5f\x37\x1d\xaa\xa7\x9d\xef\x47\
\x98\x7d\x68\x02\xe7\x9d\x4a\x26\xf7\xe6\xa9\x89\x8f\xad\x2f\x9b\
\xce\x4f\x14\x01\x7c\x4c\x3d\x71\x4a\x27\xed\x9a\xa0\x25\x18\xa7\
\x07\xe6\x80\x2f\xf9\xb4\xf1\x2d\x51\xf3\x33\xd1\xa9\x4c\xa7\xd2\
\x95\x80\xbc\xb2\x82\x7a\xe2\x9e\x24\x26\xa8\x09\x73\xc9\xa9\x04\
\xdc\x70\x68\xb0\x17\x84\xb5\x20\x97\xf0\xaa\x0b\x36\x3b\xd3\x84\
\xf9\xa2\xc0\x5e\x12\x71\xc9\xa7\x07\x15\x4d\x5f\x3d\xe9\xe2\x4a\
\x4c\x0b\x8a\xd4\xf5\x90\xd5\x31\x26\x0d\x48\xb2\x66\x90\xee\x5c\
\x59\x06\x71\x52\x09\x45\x52\x0f\x4f\x0f\x9e\xf4\x05\xcb\xab\x28\
\xf5\xa7\x89\x2a\x9a\xbf\xd2\xa4\x59\x28\x29\x32\xea\xc9\x9a\x78\
\x71\xeb\x54\xd6\x4a\x78\x93\x9e\xb4\x16\x99\x6d\x5c\xfa\xd4\xaa\
\xd9\x1d\x6a\x9a\xb8\xa9\x15\xbb\xd2\xb0\xee\x59\xa2\xa2\x57\x34\
\xe0\xe7\x34\x98\xc7\xd1\x40\xe6\x8a\x40\x14\x51\x45\x00\x14\x51\
\x45\x00\x14\x51\x45\x00\x14\x51\x45\x00\x14\x51\x45\x00\x14\x51\
\x45\x00\x14\x51\x45\x00\x14\x51\x45\x00\x14\x51\x45\x00\x14\x51\
\x45\x00\x14\x51\x45\x00\x14\x51\x45\x00\x14\x51\x45\x00\x14\x51\
\x45\x00\x14\x51\x45\x00\x14\x51\x45\x00\x14\x51\x45\x00\x14\x51\
\x45\x00\x14\x51\x45\x00\x14\x51\x45\x00\x14\x51\x45\x00\x14\x51\
\x45\x00\x14\x51\x45\x00\x14\x51\x45\x00\x14\x51\x45\x00\x14\x51\
\x45\x00\x14\x51\x45\x00\x14\x51\x45\x00\x14\x51\x45\x00\x14\x51\
\x45\x00\x14\x51\x45\x00\x14\x51\x45\x00\x14\x51\x45\x00\x14\x51\
\x45\x00\x14\x51\x48\xc7\x6f\xbd\x30\x14\x90\x2a\x26\x93\x26\x91\
\xe4\x19\xaa\xd2\x4b\x81\xc1\xa7\x61\x5c\x91\xa4\xa8\x5e\x5e\x2a\
\x17\x97\xd2\xa0\x33\x73\x4c\x86\xc9\x9e\x5f\x7a\x8a\x49\x73\xf5\
\xa8\x99\xc7\x53\x50\xb4\xb8\x34\x13\x72\x66\x97\x06\xa3\x69\x40\
\xf7\xa8\x5a\x5f\x53\x50\xbc\xbe\xf4\x21\x5c\xb2\xd3\x0a\x89\xa6\
\x35\x5d\xa7\x06\xa1\x69\xce\x6a\xac\x22\xcb\x4a\x0f\x02\x98\xd3\
\x7b\xd5\x43\x37\x3c\x1c\x53\x1a\x51\x9e\xb9\xa2\xc0\x5a\x69\xbd\
\xea\x13\x31\xa8\x0c\xa0\xd4\x66\x5f\xf6\xa8\xb0\x19\xd6\x93\x94\
\xf1\x1d\xea\xe7\x02\x45\xfd\x46\x0d\x6c\x34\xd5\xcc\x4d\x37\x97\
\xe2\x2d\xf9\xe0\x9c\x1f\xc5\x40\xad\x96\x9b\x19\xe3\xa7\x14\xc4\
\x8b\x26\x4c\x76\xa4\x32\x77\xcd\x55\xf3\x49\xed\x48\x1c\x93\x82\
\x68\x19\x65\xa6\x15\x53\x51\xb9\x29\x6a\xe7\xd4\x81\xf9\x9a\x09\
\x39\xaa\x3a\xc3\x62\xd9\x41\x3c\x17\x5f\xd3\x26\x80\x35\x5a\x6c\
\x92\x7d\xf3\x4d\x32\x91\xd0\x66\xa2\xfe\x11\x46\x68\x01\xed\x21\
\x3c\xf7\xa3\xcd\x35\x1d\x14\x00\xf3\x21\x34\x85\xc8\x52\x49\xe8\
\x33\x4d\xa8\xae\xdb\x65\xa4\xc4\x76\x46\x23\xeb\x83\x40\x13\x96\
\x3f\x9d\x1b\x8d\x31\x0e\xf8\x91\xbd\x40\x3f\xa5\x2d\x00\x3b\x71\
\xa3\x79\xa6\xd2\x8e\xb4\x00\xbe\x63\x7a\xd2\xf9\xa6\xa2\x49\x04\
\x89\x91\xd3\x24\x7e\x5c\x53\xa8\x02\x50\xe7\xeb\x4a\x26\xcd\x45\
\x9a\x42\xe1\x15\x98\xf4\x03\x9f\xa5\x00\x58\x12\xe4\x70\x69\xc2\
\x51\x55\x89\xe6\x8c\xd0\x05\xb5\x70\x7d\xa9\xe2\x5f\x7a\xa4\x18\
\x8a\x72\xc8\x45\x00\x5c\x12\xe6\xa4\x0f\xe9\x54\x56\x5c\x1a\x91\
\x65\xe2\x80\x2e\x2c\x98\xa7\x2c\x87\xbd\x53\x59\x29\xeb\x29\xa0\
\x0b\xab\x2d\x3d\x66\xc7\xbd\x53\x12\x01\x4e\x04\x11\xc1\xc5\x20\
\x2f\xac\xa5\x8d\x4a\xb2\x67\xbd\x67\xac\x98\xa7\xac\x82\x8b\x01\
\xa0\xb2\x66\x9e\xb2\xe0\xd5\x15\x9b\x35\x28\x90\x50\x05\xd5\x70\
\x6a\x45\x90\xf5\x15\x49\x64\xa9\x16\x4a\x91\x97\x12\x43\x52\x2c\
\x9c\xd5\x35\x93\x35\x20\x7e\x68\x0b\x97\x16\x4e\xd5\x2a\xc9\x54\
\x96\x4c\x71\xd6\xa4\x59\x33\x41\x57\x2e\xac\x95\x20\x70\x6a\x92\
\xc9\x52\xa3\xf3\x41\x77\x2e\x2b\xe3\xde\x9e\x1f\x22\xaa\x24\x9e\
\xf5\x2a\xb5\x2b\x0d\x16\x01\xa2\xa3\x57\xfc\x6a\x40\xdb\xb9\xa4\
\x30\xa2\x8a\x29\x00\x51\x45\x14\x00\x51\x45\x14\x00\x51\x45\x14\
\x00\x51\x45\x14\x00\x51\x45\x14\x00\x51\x45\x14\x00\x51\x45\x14\
\x00\x51\x45\x14\x00\x51\x45\x14\x00\x51\x45\x14\x00\x51\x45\x14\
\x00\x51\x45\x14\x00\x51\x45\x14\x00\x51\x45\x14\x00\x51\x45\x14\
\x00\x51\x45\x14\x00\x51\x45\x14\x00\x51\x45\x14\x00\x51\x45\x14\
\x00\x51\x45\x14\x00\x51\x45\x14\x00\x51\x45\x14\x00\x51\x45\x14\
\x00\x51\x45\x14\x00\x51\x45\x14\x00\x51\x45\x14\x00\x51\x45\x14\
\x00\x51\x45\x14\x00\x51\x45\x14\x00\x51\x45\x14\x00\x51\x45\x14\
\x00\x50\x4e\x28\x3c\x54\x72\x49\x8e\x05\x30\x1c\xef\x81\xc5\x57\
\x79\x7d\x69\xad\x2e\xd1\x8a\xad\x24\xd5\x44\x36\x3e\x49\x31\x55\
\x5e\x6e\x0d\x32\x49\x09\xef\x55\xde\x5e\xb4\x19\xb6\x4a\xf2\x54\
\x0f\x2d\x47\x24\xd5\x5e\x49\xbb\x53\xb0\x8b\x0f\x2e\x6a\x16\x9a\
\xaa\xc9\x36\x7d\xea\x36\x90\xe3\x1d\xe9\xa0\x27\x92\x7c\x8a\x88\
\xcb\x9a\xae\xd2\xd4\x6d\x2f\xbd\x30\x2c\x34\x95\x1b\x49\x55\xda\
\x70\x3a\x9f\x70\x29\x86\x52\x68\x02\x66\x93\xde\xa3\x32\xd4\x25\
\x89\xa4\xdd\x40\xc9\x1a\x5c\xf1\x4d\x2c\x72\x31\x4c\xef\x9a\x50\
\x79\xe3\x14\x84\x60\x6a\x72\x79\x3a\xa9\x6c\xf4\xd8\x7f\x41\x5b\
\xec\x72\xc4\xd7\x25\xe2\x69\x7c\xad\x50\xae\x70\x4c\x6a\x7f\x9d\
\x74\x0b\xa9\x5a\xa5\xbc\x6d\x24\xe8\xa4\xa8\xea\x7a\x1c\x53\x21\
\x77\x2e\x51\x59\x72\xf8\x9f\x4f\x8c\xf1\x36\xff\x00\xf7\x17\x35\
\x56\x5f\x19\x5a\xa7\xdc\x86\x46\xf7\xe9\x45\xae\x55\xd1\xbd\x59\
\x9a\xfb\x05\x86\x15\xf5\x62\x7f\x4f\xfe\xbd\x64\xbf\x8d\x89\x38\
\x4b\x61\xf8\xb5\x53\xba\xd7\xe6\xd5\x08\xf3\x23\x54\x09\x9c\x05\
\xfd\x69\xd8\x97\x24\x76\xaa\x77\x22\x9f\x50\x3f\x95\x2e\x0d\x70\
\xe7\xc5\x1a\x82\xe1\x10\x8c\x0e\x06\x13\xf2\xa4\xff\x00\x84\x83\
\x55\x90\x64\x3b\x7f\xc0\x52\x8b\x0f\x98\xee\x71\xf8\xd1\x8a\xe1\
\x7f\xb5\xf5\x86\x18\xf3\x25\xc7\xfb\x94\x9f\xda\x7a\xc7\xf7\xe6\
\xff\x00\xbe\x68\xb0\x29\x1d\xde\x31\x55\xf5\x26\xdb\x61\x31\xff\
\x00\x67\x07\xf3\x15\xc6\x8d\x4f\x57\xc7\xdf\x9b\xfe\xf9\xa5\x5d\
\x57\x52\x90\x6c\xb8\x79\x0c\x47\x86\x0c\xbc\x75\xff\x00\xeb\x51\
\x61\x73\x1d\xa5\x97\xcd\x67\x09\xcf\x55\x15\x2e\x2b\x86\xff\x00\
\x84\x82\xfe\x0c\x24\x4c\x7c\xa5\x1c\x7c\xb9\xe9\x52\x27\x8b\x35\
\x14\x3c\xec\x61\xdf\x72\xd1\x62\xae\x8e\xd7\x18\xfc\x29\x0b\x6d\
\x04\xfa\x02\x6b\x90\x4f\x19\xdd\x2f\xde\x86\x26\xf5\x19\x22\xa7\
\x5f\x18\x99\x50\xa3\xdb\xe1\x98\x10\x19\x5b\xa6\x45\x16\x13\x92\
\x46\xfe\x9a\xfb\xed\x14\xf7\x25\xb9\xff\x00\x81\x1f\xf1\xab\x35\
\xcd\xd8\x78\x96\xda\xca\xdd\x60\x95\x64\x2c\xb9\xcb\x28\xc8\x39\
\xad\x18\xbc\x4b\xa7\x4a\x71\xe7\xed\x3f\xed\x8c\x0a\x43\xba\x66\
\x9d\x41\xa8\x3f\x95\x65\x2b\x03\xce\x30\x3f\x3a\x22\xd4\x2d\xa6\
\xfb\x93\xc6\xde\x80\x35\x55\xd7\xa6\x09\xa7\x92\x08\x39\x60\x07\
\xeb\x40\xd9\xa4\x5b\x20\x1c\x76\x06\x92\x9b\x11\x0d\x1c\x67\xd4\
\x03\xfa\x53\xa9\x02\x0a\x28\xa2\x98\xc2\x92\x29\x37\x86\x3e\x84\
\xaf\xe4\x69\xc3\xd2\xa9\xe9\xb3\x09\x56\xe7\x1d\xa6\x61\x40\x8b\
\xdb\xce\x7a\xd3\x96\x6c\x54\x54\x50\x05\x85\x93\x27\xad\x48\x24\
\x04\x55\x3e\x94\xf5\x73\xdc\x50\x05\xd5\x92\x9e\xae\x2a\x92\xcb\
\xcf\x22\xa5\x12\x03\x40\x17\x16\x4c\x74\xa9\x16\x6e\x79\xaa\x61\
\xc8\xe8\x69\xe2\x4c\xf1\x40\x17\x96\x5c\x75\x35\x2a\xca\x3b\xd5\
\x05\x63\xeb\x52\x89\x38\xa0\x0b\xe9\x26\x6a\x45\x92\xa8\x24\xbe\
\xf5\x3a\x48\x2a\x6c\x05\xd5\x7a\x78\x7c\x0e\x0d\x53\x59\x2a\x44\
\x92\x8b\x01\x70\x4b\x8a\x95\x1f\x20\x73\x54\xd5\xf7\x1c\xe6\xa4\
\x04\x8a\x43\x45\xd5\x7a\x90\x49\x54\x92\x4e\x30\x6a\x55\x93\x34\
\x16\x99\x75\x5c\x1e\xa7\xf2\xa9\x03\x11\x54\xd5\xc1\xe0\x71\x52\
\xac\x9e\xb4\x0e\xe5\xb5\x6c\x62\x9e\x0e\x6a\xb0\x7c\xd3\xc3\xf3\
\xd6\xa6\xc5\xdc\x9a\x8a\x40\xf9\xa5\x07\x34\x00\x51\x45\x14\x80\
\x28\xa2\x8a\x00\x28\xa2\x8a\x00\x28\xa2\x8a\x00\x28\xa2\x8a\x00\
\x28\xa2\x8a\x00\x28\xa2\x8a\x00\x28\xa2\x8a\x00\x28\xa2\x8a\x00\
\x28\xa2\x8a\x00\x28\xa2\x8a\x00\x28\xa2\x8a\x00\x28\xa2\x8a\x00\
\x28\xa2\x8a\x00\x28\xa2\x8a\x00\x28\xa2\x8a\x00\x28\xa2\x8a\x00\
\x28\xa2\x8a\x00\x28\xa2\x8a\x00\x28\xa2\x8a\x00\x28\xa2\x8a\x00\
\x28\xa2\x8a\x00\x28\xa2\x8a\x00\x28\xa2\x8a\x00\x28\xa2\x8a\x00\
\x28\xa2\x8a\x00\x28\xa2\x8a\x00\x28\xa2\x8a\x00\x28\xa2\x8a\x00\
\x28\x63\x8a\x42\xc1\x47\x35\x0c\x92\x53\x40\x2b\xc9\xcd\x41\x24\
\xdc\x9a\x64\x92\x9a\xab\x24\xb9\xa6\x43\x63\xe5\x9b\xde\xaa\x49\
\x2f\x7a\x6c\x92\xf1\x55\x64\x94\xf7\xaa\xb1\x17\x24\x92\x5a\xad\
\x2c\xd8\xa8\xe4\x9b\x3d\x2a\xab\xca\x58\xe2\x9d\x89\x26\x69\xf3\
\xde\xa0\x69\xaa\x17\x93\x1c\x03\x81\x50\xb4\xa3\x18\x3f\xa5\x30\
\x21\x17\xfb\xf5\x79\x2d\x87\x1e\x54\x21\x9b\x1e\xac\xdc\x7e\x8b\
\xfa\xd5\x86\x97\x07\xeb\x5c\xa7\x87\x75\x03\x7d\xe2\x1f\x10\xc8\
\x0e\x76\x4b\x1c\x4a\x7d\x00\xc8\xfe\x95\xb4\x97\x62\x4b\xd9\xa0\
\x3f\x79\x11\x5c\x7d\x09\x60\x7f\x51\x43\xd0\x16\xa5\xc6\x97\x9c\
\x75\xa8\x8b\x93\x49\xd4\xf1\x50\xdc\xde\xc1\x66\xb9\x9a\x54\x8f\
\xea\x7f\xa5\x00\x42\xd7\x3f\xf1\x38\x8a\xdf\xbb\x40\xcf\xff\x00\
\x8f\x28\xff\x00\x1a\xb9\x93\x5c\x35\xef\x8a\x22\x4f\x15\x89\xa0\
\x06\x64\x4b\x63\x18\x1d\x32\x73\x9a\x7c\xde\x25\xd4\x6f\x98\xa4\
\x20\xa6\x78\xdb\x18\xc9\xa1\x12\xe4\x76\x72\x4d\x1c\x23\xf7\x8e\
\xa8\x3f\xda\x38\xac\xcb\x9f\x13\x58\x5b\x10\xbe\x67\x9a\xc7\x8c\
\x20\xcd\x61\x5b\xf8\x5b\x57\xd4\xd8\x3c\xa8\xc8\xa7\xbc\xcd\xfd\
\x2a\x7b\x1f\x07\x09\x7c\x4a\xda\x74\xd3\x17\x31\x5b\x79\xf2\x79\
\x63\xa1\x27\x00\x7e\x5f\xce\x9d\x91\x37\x6f\x61\xf3\xf8\xd3\x9c\
\x41\x6f\xcf\x40\x5d\xbf\xa5\x50\x7f\x10\xea\x97\x8f\xb6\x32\x57\
\xda\x35\xae\xfa\xcb\xc0\x9a\x7d\xb1\x04\x5b\x89\x0f\xf7\x9c\xe6\
\xb6\xad\xf4\x38\xe2\x01\x52\x15\x50\x3b\x05\xc6\x05\x17\xb0\xf9\
\x5b\x3c\x4f\x52\x6b\xa8\x26\x46\xbc\x12\x2b\xba\xee\x1e\x67\x5c\
\x0a\xdb\xd3\x7c\x1b\x77\xa8\x5a\x43\x39\x92\x34\x8e\x45\x0c\x33\
\xcf\x5a\x9b\xe3\x0d\xb1\xb1\xd4\xb4\xc3\x8c\x79\x90\x38\xfc\x98\
\x7f\x8d\x7a\x0f\xc3\xfb\x11\x7b\xe0\xfd\x2a\x60\xbc\x34\x38\xcf\
\xd0\x91\xfd\x28\xbb\x4a\xe2\x51\xd6\xc7\x19\x6f\xf0\xf4\x63\x32\
\x5c\x31\xf6\x55\xe2\xb4\x20\xf0\x05\x9a\x90\x5c\x49\x20\xf7\x3d\
\x6b\xd2\x13\x47\x3e\x94\xdd\x46\xc9\x74\xdd\x36\xee\xf1\xf0\x12\
\xde\x17\x94\xe7\xbe\xd0\x4f\xf8\x54\xf3\x33\x5e\x4b\x23\x83\xb6\
\xf0\x76\x9e\x63\x0c\xb6\xca\xea\x72\x01\x27\xd0\x91\xfd\x2b\x9e\
\xf1\xe6\x95\x1e\x91\x0d\x8b\x45\x12\xc4\x24\x2e\xb9\x1d\xf0\x07\
\xf8\xd7\xab\xf8\x37\x48\x37\x3e\x16\xd2\xa6\x6f\x99\xa5\xb6\x49\
\x09\xc7\x76\x1b\xbf\xad\x71\xff\x00\x1d\xf4\xb3\x61\xa1\x69\x77\
\x18\xfb\xb7\x2c\x9f\x9a\xff\x00\xf6\x34\x27\x70\x70\xb2\xb9\x1f\
\x86\x34\xa4\xbc\xd0\x6c\x27\xf2\xd5\x8b\xc6\x32\x71\xd7\x04\x8f\
\xe9\x5a\xc3\x44\x00\xf0\x80\x7e\x15\xa5\xf0\x8b\x4e\x5d\x4f\xc0\
\x1a\x64\xb8\xdc\x41\x92\x33\xf8\x39\xff\x00\x1a\xed\x57\xc3\xc9\
\x9f\xbb\xf9\x8a\x9e\x6d\x4a\x54\xdb\x57\x3c\xe3\xfb\x14\xe7\xee\
\xe2\x9d\xfd\x8a\x71\xd3\x15\xe9\x2b\xe1\xc8\xc7\x3e\x5d\x3c\x78\
\x7a\x3f\xf9\xe7\x9a\x39\x8b\xf6\x47\x99\x7f\x62\x9c\xf4\xae\x6f\
\xc7\x96\x7f\xd9\xfa\x20\x7e\x85\xa5\x55\xe9\xf5\xaf\x73\xff\x00\
\x84\x7e\x3f\xf9\xe6\x05\x79\x6f\xed\x01\x68\xba\x67\x87\x34\xcd\
\xaa\x01\x96\xf3\x1c\x7b\x46\x4d\x34\xee\xc8\x94\x39\x55\xcc\x7f\
\x0b\x69\xa6\xe7\xc3\xf6\x72\xec\xce\xf0\xc4\x64\x7f\xb4\x7f\xc2\
\xaf\xbe\x80\xa7\x20\xc2\xa7\x3f\xec\x8a\xed\x3e\x1b\x68\x71\xcb\
\xe0\x2d\x0a\x66\x8f\x99\x2d\x56\x4e\x47\x5d\xc4\x9a\xe8\x4f\x87\
\xe3\xc7\xfa\xb0\x7f\x0a\x39\x81\x53\xba\xb9\xe4\x52\x78\x5e\xdd\
\x8e\x4d\xb2\x1f\xf8\x0e\x2b\x13\xc4\xba\x05\xa6\x97\xa5\xcb\x74\
\xb6\xeb\x13\x0c\x05\x61\xea\x48\xaf\x73\x3e\x1c\x84\x9c\x18\xc5\
\x79\xcf\xc6\xfb\x38\xb4\x7f\x09\x42\xca\x08\x69\x6e\xd1\x38\xf4\
\x0a\x5b\xfa\x53\x52\xbb\xb0\xa5\x4e\xca\xe7\x07\xa2\xf8\x6a\x1d\
\x6b\x4c\x4b\x97\x2e\x24\x66\x61\xb9\x4f\x1c\x1a\x92\x6f\x02\x90\
\x0f\x97\x70\xdf\x47\x5e\x2b\xbe\xf8\x49\xa0\xc7\xa8\xf8\x12\xd6\
\xe1\xb3\x97\x9a\x6f\xc3\x0e\x47\xf4\xae\xaa\x5f\x09\xc4\x47\x04\
\x8f\x62\x28\x6d\x5c\x95\x4e\xfa\x9e\x13\x2f\x83\xaf\x63\x07\xcb\
\x64\x7e\x3b\x1c\x55\x0b\xbb\x6b\xcd\x30\x05\xb9\x0e\x15\xb3\xb4\
\x16\xce\x71\x5e\xf5\x2f\x83\xb3\xc8\x61\xf8\x8a\xf2\x8f\x8b\xb6\
\x87\x45\xbd\xd3\xe0\x62\x32\xd1\x3c\x9c\x7f\xbc\x05\x38\xb4\xc9\
\x94\x1c\x55\xcc\x48\xfc\x45\xa8\xda\x05\x52\xdb\x94\x01\x80\xeb\
\xd4\x76\xe6\xaf\xdb\x78\xcd\xba\x4d\x6c\x0f\xa9\x43\x5d\xad\xa7\
\x86\x5e\xe3\x49\xb3\x91\xad\xf7\xab\xc0\x8d\x92\xb9\xc8\x2a\x2b\
\x32\xf7\xc1\x76\x92\x16\xdd\x6d\xb0\xfa\xaf\x06\x9d\xd6\xc2\xe5\
\x92\x65\x0b\x6f\x14\x69\xf7\x18\x06\x4f\x29\x8f\x18\x71\x8a\xd3\
\x8a\xe6\x19\xc0\x68\xa5\x47\x1f\xec\x9a\xc0\xbb\xf0\x28\xc9\x30\
\xcc\xcb\xe8\xae\x32\x2b\x26\x7f\x0d\xea\x56\x2d\xba\x30\x5b\x1c\
\xe6\x26\xe6\x85\x66\x0d\xb4\x77\x20\x63\x39\x1c\x56\x1f\x85\xa7\
\x17\x11\x5d\x9c\xe7\xf7\x9b\x88\xfa\xd7\x3e\x35\xdd\x4a\xc6\x37\
\x49\x1d\xba\x1e\x25\x5e\xd8\xf5\xa9\x3c\x2d\xaf\xc3\xa6\x2c\xcb\
\x2a\x31\x12\x10\x77\xa8\xe9\x81\x45\x83\x98\xed\xe8\xaa\xb6\xba\
\xb5\xa5\xee\x3c\xa9\xd4\x92\x70\x01\xe0\xfe\x55\x6f\x07\x19\xf5\
\xa4\x5d\xc4\xa5\xa3\x04\x75\xa4\xa0\x00\x64\x53\xd5\xb1\x4c\xa2\
\x80\x26\x59\x31\xc5\x48\xb2\x03\x55\x69\x41\xc5\x00\x5d\x57\xa9\
\x44\x83\xd6\xb3\xa6\xba\x5b\x68\x24\x96\x4e\x15\x14\xb1\x24\xfb\
\x54\xd6\xb3\x34\x90\x46\xcf\xf7\xca\x82\x47\xb9\xe6\x80\x2f\xab\
\xe3\xde\xa4\x59\x7b\xf4\xaa\x6a\xf8\xa9\x03\xe4\x63\xad\x00\x5e\
\x59\x4d\x4a\xaf\xda\xa8\xac\x84\x53\xc4\xc0\x15\x19\xc1\x20\x91\
\xeb\xc5\x20\x34\x55\xf1\xd2\xa5\x49\x2a\x82\x4a\x73\xed\x53\xab\
\xd2\x02\xd8\x7c\xd4\xa8\xf8\xf6\xaa\x89\x25\x4a\x1f\x3d\xe9\x0e\
\xe5\xb4\x7d\xdd\x6a\x55\x7a\xa6\x8d\xc1\xa9\x11\xe8\x1d\xcb\xa8\
\xf5\x2a\xb8\x1d\x6a\x9a\xbe\x3a\x54\x8a\xd9\xf4\xa0\xbb\x97\x03\
\x63\xa5\x48\x8f\x55\x51\xea\x55\x7e\x78\xa5\x61\xdc\xb1\x9a\x2a\
\x20\xdd\x2a\x50\x41\xa2\xc5\x05\x14\x51\x52\x01\x45\x14\x50\x01\
\x45\x14\x50\x01\x45\x14\x50\x01\x45\x14\x50\x01\x45\x14\x50\x01\
\x45\x14\x50\x01\x45\x14\x50\x01\x45\x14\x50\x01\x45\x14\x50\x01\
\x45\x14\x50\x01\x45\x14\x50\x01\x45\x14\x50\x01\x45\x14\x50\x01\
\x45\x14\x50\x01\x45\x14\x50\x01\x45\x14\x50\x01\x45\x14\x50\x01\
\x45\x14\x50\x01\x45\x14\x50\x01\x45\x14\x50\x01\x45\x14\x50\x01\
\x45\x14\x50\x01\x45\x14\x50\x01\x45\x14\x50\x01\x45\x14\x50\x01\
\x45\x14\x50\x01\x48\x58\x2d\x23\xb8\x5a\xad\x24\xb8\x06\xaa\xc0\
\x3a\x49\x31\xde\xab\x49\x2f\x3d\x69\x92\xcd\x55\x64\x93\x3d\xe9\
\x90\xd8\xf9\x66\xaa\xd2\x4b\xd6\x99\x2c\xdc\x60\x55\x59\x66\xa6\
\x88\x6c\x74\xb2\xf7\xcd\x54\x92\x6c\xf7\xa8\xe4\x9c\x93\x8c\xf1\
\x55\x9a\x60\xc3\x20\x83\xc9\x00\x8f\x6e\x0f\xeb\x54\x48\xf9\x24\
\xf7\xaa\xef\x2e\x3b\xe6\xa3\x79\x89\x3c\x54\x4c\xc4\x9e\xb4\x00\
\xf7\x90\x9a\x89\x9c\x22\x33\x9e\x8a\xb9\x3f\x41\xcd\x28\x24\x9a\
\xc7\xf1\x0e\xbb\x6b\xa6\x69\xf7\x4a\x64\xdd\x29\x85\xc6\xd5\xe4\
\x8f\x94\xf5\xa0\x4d\xe8\x73\x3f\x0a\xae\x7e\xd7\x26\xb7\x21\xfb\
\xcd\x2a\x39\x24\xfa\x86\xad\x1d\x5b\xc4\x70\x69\x7e\x2e\x83\x0c\
\x66\x49\x6d\x19\x08\x43\xd1\x83\x82\x3f\xad\x79\xf7\xc3\xeb\x8b\
\xbb\x85\xbe\xb6\xb5\x12\x13\x26\xc6\x65\x4e\xf8\xdd\xfe\x35\xab\
\xe3\x2d\x16\x7f\x0d\x5e\x68\x57\xb7\xc3\x6c\x52\x4c\x51\xd4\x1e\
\x42\x82\xa4\x93\xf8\x13\x55\xbe\xe4\x26\xce\x92\xeb\xc4\xd7\xd7\
\xee\x62\xb7\x53\x18\x63\xf7\x23\x19\x6a\x9a\xcf\xc1\xba\x9e\xa6\
\x44\x93\x03\x12\x1e\x73\x21\xcb\x57\xa4\x69\x1e\x19\xb4\xb1\x45\
\x16\xd0\xa8\x53\x82\x1f\x1c\x90\x79\x1c\xd6\xf4\x1a\x57\x00\x81\
\xf9\xd2\xba\x29\x46\xe8\xf0\x3b\x7d\x16\x1b\x4f\x8a\x56\xba\x44\
\xff\x00\xbe\x47\xda\xbc\x8c\x64\x94\x27\xf9\xd7\xb2\xd8\x78\x7e\
\x0b\x55\xc4\x30\x24\x63\xb0\x51\x8a\xf2\x2f\x1a\xce\x34\x6f\x8f\
\x9a\x7b\x39\xda\x0c\xf6\xad\x9f\x40\xdf\x2f\xf5\xcd\x7d\x1c\xb6\
\x68\x8c\x47\xa1\xc5\x43\x2a\x11\x30\xa1\xd2\x4e\x46\x17\x9c\x80\
\x2b\x83\xf8\x7f\x28\xd6\xbe\x25\xf8\xbe\x55\x20\xa4\x01\x60\x43\
\xec\xad\x8f\xe6\x0d\x7a\xf3\x28\x86\x27\x93\x1b\x55\x01\x62\x7d\
\x00\x19\x35\xe1\xdf\xb3\x24\x87\x56\xd7\x7c\x55\x70\xcd\x99\x1c\
\x23\x95\xf5\xdc\xee\x49\xfc\xe8\x2e\xda\xd8\xf6\x58\xb4\xe5\x5c\
\x02\x2a\xc4\x7a\x78\x3c\x05\xad\xa8\xb4\xec\xe3\x8e\x95\x7a\x1d\
\x38\x63\x24\x54\x36\x6e\xa0\x7c\xe3\xfb\x48\xda\x1b\x49\x7c\x3d\
\x2e\x36\x86\x13\x26\x7f\x15\x35\xe8\x7f\x03\xad\xff\x00\xb4\x7e\
\x1a\x69\x12\x63\x76\xcf\x36\x3f\xc9\xd8\xff\x00\x5a\xe6\xff\x00\
\x6b\x7b\x03\x07\x85\xfc\x3d\x74\xa0\x62\x3b\xd9\x23\x27\xfd\xe8\
\xf2\x3f\x55\xae\x97\xf6\x54\xb9\x5b\xef\x85\x81\x5b\x96\xb7\xbe\
\x9d\x31\xe8\x0e\xd6\x1f\xcc\xd5\x73\x7b\xa4\xc6\x3f\xbc\xb1\xe8\
\x71\xe9\x38\xfe\x1a\xe4\xfe\x32\xaf\xf6\x2f\xc2\xef\x10\x5c\x0e\
\x1c\xc0\x21\x53\xee\xcc\xa2\xbd\x34\x28\x1d\x05\x79\x6f\xed\x37\
\x21\x4f\x83\xba\xb6\x0e\x33\x3d\xb0\xe3\xde\x65\x15\x92\x93\x6e\
\xc7\x4c\xe1\x68\xb6\x74\xbf\x0e\xac\x12\x4f\x02\x78\x75\xf0\x08\
\x6b\x08\x0e\x7f\xe0\x02\xb8\xbf\xda\x67\x4c\x0b\xf0\xd7\xcf\x51\
\xff\x00\x1e\xf7\xb0\xbe\x7d\x01\x0c\xbf\xcd\x85\x76\x1f\x06\xee\
\x96\xf7\xe1\x5f\x85\x66\x5e\x41\xb0\x8c\x7e\x59\x5f\xe9\x59\xdf\
\xb4\x1d\xa7\xda\xfe\x0f\xf8\x88\x0e\x4c\x31\x25\xc6\x07\xfb\x12\
\x23\x7f\x4a\xa4\xf5\x14\xa3\x7a\x77\x30\xbf\x66\x1b\x84\xbe\xf8\
\x6a\xf1\x9e\x4d\xbd\xfc\xca\x7d\xb3\xb5\xbf\xad\x7a\xe0\x81\x3f\
\xbb\x5f\x3f\xfe\xc7\xda\x9f\x9f\xa1\x78\x9a\xc8\x9c\xf9\x37\x51\
\x4c\x07\xfb\xc8\x47\xfe\xc9\x5f\x42\x54\xcb\x72\xe8\xeb\x04\x33\
\xca\x5f\x4a\x3c\xa5\xf4\xa7\xd1\x50\x69\x64\x33\xcb\x5f\x4a\xf0\
\x3f\xda\xca\xe5\x6d\xf4\xef\x0e\x42\x38\xdd\x2c\xf2\xe3\xd7\x6a\
\xa8\xff\x00\xd9\xab\xdf\xeb\xe6\x1f\xdb\x06\xfc\xb6\xb5\xe1\xbb\
\x35\x3f\x32\xda\xce\xe3\x3f\xed\x3a\xaf\xfe\xc9\x5a\x47\x59\x18\
\xd6\xf8\x0f\x7a\xf8\x79\x66\xb6\xfe\x02\xf0\xec\x44\x60\xa5\x84\
\x00\x8f\xf8\x00\xad\xe3\x6c\x95\x5f\x40\x83\xec\xba\x16\x9d\x08\
\x1c\x45\x6d\x12\xe3\xe8\x8a\x2a\xf5\x4b\xdc\xd2\x29\x72\xa2\x0f\
\xb2\x2d\x78\x57\xed\x53\x30\xb5\xd1\xbc\x3f\x00\x38\xf3\x6e\x65\
\x73\xf4\x58\xc0\xfe\x6d\x5e\xfb\xba\xbe\x68\xfd\xaf\x75\x10\x35\
\x3f\x0c\x5a\x93\xf7\x61\x9a\x52\x3e\xac\xa3\xff\x00\x65\xaa\x83\
\xf7\x8c\xab\xa5\xc8\x7a\x47\xc0\x9d\x3c\x1f\x85\x7a\x33\x95\xff\
\x00\x5b\xe6\xc9\xf5\xcc\x8c\x6b\xba\x6d\x3c\x7f\x76\xb9\xff\x00\
\x83\x16\xe6\xd7\xe1\x5f\x85\xd0\xf5\xfb\x0a\x31\xfa\xb6\x5b\xfa\
\xd7\x67\x8a\x96\xdb\x65\x42\x17\x8a\x31\x64\xd3\xb9\x04\x0a\xf9\
\xaf\xf6\x92\x98\x5b\xf8\xc6\xca\x0c\xff\x00\xab\xd3\xc3\x63\xfd\
\xe6\x6f\xf0\xaf\xab\x76\x0e\xe3\x35\xf2\x1f\xed\x39\x37\xda\x3e\
\x2c\x9b\x65\x23\x2b\x65\x6f\x08\xc7\xb9\x63\xff\x00\xb3\x55\xd3\
\x7a\x98\xd7\x8d\xa0\xac\x7d\x0f\xa4\x69\xc5\x34\x5d\x3d\x31\x82\
\x2d\xe3\x04\x0f\xf7\x45\x3a\x7d\x2d\x1f\x87\x45\x6f\xa8\xae\xa2\
\x2b\x25\x5b\x78\x91\x57\x85\x45\x18\xff\x00\x80\x8a\x8e\x4b\x20\
\x4f\x4a\x57\x2b\x93\x44\x71\x17\x3e\x18\xb6\x9c\x9c\xc4\x50\xfa\
\xad\x64\x5d\xf8\x33\x20\xf9\x72\x60\xf5\xc3\x8a\xf4\x59\x2c\xbd\
\xaa\xb4\x96\x5e\xd5\x49\xdc\xcd\xd3\xd4\xf0\x8f\x88\xda\x24\xba\
\x3f\x86\x2f\x67\x96\x30\x57\xe5\x8c\x30\xe7\x92\x40\xae\x27\xc1\
\x9e\x1f\x8f\x5a\xd2\xa7\xb8\x90\xba\xb2\xcd\xb1\x4a\xfb\x00\x7f\
\xad\x7a\x57\xed\x29\x79\xfd\x9f\xe1\x2d\x3e\xdd\x5b\x6b\x5c\xde\
\x02\x47\xaa\xa2\x12\x7f\x52\xb5\x63\xe0\xa6\x81\x14\xbf\x0e\x2c\
\xa5\x9a\x20\xcd\x73\x2c\xb3\x12\x47\x55\xdd\x85\xfd\x16\xb4\x4d\
\xda\xe7\x33\x85\xe7\x64\x79\xbd\xe7\x83\xee\xe0\x62\xd0\x38\x94\
\x0e\x80\x70\xd5\x59\x35\x5d\x4f\x49\x70\x1c\xb8\x5e\x9b\x65\x19\
\x06\xbd\xd2\xf7\xc1\xf1\x4a\x09\x89\x8a\x1f\x46\xe6\xb9\xbd\x4f\
\xc2\xd3\xc5\x1b\x2c\x90\x89\x53\xe9\x90\x69\xf3\x5c\x97\x07\x1d\
\x8e\x1a\xcf\xc6\x51\x48\x55\x6e\x63\x31\xb1\x18\xdc\x9c\x83\x5b\
\x96\xd7\xb6\xf7\x88\x1a\x09\x56\x40\x7d\x0f\x23\xf0\xac\xfd\x47\
\xc1\xb6\xd2\x12\x63\x0d\x6e\xfe\x8b\xc8\x3f\x85\x73\xd7\x7a\x06\
\xa3\xa6\x37\x99\x10\x67\x51\xce\xf8\x8d\x3d\x19\x3a\xa3\xb8\x3c\
\x1c\x7f\x3a\x4a\xe3\x6c\xfc\x59\x77\x6a\xc1\x2e\x13\xcf\x51\xc6\
\x48\xc3\x57\x47\x61\xaf\x59\xea\x38\x09\x20\x47\xff\x00\x9e\x6f\
\xc1\xa4\xca\x52\xee\x5f\xa2\x97\x1c\x64\x63\x06\xa3\xba\xb9\x8a\
\xce\xda\x59\xe5\x60\x91\x46\xa5\x98\xfb\x0f\xea\x78\x14\x0c\xc5\
\xd7\xaf\x3e\xd3\xa8\x58\x69\x28\x41\x33\xb8\x92\x50\x3b\x20\x39\
\xc1\xfa\xe0\xfe\x95\xd0\x07\xef\xeb\x5c\x37\x81\xe4\x93\x5d\xd6\
\xf5\x2d\x66\x61\x80\x3f\x74\x9e\xc4\xfa\x7d\x06\x2b\xb6\xa0\x09\
\xd6\x4a\x99\x5f\x22\xa9\xee\xa7\xab\xfa\xd0\x05\xb3\x28\x8d\x4b\
\x31\x01\x40\xc9\x27\xb0\xaa\xba\x4d\xd1\xd4\x1a\x5b\xbe\x44\x4c\
\xdb\x21\x07\xfb\x83\xbf\xe2\x6b\x9e\xf1\x26\xaa\xd7\x37\x10\x68\
\xf6\xad\x99\x25\x60\x24\x61\xd8\x7a\x7f\x53\x5d\x35\xac\x29\x69\
\x6f\x1c\x09\xc2\xc6\xa1\x47\xe1\x40\x1a\x11\xb9\xef\x53\x24\x9e\
\xf5\x49\x5f\x3d\x6a\x54\x7a\x40\x5f\x59\x2a\x55\x7a\xa2\x92\x73\
\x52\x35\xc2\xa1\x45\x27\xef\x1d\xaa\x3f\x0f\xe9\x45\x80\xbe\xaf\
\xc5\x48\x1b\x8a\xa8\xaf\x52\x24\x84\x11\x52\x05\xc5\x72\x2a\x64\
\x71\x8e\x2a\xa2\xc9\x9a\x91\x5f\x06\x82\x93\x2e\x23\xee\xe2\xa5\
\x47\xc5\x53\x47\xfc\xea\x64\x7e\x68\x2d\x16\xc3\x67\x9a\x7a\x37\
\x4a\xac\xaf\x52\xab\x50\x32\xc8\x6d\xd4\xb5\x12\xb7\x71\x4f\x56\
\xcd\x22\x87\x51\x45\x15\x20\x14\x51\x45\x00\x14\x51\x45\x00\x14\
\x51\x45\x00\x14\x51\x45\x00\x14\x51\x45\x00\x14\x51\x45\x00\x14\
\x51\x45\x00\x14\x51\x45\x00\x14\x51\x45\x00\x14\x51\x45\x00\x14\
\x51\x45\x00\x14\x51\x45\x00\x14\x51\x45\x00\x14\x51\x45\x00\x14\
\x51\x45\x00\x14\x51\x45\x00\x14\x51\x45\x00\x14\x51\x45\x00\x14\
\x51\x45\x00\x14\x51\x45\x00\x14\x51\x45\x00\x14\x51\x45\x00\x14\
\x51\x45\x00\x14\x51\x41\x38\xa6\x01\x51\xbc\x98\x14\x8f\x2d\x57\
\x92\x60\x29\xa1\x5e\xc2\xc9\x25\x55\x92\x6a\x6c\xb3\x55\x57\x97\
\x14\xcc\x9b\x1c\xf2\xe7\x26\xaa\xcb\x2e\x3a\x53\x65\x9b\x19\xaa\
\x92\xcd\xc5\x59\x23\xe6\x9b\x15\x46\x69\x72\x7a\xd2\x49\x30\x35\
\x5a\x49\x82\xf2\x68\x01\x64\x98\xfa\xd7\x33\xa4\x6a\xe4\x6b\x9a\
\xc6\x91\x21\xc4\x90\x38\xb9\x87\x3d\xe1\x90\x67\xf4\x6d\xdf\x98\
\xad\xb6\x62\xc7\x9c\xd7\x9c\x7c\x48\xd4\x0f\x84\x7c\x59\xe1\xef\
\x11\x0c\x8b\x66\x2d\x65\x75\x8e\xe8\xc7\x70\xfe\xa7\xfe\x03\x40\
\x6c\x7a\x31\xe4\xd4\x57\x17\x30\xd9\x44\xd2\xcc\xe2\x34\x1d\xc9\
\xfd\x2b\x33\x54\xf1\x35\xbe\x9f\x1e\x21\x61\x71\x2b\x0c\xa8\x53\
\xc6\x3a\x83\xf4\xae\x7e\xda\xd3\x51\xf1\x55\xd9\x23\x2e\xa0\xf2\
\xcd\xc2\x20\xa7\x62\x5b\x2c\x6a\xbe\x29\x9a\xed\x9a\x2b\x35\x68\
\xd0\xf1\xbb\xf8\x9b\xfc\x29\x91\xf8\x26\xf2\xff\x00\x4a\xbe\xb9\
\xba\x26\x04\x16\xf2\x38\x07\x97\x6c\x2b\x1a\xee\xbc\x39\xe0\xab\
\x6d\x2c\x07\x29\xe7\x4f\xc7\xce\xdf\xd3\xd2\xbb\x08\x74\x61\x73\
\x6f\x24\x2c\x30\xb2\x29\x43\x9f\x42\x30\x69\x73\x58\x39\x5b\x3e\
\x74\xfd\x9b\x25\x4b\xaf\x10\xea\xb6\xcd\xf7\x9a\xd1\x1c\x7e\x0e\
\x01\xfe\x66\xbb\x7f\xda\x33\x46\x29\xe0\x4b\x4b\xc0\xb9\xfb\x3d\
\xea\xab\x7b\x07\x56\x07\xf5\x00\x57\x98\x7e\xcf\x17\xcd\xa2\xfc\
\x64\x82\xc2\x7f\x95\xa7\x5b\x8b\x26\x5f\xf6\xd7\x27\xf9\xa1\xaf\
\xa3\x7e\x34\x68\x6d\xae\xfc\x2e\xf1\x0d\xb4\x49\xba\x54\xb6\x37\
\x31\x8f\xf6\xa3\x60\xff\x00\xfb\x29\xa4\xde\xa8\xa5\x1d\x18\xff\
\x00\x84\xba\xac\x7e\x27\xf8\x7d\xa2\x5f\x93\xba\x43\x00\x86\x53\
\x9e\x43\xa7\xc8\x73\xf9\x67\xf1\xae\xcd\x50\x2f\x03\x8a\xf0\x1f\
\xd9\x1f\xc4\xdf\x6e\xd1\xb5\xbd\x0d\xdc\x17\xb6\x94\x5e\x45\xeb\
\xb5\xc6\xd6\xc7\xe2\xa3\xfe\xfa\xaf\xa2\x62\xb5\x27\x9a\x89\x6e\
\x6f\x0d\x52\x3e\x53\xfd\xa6\x04\x9a\x4f\xc4\x7d\x3e\xf9\x41\x46\
\x96\xce\x29\x11\xbd\xe3\x66\x5a\xfa\x9b\x48\x29\xaa\x58\x5a\xde\
\x27\x31\xdc\xc2\x93\xa9\xf5\x0c\xa1\x87\xf3\xaf\x03\xfd\xb1\x74\
\x12\x9a\x5f\x86\xf5\x84\x5c\x84\x9a\x4b\x39\x0f\xb3\x2e\xf5\xfd\
\x55\xab\xd5\x7f\x67\x3d\x68\x78\x97\xe1\x07\x87\xe7\x66\xdf\x35\
\xb4\x6d\x65\x21\x27\xbc\x64\xa8\xcf\xe0\x17\xf3\x14\xe5\xb5\xc5\
\x15\xef\x1d\x66\xbd\x01\x87\xc3\x9a\xac\x8a\x39\x4b\x39\xdb\xf1\
\x11\xb1\xaf\x9e\xbf\x63\x69\x96\xe3\xc4\x1e\x24\x84\x9c\xb1\xb3\
\x8a\x4f\xc0\x49\x8f\xeb\x5f\x52\x5f\xe9\xc2\xfb\x4c\xbc\xb5\x1f\
\xf2\xde\x09\x22\x04\xff\x00\xb4\x85\x7f\xad\x7c\x73\xfb\x1c\xea\
\x86\xc3\xe2\xd5\xe5\x83\x8c\x7d\xa7\x4e\x9a\x32\xa7\xb9\x8d\xd5\
\xb1\xfc\xff\x00\x2a\x49\xe8\x69\x25\x6a\x91\x3e\xd1\x8a\xdc\x01\
\xd2\xac\x2c\x41\x47\x5a\x7a\xfa\x52\x56\x07\x67\x2a\x3c\x67\xf6\
\xb2\xb0\x37\x9f\x08\xe5\xb9\x00\x7f\xa1\xdf\x5b\xce\x4f\xa0\xc9\
\x53\xff\x00\xa1\x0a\xe5\xff\x00\x62\xed\x5c\x5c\xe8\x1e\x26\xd3\
\x8b\x65\xa1\xba\x8a\x70\x3d\x9d\x36\x9f\xd5\x6b\xd6\xfe\x33\x68\
\x4d\xe2\x5f\x85\x5e\x29\xd3\xd5\x77\x49\x25\x84\x8f\x10\xf5\x74\
\x1b\xd7\xf5\x51\x5f\x2e\xfe\xc6\x7e\x27\x5b\x2f\x89\x97\xba\x6b\
\xbe\x13\x54\xb0\x6d\x8b\xea\xe8\x43\x8f\xc7\x6e\xfa\xd5\x7c\x36\
\x39\xe7\xee\xd6\x8b\x3e\xd5\xc7\x15\xe6\x5f\xb4\x95\xa7\xda\xbe\
\x0c\xf8\x84\xe0\xfe\xe1\x62\xb8\xff\x00\xbe\x24\x56\xaf\x4d\xae\
\x4f\xe2\xb6\x99\xfd\xb5\xf0\xcf\xc5\x16\x20\x65\xa5\xd3\x67\xda\
\x3d\x48\x42\xc0\x7e\x62\xb3\x5b\xa3\xa2\x7f\x03\x39\xaf\xd9\x9e\
\xff\x00\xed\xff\x00\x06\x74\x1c\x31\x3e\x41\x9a\xdc\x7d\x16\x56\
\xe3\xf5\xae\xcb\xc7\xfa\x68\xd6\x3c\x0b\xe2\x0b\x22\x37\x19\xec\
\x27\x40\x3d\xf6\x12\x3f\x50\x2b\xc8\x3f\x62\xfd\x68\x6a\x3f\x0c\
\x75\x0b\x32\xc3\x7d\x9e\xa2\xf8\x1e\x82\x44\x46\xfe\x7b\xab\xdf\
\x59\x04\x80\xa3\x0d\xca\xdf\x29\x53\xe9\x54\xf4\x91\x11\xd6\x99\
\xf2\x47\xec\x67\xac\x18\xfc\x63\xae\x58\x3b\x6d\xfb\x4e\x9e\x92\
\x85\x3d\x0b\x23\xff\x00\x83\x9a\xfa\xe3\x18\xaf\x86\xfe\x04\x5c\
\x37\x83\x7f\x68\xf8\xb4\xa9\x5b\x6f\xfa\x5d\xe6\x98\xdb\xb8\xe7\
\x0d\xb7\xf5\x41\xf9\x8a\xfb\x93\x39\xa7\x3d\xee\x67\x41\xfb\xb6\
\xec\x14\x51\x45\x66\x74\x85\x7c\x8d\xfb\x51\xdc\x1d\x4b\xe3\x26\
\x85\xa7\x21\xc9\x4b\x5b\x68\xb0\x3d\x5e\x66\x27\xf9\x8a\xfa\xe4\
\xf0\x09\xf4\xaf\x8e\x7e\x22\xca\x35\xff\x00\xda\xf2\xc2\xcd\x41\
\x78\xe2\xd4\x2c\x60\x61\xec\x8a\xac\xc3\xf2\xcd\x5c\x0e\x7a\xdf\
\x0d\xbb\x9f\x63\x04\x11\xfc\x8a\x30\x07\x03\xdb\xb7\xf4\xa2\x82\
\x72\x73\xeb\x45\x41\xd0\x15\xf2\x17\xed\x87\xa8\x06\xf1\xfe\x97\
\x6e\xbc\x98\x74\xc0\x7f\x16\x91\x8f\xf8\x57\xd7\xb5\xf0\xef\xed\
\x53\xa8\x1b\xef\x8d\xd7\x96\xc9\xc9\x8a\xde\xd6\xdc\x01\xfd\xe2\
\x33\xfc\xda\xb4\x86\xe7\x35\x77\x68\x9f\x62\xf8\x0e\xdb\xec\x7e\
\x07\xf0\xfc\x00\x6d\xf2\xf4\xfb\x75\xc7\xbf\x96\xb9\xfe\x75\xbb\
\x51\x5a\xdb\x2d\x95\xa4\x16\xeb\xf7\x62\x8d\x63\x1f\x40\x00\xfe\
\x95\x2d\x43\xdc\xe8\x8e\x89\x05\x7c\x5f\xf1\xc2\x71\xa8\x7e\xd0\
\xf3\xda\x83\x91\xf6\xab\x18\x07\x3e\xd1\xe7\xf5\x26\xbe\xd0\xce\
\x2b\xe2\x2f\x12\xcd\xfd\xb7\xfb\x55\xbc\x19\xdd\xbb\xc4\x11\x43\
\xff\x00\x7c\x15\x1f\xfb\x2d\x69\x4f\xa9\xcf\x88\xd6\x31\x47\xdb\
\xa4\x00\xc4\x0e\xdc\x52\x62\x94\x9c\x92\x79\x19\x27\xad\x15\x91\
\xd2\x86\xb4\x21\x81\xa8\x1e\xd7\x20\xe0\x55\x9a\x01\xc5\x01\x6b\
\x9f\x2a\x7e\xd7\x9a\xa0\x87\x5b\xf0\xf6\x9c\xad\xcc\x56\xd2\xdc\
\xb0\xf4\x2c\xc0\x0f\xcc\x2d\x7b\x57\xc3\x9d\x13\xfb\x27\xe1\xef\
\x87\x2d\x71\x82\x96\x30\xb3\x0f\x76\x5d\xc4\x7e\x6c\x6b\xe6\x8f\
\xda\x2e\xf1\xbc\x57\xf1\xf1\xf4\x98\x58\x92\x86\xd7\x4d\x4d\xbf\
\xde\x6c\x67\xf2\x32\x7e\x95\xf6\x84\x76\x51\xc1\x0c\x71\x22\x80\
\x88\xa1\x02\xf6\x00\x0c\x7f\x4a\xd5\xbb\x45\x1c\x51\x4a\x52\x93\
\x39\xf9\x6d\x3d\x6a\xac\xb6\x9c\x63\x1d\x6b\xa2\x96\xdb\x39\xe3\
\x3e\xd5\x52\x5b\x5e\x3a\x54\xa6\x68\xe0\x72\x57\xfe\x1e\xb6\xba\
\x05\x9a\x3d\xad\xfd\xe5\xe2\xb9\x8d\x47\xc2\x52\xc0\x0b\xc4\x3c\
\xc4\x1f\xdd\xeb\x5e\x93\x25\xb6\x4f\xa9\xfd\x2a\xa4\xb6\xb9\xc9\
\xf4\xe8\x6a\xee\x63\x28\x23\xc5\xb5\x4f\x0e\x41\x72\x48\x9e\x00\
\x5f\xfb\xc0\x61\xbe\xb5\xca\xdf\xf8\x42\x78\x06\xfb\x56\xf3\x94\
\x64\xed\x3c\x37\xd2\xbe\x80\xbf\xd2\x21\xbb\x04\x49\x18\x2d\xd8\
\x8e\xb5\xcb\x6a\x5e\x14\x92\x2f\x9a\x20\x5c\x73\xf5\x15\xa2\x91\
\xcf\x28\x76\x3c\x7a\xcf\xc4\x17\xda\x43\xf9\x52\x82\xe8\x3f\xe5\
\x9c\x83\x91\xf4\x35\x97\xf1\x0b\xc7\x11\xdd\xd8\x45\xa7\xda\xee\
\x46\x93\xe7\x9c\x1e\xc0\x63\x0b\xf9\xd7\x79\xe3\x05\xb3\xd2\x74\
\x7b\xab\xbd\x42\x30\x62\x89\x72\x0f\x46\x27\x1c\x01\xef\x9a\xf0\
\xcf\x0e\xe9\xd7\x5e\x2b\xd7\x24\x74\x8c\xca\x23\xfd\xfc\xb8\xfe\
\x11\x9c\x01\xf9\xe2\x9a\x57\x32\x7a\x68\x7b\x57\x82\xf4\x8f\xec\
\x7f\x0e\x5a\x44\xc3\x12\x3a\x89\x64\xcf\x5d\xcd\xfe\x03\x15\xb3\
\x5c\x6e\x9b\xe2\x6b\x8b\x06\x11\x5c\x83\x32\x28\xc7\x23\x0c\xa2\
\xba\xab\x1b\xf8\x35\x18\x84\x90\x48\x1f\x8c\x95\xee\x28\xb1\x49\
\xa2\xc5\x67\x78\x87\x5a\x8f\x42\xd3\x5e\x76\x20\xca\xd9\x58\xd0\
\xf5\x2d\xff\x00\xd6\xeb\x5a\x12\xc8\x96\xf1\xbc\x92\xb0\x44\x40\
\x49\x73\xd0\x0e\xe6\xbc\x8f\x57\xd6\x66\xf1\x97\x88\x62\x8a\xdc\
\x13\x11\x7f\x2e\x08\xfb\x63\x3d\x4f\xe1\xfc\xa8\x1c\xb6\x3a\xdf\
\x02\x59\xc9\x77\x34\xfa\xa4\xf9\x67\x2c\x55\x09\xee\x7f\x88\xff\
\x00\x4a\xed\xd2\x4e\xd5\x43\x4d\xb2\x8f\x4d\xb0\x82\xd6\x2f\xb9\
\x12\x85\xcf\xf7\x8f\xaf\xe7\x56\x41\xc5\x00\x8b\x8a\xde\xf5\x22\
\x49\x54\xe3\x93\xd6\xa6\x56\x19\xa0\x65\xb0\xf8\x5c\x8e\xdc\x92\
\x7b\x55\x3d\x3a\xe0\xea\x37\xb2\xdc\x67\x30\xc5\xfb\xa8\xbd\xcf\
\xf1\x35\x67\x6b\x7a\x89\x8e\x31\x6b\x09\xcc\xb2\xf5\xf6\xf6\xfc\
\x6b\x53\x4f\x80\x59\xda\x47\x0a\xff\x00\x08\xe7\xeb\xde\x80\xdc\
\xd5\x49\x2a\x75\x7c\xd5\x14\x7c\xd4\xc8\xe4\x72\x7f\x4a\x40\x5d\
\x47\xe6\xa6\x0f\x9a\xa6\x8f\xc5\x4a\xb2\x54\x81\x6d\x5a\xa6\x57\
\x04\x55\x45\x7a\x94\x35\x05\x22\xd4\x6d\xd8\xd4\xca\xdc\xd5\x44\
\x7c\x9a\x99\x1e\x82\xee\x5b\x56\xe2\xa5\x56\xaa\xaa\xf5\x2a\xb5\
\x03\x45\x85\x6c\xd3\xaa\x25\x6a\x90\x36\xea\x4c\xa1\x68\xa2\x8a\
\x90\x0a\x28\xa2\x80\x0a\x28\xa2\x80\x0a\x28\xa2\x80\x0a\x28\xa2\
\x80\x0a\x28\xa2\x80\x0a\x28\xa2\x80\x0a\x28\xa2\x80\x0a\x28\xa2\
\x80\x0a\x28\xa2\x80\x0a\x28\xa2\x80\x0a\x28\xa2\x80\x0a\x28\xa2\
\x80\x0a\x28\xa2\x80\x0a\x28\xa2\x80\x0a\x28\xa2\x80\x0a\x28\xa2\
\x80\x0a\x28\xa2\x80\x0a\x28\xa2\x80\x0a\x28\xa2\x80\x0a\x28\xa2\
\x80\x0a\x28\xa2\x80\x0a\x28\xa0\x90\xb4\xc0\x09\xc5\x45\x24\x94\
\x3c\x95\x56\x59\x70\x4d\x35\xa0\x9b\xb0\xb2\x48\x07\x35\x52\x59\
\xb3\x4d\x96\x4c\x55\x67\x93\x19\xa6\x66\xde\xa2\xbb\xf5\xcd\x55\
\x96\x61\x49\x24\xdf\x2d\x51\x9a\x6c\xe4\x53\xb1\x03\xa5\x9b\x3d\
\xea\x85\xdd\xe4\x76\xd1\x6f\x95\xb6\x20\x21\x49\x3d\x06\x48\x51\
\xfc\xc7\xe7\x51\xdd\x5f\xc5\x05\xcc\x10\xbb\xed\x92\x72\xc2\x3c\
\xf4\x24\x02\x48\xfc\xb9\xfc\xeb\x1f\xc5\xf0\x3e\xa5\xe1\xad\x56\
\xda\x16\xdb\x2b\xda\xc8\x23\x6e\xea\xe1\x49\x53\xf8\x10\x0d\x50\
\x1a\xf2\x49\xd7\x1c\x1a\xe6\xbc\x5f\xaa\x36\x99\x6f\xa5\xc8\x1b\
\x6f\x9d\xaa\x5b\x5b\xb1\xf6\x72\xc0\xff\x00\x4a\x93\xc1\xbe\x23\
\x8f\xc5\xde\x15\xd3\x35\x78\xcf\x37\x50\x86\x91\x47\xf0\xbf\xf1\
\x2f\xe0\xc0\x8f\xca\xb9\x7f\x8e\x57\xdf\xd9\xfe\x04\x7b\xa4\x6c\
\x4d\x6b\x79\x6f\x72\x83\xb8\x28\xe0\xe7\xf5\xa0\x1e\x87\x7d\x34\
\x89\x0a\xb3\xc8\xc1\x15\x47\x24\x9e\x3f\xfd\x75\xe6\x7f\x15\xef\
\x47\x89\xbc\x31\x79\x65\x6b\x1f\x99\xe4\xe2\x74\x62\x39\x62\xbe\
\x83\xd3\x19\x1f\x8d\x68\x9d\x5e\xef\xc6\x4d\x13\x5a\xa1\x30\x4e\
\x04\x91\xc4\xbf\x77\x04\x67\x24\xfe\x35\xdc\x78\x6b\xc0\xd0\xd9\
\x85\x96\xe1\x45\xcc\xe7\xae\x7e\xe8\xf6\x14\x3d\x09\xd6\x5a\x1e\
\x51\xf0\x22\x38\xfc\x69\xa6\x49\x05\xcc\xdb\xa5\xd3\xd8\x23\x46\
\x0f\xcc\xf1\x9f\xb8\xd9\xf4\xc7\x15\xf4\x26\x95\xa1\xc7\x6f\x1a\
\x47\x14\x6b\x1c\x63\xa2\xa8\xe9\x5f\x26\xe9\xf7\xef\xf0\x13\xe3\
\xcc\xb6\xb7\x1b\x97\x49\x79\xfc\xb9\x3b\x06\xb5\x90\xe5\x5b\xfe\
\x03\xff\x00\xb2\x9a\xfb\x6e\xde\x28\x82\x23\x44\xc2\x44\x23\x2a\
\xcb\xd1\x87\xa8\xf6\x3c\x1a\x99\x36\x5c\x63\x76\x41\x69\xa7\x2c\
\x4a\x09\x1c\xd5\xd0\x36\x72\xbd\x7a\xd1\x4a\x06\x58\x56\x67\x42\
\x48\xf8\x9f\xc4\x53\x0f\x87\xdf\xb4\x9c\xb3\x37\xc9\x05\xbe\xb4\
\x97\x39\x1c\x7e\xee\x46\x0c\x7f\x47\x22\xbe\xda\x7b\x35\xb9\x8e\
\x58\x66\x51\x24\x6e\x0c\x6e\xbf\xde\x5e\x43\x0f\xc4\x13\x5f\x1d\
\x7e\xd9\x7a\x03\xe9\x3e\x3a\xd2\xb5\x74\xf9\x17\x52\xb2\xd8\x5c\
\x0e\x92\xc4\x76\xe7\xfe\xf9\x29\x5f\x57\x7c\x2b\xf1\x12\x78\xd3\
\xe1\xf7\x87\xf5\xa4\x60\xcd\x77\x67\x19\x93\x1d\xa4\x03\x6b\x83\
\xff\x00\x02\x06\xae\x4f\x66\x67\x15\xab\x47\xca\x1f\x09\xef\x5f\
\xe1\x47\xed\x14\x74\x5b\xb6\xd9\x6e\xf7\x72\xe9\x72\x6e\xe0\x15\
\x73\xfb\xa6\x3e\xd9\x11\x9f\xc6\xbe\xe1\x8e\x13\xc0\x3c\x11\xd4\
\xff\x00\x9f\xc2\xbe\x30\xfd\xb3\xbc\x29\x37\x86\xbc\x77\xa3\xf8\
\xaa\xcc\x79\x71\xea\x31\x04\x69\x57\xb5\xc4\x38\xc1\x3e\xfb\x4a\
\x9f\xc0\xfa\x57\xd6\xbf\x0b\xfc\x5d\x07\xc4\x1f\x01\xe8\x7e\x20\
\x81\x81\x5b\xdb\x65\x79\x14\x7f\x0c\x83\x2b\x22\xfe\x0c\xa6\xa6\
\x5d\xcd\x29\xad\x5a\x67\x2b\xfb\x48\x78\x5d\xbc\x49\xf0\x6b\xc4\
\x09\x14\x7b\xa7\xb2\x55\xbe\x8f\x03\x9c\xc6\xc0\x9c\x7f\xc0\x77\
\x57\x99\xfe\xc3\x3e\x2c\x4b\xab\x0f\x12\x78\x71\xdf\x2d\x14\x89\
\xa8\x42\xa7\xd1\xbe\x49\x3f\x55\x4f\xce\xbe\xa1\x9e\xca\x1b\xfb\
\x59\xad\xae\x50\x49\x6f\x34\x6d\x13\xa3\x7f\x12\x30\xc1\xfd\x33\
\x5f\x9f\xdf\x0b\xb5\x79\x7e\x02\xfe\xd2\x8b\xa6\xdf\x39\x8a\xd2\
\x0b\xe9\x34\xab\x92\xc7\x00\xc1\x21\xc2\x39\xf6\xe6\x36\xfc\x29\
\x47\xde\x8d\x8a\x92\xe5\x9a\x91\xfa\x1f\x1a\x85\x2b\x9e\x83\xad\
\x7c\x11\xe1\x9b\xaf\xf8\x55\xbf\xb5\x8a\xdb\xce\x7c\x9b\x68\xb5\
\xb9\x6d\x9b\x3c\x01\x14\xe4\x85\xfc\x31\x22\x1f\xc2\xbe\xf8\xc0\
\xc0\xe7\xfc\x2b\xe1\xdf\xdb\x87\xc2\x32\xf8\x7b\xe2\x2e\x95\xe2\
\x8b\x55\x31\x45\xaa\x40\x11\xe5\x1d\x16\xe2\x1e\x87\xea\x57\x69\
\xfc\x0d\x28\x76\x35\xad\x1d\x14\x91\xf7\x16\x31\xf8\x51\x5c\x87\
\xc2\x4f\x1c\xc5\xf1\x1f\xe1\xde\x87\xaf\xc4\xe1\x9e\xea\xdd\x7c\
\xf1\xdd\x66\x51\xb6\x45\x3f\x46\x07\xf3\xae\xbe\xa1\xab\x1b\xa7\
\x75\x71\xb2\x46\xb3\xc6\xc8\xea\x1d\x18\x6d\x65\x3d\x08\xf4\xaf\
\xce\x68\x6e\xa5\xf8\x25\xf1\xe8\x79\x9b\x92\x3d\x17\x57\x28\xdc\
\x63\x7d\xb9\x63\xcf\xe3\x1b\x67\xf2\xaf\xd1\xba\xf8\xa3\xf6\xe7\
\xf0\x23\xe9\x9e\x28\xd2\x7c\x59\x0c\x67\xec\xda\x94\x5f\x64\xb9\
\x60\x3a\x4d\x18\xca\xe7\xfd\xe4\xff\x00\xd0\x6b\x48\xb5\xb1\x85\
\x65\xa7\x32\x3e\xd4\x8e\x44\x99\x16\x48\x98\x3c\x6c\x03\x23\x03\
\x9c\x82\x01\x07\xf1\x14\x93\x42\x97\x31\x3c\x12\x2e\xe8\xe4\x52\
\x8c\x0f\x70\x78\x35\xe4\x7f\xb2\xa7\xc4\x25\xf1\xff\x00\xc2\x1d\
\x30\x4b\x28\x93\x51\xd2\x7f\xe2\x5f\x72\x09\xf9\x8e\xc1\xf2\x31\
\xfa\xae\x3f\x5a\xf6\x0f\xc7\x15\x9b\x56\x66\xd1\x6a\x51\x3e\x4c\
\xfd\x8f\x6f\x9f\xc3\x5f\x10\xbc\x77\xe1\x19\xce\x24\x88\x96\x50\
\xdd\xda\x19\x5a\x36\xc0\xff\x00\x75\xc1\xaf\xac\xc8\xc9\x35\xf1\
\xdf\x88\x67\xff\x00\x85\x4f\xfb\x6b\xd9\x5f\x3e\x62\xd3\xb5\xd7\
\x46\x66\x3c\x0c\x5c\x27\x96\xdf\x94\x88\x0d\x7d\x89\x8c\x70\x7a\
\x8a\xa9\x2d\x53\x33\xa7\xa2\x71\x3e\x0b\xf8\xd5\x2b\x7c\x3a\xfd\
\xa7\xa7\xd4\x94\x18\xe3\x5d\x42\xd7\x54\x5f\x75\x6d\x85\xbf\x32\
\xaf\xf9\xd7\xde\x61\xd6\x40\x1d\x08\x28\x70\x41\x1d\x08\x3d\x08\
\xfc\x0d\x7c\x69\xfb\x79\x78\x65\xad\xb5\xef\x0d\x78\x81\x06\x23\
\xbb\xb6\x92\xc6\x56\x03\xa3\xa1\xdc\xb9\xf7\x21\xdb\xfe\xf9\xaf\
\xa5\xbe\x09\xf8\x9f\xfe\x13\x0f\x84\xbe\x14\xd5\x4b\x6f\x92\x6b\
\x08\xd2\x43\xfe\xda\x0d\x8d\xf8\xe5\x69\xcb\x54\x45\x35\xcb\x29\
\x23\xb6\xa2\x8c\xfb\x51\xf9\x56\x67\x45\xc5\x0b\x92\x3d\xc8\xfe\
\x75\xf1\x6f\x81\x64\xff\x00\x84\x97\xf6\xce\xbb\x9c\xfc\xeb\x06\
\xa9\x79\x21\x3e\xd1\xc6\xc8\x3f\x2c\x0a\xfb\x48\x13\x91\xdb\x9c\
\xd7\xc5\x3f\xb2\x14\x47\xc4\xdf\x1d\xbc\x55\xae\x1e\x56\x18\x6e\
\x66\x0f\xd8\xb4\xd3\xe3\xf9\x66\xae\x3a\x26\x63\x53\x57\x14\x7d\
\xa8\x3a\x0a\x5a\x3b\xe3\x14\x63\x9c\x54\x1b\x86\x33\x5f\x03\x7c\
\x45\x97\xfe\x12\x7f\xda\x9a\xee\xdc\x1d\xeb\x2e\xbf\x6f\x6b\xf4\
\x08\xd1\xa3\x7f\xe8\x26\xbe\xf9\x5e\x18\x67\x81\x91\x9a\xfc\xf8\
\xf8\x47\x39\xf1\xaf\xed\x51\x65\x76\x7e\x75\x9b\x5a\xba\xbe\x6c\
\xfa\x29\x91\xf3\xf9\xe3\xf2\xad\x61\xd4\xe5\xad\xaf\x2a\xf3\x3f\
\x42\x1f\xef\x1f\xa9\xa4\xa0\x74\xf7\xef\x45\x64\x75\x00\xea\xa0\
\xfa\x8f\xe7\x5f\x09\x7c\x3b\x9c\xf8\x97\xf6\xae\x86\x5f\xbd\xbf\
\x5c\xba\xb8\xcf\xfb\x86\x46\xcf\xe9\x5f\x74\x5d\x4c\x2d\x6d\xa5\
\x9c\x9c\x08\x91\xa4\x24\xf6\xc0\x27\xfa\x57\xc1\xff\x00\xb2\x36\
\xed\x7f\xe3\xe4\x57\xdf\x7b\xca\xb6\xbd\xbc\x3f\xf0\x31\x8f\xe7\
\x2d\x69\x0d\x9b\x39\xea\xeb\x28\xa3\xef\x40\x78\x02\x96\x8e\xa7\
\xd6\x8a\xcd\xee\x74\xf4\x0a\x09\x0a\xbb\x89\x01\x47\x24\x9e\xdd\
\xc9\xfd\x28\xae\x47\xe2\xdf\x89\x97\xc1\xdf\x0c\xbc\x4d\xac\x16\
\xda\xf6\xd6\x32\xf9\x64\xff\x00\xcf\x46\x1b\x53\xff\x00\x1e\x61\
\x4d\x6e\x4b\x76\x4c\xf9\x0b\xe1\x8c\xa7\xe2\x37\xed\x41\x05\xf1\
\xf9\xe3\x93\x55\xb8\xd4\x1b\x3c\x80\x91\xee\x65\xfe\x4a\x3f\x2a\
\xfb\xac\x64\x75\xea\x7a\xd7\xc6\x5f\xb0\xb6\x80\x6f\x7c\x59\xe2\
\x0d\x6a\x45\xdc\x96\x36\x69\x6a\x8c\xdd\x37\xca\xd9\x6f\xc7\x6c\
\x7f\xf8\xf5\x7d\x9b\x57\x3d\xec\x61\x45\x68\xd8\x9b\x41\xe3\x19\
\xa8\xa4\x83\x35\x35\x15\x06\xf6\x33\xa5\xb5\xf9\x48\xc6\x6a\x9c\
\x96\xc4\xe7\x8a\xdc\x75\x0c\x3d\xea\xb4\x90\x67\xb5\x52\x64\x38\
\x98\x4f\x6e\x7b\x8c\xfa\x9a\xa7\x25\xb9\x07\x81\x9e\x7a\xd6\xfc\
\xd6\xf9\x07\x39\xc7\xad\x78\xdf\xed\x15\xf1\x5a\x2f\x86\x7e\x15\
\x36\xf6\xb3\x01\xaf\x6a\x2a\xd1\x5b\x28\xeb\x12\xff\x00\x14\xa7\
\xd3\x19\xe3\xd4\xd5\x5e\xe6\x13\x4a\x3a\xb3\xc3\x7f\x68\xef\x88\
\x51\xeb\xde\x28\x1a\x1e\x9a\xc2\x4b\x3d\x3d\xb6\xcc\xf1\xf3\xe7\
\x4d\xdc\x7b\xe3\x81\xf5\x27\xd2\xbb\xff\x00\x86\xdf\x0c\x6e\x7c\
\x25\xe1\x48\x65\xbb\x8b\x6e\xa1\x7a\x16\x79\xfd\x53\x23\xe5\x5f\
\xc0\x7f\x5a\xf3\x9f\xd9\x9f\xe1\x74\x9e\x38\xf1\x1b\x78\x8f\x51\
\x8d\x9f\x4b\xd3\xa4\x0c\xbe\x67\x22\xe2\xe3\xae\x3d\xc2\xf0\x4f\
\xbe\x2b\xeb\x89\x60\x0c\x48\x2b\xc1\x1d\x0d\x6d\x7b\x68\x72\xa8\
\x73\x5e\x47\x8c\xeb\x1e\x1d\x86\xfb\x3e\x6c\x7b\x64\xe8\x24\x51\
\xc8\xf7\xae\x46\xf3\x48\xbd\xd0\xa5\xf3\xa2\x62\x51\x4f\x12\xa7\
\xf5\x15\xee\xfa\x9f\x87\xe3\xb8\x0c\xd1\xae\x1b\xfb\xa7\xbd\x79\
\x6f\xc5\x0d\x72\x2f\x01\xe8\xb2\x4e\xfb\x4d\xd4\xff\x00\xbb\xb7\
\x85\xbf\x89\x8f\x7c\x7a\x01\xcd\x24\xee\x4b\x8d\x8f\x36\xf1\xaf\
\x8f\xa6\xbd\xb2\x5d\x29\x08\x57\xe3\xcf\x91\x0f\xde\x5f\xee\xfe\
\x7d\x6b\x67\xe1\x4f\x87\x8a\x44\xda\xc4\xeb\xf3\x3e\x52\x00\x7d\
\x3b\xb7\xf3\x15\xe6\x9e\x12\xd0\x6f\x3c\x65\xab\x34\x51\xfc\xdc\
\x19\x66\x73\xd0\x0c\xe4\xfe\x27\x9a\xf5\x4d\x33\x55\xba\xf0\xe4\
\x82\xd6\x48\xcf\xd9\xe3\xf9\x7c\xa2\x39\x18\xf4\x3e\x94\xde\x86\
\x3e\xa7\x73\x45\x41\x61\xa8\x41\xa8\xc3\xe6\x42\xfb\x86\x39\x5e\
\xe2\xac\x10\x40\xcd\x06\xab\x50\x07\x15\x15\xe5\xf2\xd8\xdb\x34\
\xce\x7a\x74\x1e\xa7\xd2\xa4\xce\x17\x27\x8c\x03\xc9\xf4\xae\x2f\
\x57\xd6\x0e\xad\xa8\x08\xa1\x3b\xa0\x56\xda\x83\xfb\xcd\x9e\xb4\
\x09\xbb\x1b\x9a\x08\x7b\xfb\xc7\xba\x93\xe6\x0a\x72\x33\xeb\xdb\
\xf2\xae\xa1\x5f\x8c\xd6\x4e\x9b\x6a\x2c\x2c\xe3\x88\x1f\x9b\x1f\
\x37\xb9\xef\xfa\xd5\xf4\x6c\x8e\xb4\x02\x2d\xab\xe6\xa5\x49\x31\
\xc5\x54\x56\x35\x2a\x91\x40\xcb\xd1\xbe\x6a\x65\x6c\xd5\x14\x6e\
\x6a\xc4\x72\x52\x02\xe2\x3f\x35\x32\x36\x6a\xa2\x3e\x79\x15\x2a\
\x36\x29\x01\x6d\x58\x54\xc8\xe2\xaa\x2b\x54\x8a\xd4\x8a\x4c\xb8\
\x8f\x53\x23\x71\x55\x51\xf3\x52\xa3\x50\x5d\xcb\x6a\x72\x2a\x48\
\xce\x2a\xb2\x3e\x2a\x65\x6c\xd2\x1a\xd0\xb0\x0e\x68\xa6\xa3\x53\
\x81\xcd\x22\x82\x8a\x28\xa4\x01\x45\x14\x50\x01\x45\x14\x50\x01\
\x45\x14\x50\x01\x45\x14\x50\x01\x45\x14\x50\x01\x45\x14\x50\x01\
\x45\x14\x50\x01\x45\x14\x50\x01\x45\x14\x50\x01\x45\x14\x50\x01\
\x45\x14\x50\x01\x45\x14\x50\x01\x45\x14\x50\x01\x45\x14\x50\x01\
\x45\x14\x50\x01\x45\x14\x50\x01\x45\x14\x50\x01\x45\x14\x50\x01\
\x45\x14\x50\x01\x45\x14\x12\x14\x64\xd0\x00\x48\xc6\x6a\x09\x1f\
\x93\xcd\x12\xc9\xd6\xab\x49\x37\x53\x55\x62\x6e\xc4\x92\x52\x2a\
\xac\xd3\x12\x71\x4d\x96\x5c\x93\x55\x64\x93\x1d\xe9\x90\xdd\xc7\
\x4b\x2e\x3d\x2a\xa4\xb3\x60\x1e\x69\x26\x9b\x19\x35\x46\x59\xb2\
\x4d\x34\x89\x1f\x2c\xc4\xd5\x39\x65\xe3\xa8\xa6\xc9\x28\x1c\xe6\
\xb9\x79\x75\xe3\x07\x8f\x3f\xb2\x24\x6c\x2d\xd6\x9f\xf6\xa8\x17\
\xfd\xa8\xe4\xdb\x26\x3f\x07\x53\x4c\x46\x4f\xc5\xbd\x61\xfc\x3d\
\xa1\xe9\xda\xea\x9f\x93\x4c\xd4\xad\xe5\x94\x0e\xf1\x31\x31\xc9\
\xff\x00\x8e\xb9\xae\xc5\x5d\x24\x55\x71\x89\x23\x60\x18\x1e\xa1\
\x94\xff\x00\x88\x35\xcc\x7c\x50\xd2\x3f\xe1\x20\xf8\x79\xe2\x3b\
\x10\x9b\xcc\x96\x32\x32\x81\xd7\x72\x8d\xe3\x1f\xf7\xcd\x70\x7f\
\x08\xfe\x27\x3e\xbd\xf0\xd7\x4d\x89\x4e\xfd\x4a\xd1\x4d\x9c\xee\
\x7a\x8d\x9c\x21\xfa\x95\x23\xf2\xa6\x0d\xd8\xa5\xf0\xb7\xc5\x47\
\xc1\xda\xdf\x8b\xbc\x1f\x38\x2f\x25\x95\xf4\x93\xd9\xa9\x3c\x6c\
\x66\xf9\xbf\x0f\xba\x7f\x1a\xde\xf1\x66\x81\xa8\xf8\xd7\xc2\xfa\
\xde\x14\xbe\x2d\x5d\xd4\xb0\xe3\x72\x82\xc0\x0f\xc5\x45\x79\x6f\
\xc4\x71\x3f\xc3\xff\x00\x8a\xbe\x1f\xf1\x3d\xec\x4e\x2c\x35\x0d\
\xa6\x70\x7a\xba\xa9\xd9\x20\x3e\xfb\x08\x3f\x85\x7d\x8f\xa2\x69\
\x50\x3d\xb4\x46\x15\x47\xb6\x74\x0c\xa1\x3e\xeb\x29\x1d\x47\xb1\
\x06\x8b\xa4\x24\x9b\x3c\x6f\xf6\x52\xd6\xad\xbc\x4d\xe0\x23\x68\
\x14\x0b\xfd\x32\x5f\x22\x4e\xec\x63\x6e\x62\x3f\x96\x47\xfc\x06\
\xbe\x85\xb1\xd3\x15\x57\x38\xc0\xf4\xaf\x8a\xfc\x05\xad\xb7\xec\
\xf5\xfb\x4b\x6a\x3a\x26\xa2\xfe\x4e\x89\x77\x70\x6d\x24\x76\xe1\
\x7c\x99\x08\x78\x24\xfc\x32\x07\xd3\x35\xf7\x3f\xaf\xa7\xe9\xf5\
\xa8\x91\xac\x55\x99\xf3\x8f\xed\x91\xf0\xdc\x6a\xde\x17\xb4\xf1\
\x65\x94\x45\xee\x74\xbf\xdd\x5d\x85\x19\x2f\x6e\xc4\x61\x8f\xfb\
\xad\xff\x00\xa1\x1a\xdd\xfd\x93\x7e\x27\x8f\x1c\xf8\x0b\xfb\x1e\
\xf2\x7f\x33\x56\xd1\x31\x03\x6f\x3f\x34\x90\x1c\xf9\x6f\xf8\x0c\
\xaf\xe0\x2b\xda\x75\x2d\x3a\xdf\x56\xd3\xee\x6c\xae\xe2\x13\xda\
\x5c\xc6\xf0\xcd\x13\x74\x65\x60\x54\x8f\xca\xbe\x05\xb7\xb9\xd4\
\x7f\x65\x8f\x8f\x46\x39\x4c\x92\xe9\xb1\x39\x46\xec\x2e\xac\x64\
\x3c\x1f\xaa\x8f\xfc\x79\x4d\x09\xdd\x0d\xde\xf7\x47\xe8\x18\xf5\
\xef\x52\xc5\x1f\x73\xc9\x35\x57\x48\xbe\xb6\xd5\xac\x2d\xaf\xed\
\x26\x5b\x9b\x4b\x88\xd6\x58\xa5\x43\x90\xea\xc3\x20\x8f\xa8\xfe\
\xb5\xa7\x02\x63\xe6\x3d\xea\x0d\x92\x3c\x3f\xf6\xbf\xf0\x5b\x78\
\x87\xe1\x14\xba\x94\x29\xba\xeb\x44\x9d\x6f\x38\x19\x3e\x51\xf9\
\x24\xfd\x08\x3f\x85\x60\x7e\xc2\xfe\x3a\x1a\xb7\x85\x35\x8f\x0a\
\x4d\x20\xfb\x46\x9d\x3f\xda\xe0\x5c\xf5\x86\x4f\xbc\x07\xb0\x75\
\xff\x00\xc7\xeb\xe9\x0b\xfd\x2a\xdb\x59\xd2\xaf\x34\xfb\xd8\xc4\
\xd6\x97\x70\xbc\x33\x21\xee\x8c\x08\x6f\xd0\xd7\xe7\x6f\x81\x75\
\xbb\xcf\xd9\x8f\xf6\x89\x36\xda\x8b\x38\xb3\xb1\xba\x3a\x7d\xe1\
\xe9\xe6\xda\x48\x46\xd9\x31\xdf\x82\x8f\xf8\x55\xee\xac\x4d\xb9\
\x65\x73\xed\x9f\xda\x43\xe1\xc9\xf8\x8f\xf0\x93\x57\xb1\xb6\x88\
\x49\xa9\x59\x28\xbf\xb3\xee\x4c\x91\x8e\x54\x7f\xbc\xa5\x87\xd4\
\xd7\x8b\x7e\xc1\xbf\x13\x83\xbe\xad\xe0\x6b\xc9\x40\x6c\x9d\x47\
\x4f\x56\x3c\xf6\x12\xa0\xfc\x83\x63\xfd\xef\x5a\xfa\xfa\xd1\xd2\
\x68\x12\x68\xd9\x64\x8d\xc0\x64\x75\xe4\x30\x38\xc1\x1f\x5e\xbf\
\x8d\x7e\x79\xfc\x7f\xf0\xa6\xa3\xfb\x38\x7c\x79\xb3\xf1\x3e\x83\
\x1b\x41\xa7\x5d\xdc\x7f\x69\xd8\x30\xe1\x03\x67\xf7\xb0\x1f\x6c\
\x93\xc7\xf7\x5c\x54\xad\x55\x8b\x9a\xe5\x6a\x48\xfd\x1a\x41\x92\
\x07\x6e\xb5\xf1\x3f\xed\xeb\xf0\xe9\xb4\xdd\x73\x49\xf1\xbd\x9c\
\x64\x41\x78\x82\xc6\xf5\x93\xaa\xcc\xa3\x31\xb9\xfa\xae\x46\x7d\
\x50\x57\xd6\xdf\x0e\x3c\x77\xa6\x7c\x49\xf0\x6e\x9b\xe2\x2d\x2a\
\x40\xf6\xb7\xb1\x2b\xec\xfe\x28\xdf\xf8\xa3\x3e\xe0\xe4\x7e\x5e\
\xb5\x0f\xc4\xff\x00\x01\x58\x7c\x4f\xf0\x2e\xaf\xe1\xab\xfc\x79\
\x57\xb1\x15\x49\x31\xcc\x52\x0e\x51\xc7\xba\xb0\x07\xf3\xa8\x8b\
\xe5\x77\x66\xf2\x8f\x34\x74\x39\x5f\xd9\x9b\xe2\x92\x7c\x55\xf8\
\x55\xa6\x5e\x4d\x20\x7d\x5a\xc1\x45\x8d\xfa\xf7\xf3\x50\x00\x1f\
\xfe\x04\xb8\x6f\xa9\x35\x67\xf6\x8a\xf8\x5f\xff\x00\x0b\x5f\xe1\
\x76\xa5\xa5\x40\x81\xb5\x4b\x7f\xf4\xcb\x06\x3f\xf3\xd9\x07\xdd\
\xff\x00\x81\x0d\xcb\xf8\xd7\xc4\xbf\x00\x3e\x25\xea\x3f\xb3\x6f\
\xc6\x5b\xcd\x0f\xc4\x61\xad\x74\xf9\xa7\xfe\xcf\xd5\x23\x6c\xed\
\x8d\x94\xfc\x93\x8f\x60\x4e\x73\xdd\x58\xd7\xe8\xfc\x77\x69\x3c\
\x49\x2c\x6e\x1e\x37\x50\xca\xe8\x72\x08\xc6\x41\x07\xbf\xaf\xe3\
\x43\x56\x77\x26\x12\xe7\x8f\x2c\x8f\x87\xbf\x62\x4f\x8b\xeb\xe1\
\x7f\x14\x5d\xf8\x1b\x59\x94\xdb\xdb\xea\x52\x17\xb3\xf3\x78\xf2\
\xae\x87\x0d\x19\xcf\x4d\xc0\x7e\x6b\x5f\x74\x16\x1e\xbc\x7a\x57\
\xc2\x1f\xb6\x67\xc0\xe9\xfc\x27\xaf\x37\xc4\x4f\x0d\xc6\xf1\x58\
\xdc\xca\xb2\x5f\x25\xb8\xc3\x5a\xdc\x64\x62\x61\x8e\x81\x8f\x53\
\xd9\xbe\xb5\xec\xdf\xb3\x07\xed\x31\x69\xf1\x5f\x44\x8b\x46\xd6\
\xae\x23\xb7\xf1\x6d\x9a\x04\x75\x63\xb4\x5e\x20\x1f\xeb\x13\xfd\
\xaf\xef\x0f\xf1\xaa\x92\xbe\xa8\x98\x4f\x97\xdc\x67\xd1\x1b\xc7\
\x6a\xe2\xbe\x31\x7c\x3c\xb6\xf8\xab\xf0\xf7\x55\xf0\xfc\xa5\x52\
\x69\x57\xcc\xb5\x99\xbf\xe5\x94\xeb\xcc\x6d\xf4\xcf\x07\xd8\x9a\
\xe9\x9e\xec\x0e\xff\x00\xad\x46\x6e\xc6\x7f\xa9\xa8\xb3\x35\x93\
\x4d\x58\xf8\x17\xf6\x5a\xf8\x8f\x71\xf0\x73\xe3\x0c\xfe\x1f\xd7\
\x83\x58\xd9\xea\x32\x7f\x67\x5e\xc7\x2f\x02\x0b\x85\x6c\x46\xe7\
\xdb\x3f\x2e\x7d\x1b\x35\xfa\x17\xe7\x8e\xb5\xf2\x1f\xed\x7f\xf0\
\x12\x6f\x13\x87\xf1\xc7\x86\xed\xcb\xea\xb0\xa6\x35\x1b\x48\x17\
\xe6\x9e\x30\x3f\xd6\xaf\xfb\x6a\x38\x3e\xa3\x9e\xd5\xd3\x7e\xca\
\xdf\xb4\x34\x7f\x11\xfc\x33\x1e\x81\xac\x5c\xa8\xf1\x46\x9b\x10\
\x42\x64\x38\x37\x71\x01\x81\x20\xf5\x61\xd1\x87\xe3\xde\xb4\x92\
\xe6\xd4\xc2\x9c\xf9\x34\x66\x77\xed\xdb\xe1\x69\x2e\xbc\x33\xa0\
\x78\xbe\xc8\x14\xb9\xd2\x6e\x7e\xcd\x2c\x8a\x39\x54\x90\x83\x1b\
\x7e\x0e\xa3\xfe\xfa\xaf\x77\xf8\x53\xe3\xe8\x7e\x22\x7c\x3a\xd0\
\x7c\x43\x1b\x65\xaf\x2d\x94\xcc\x07\x54\x94\x7c\xb2\x03\xf4\x65\
\x6a\xaf\xe3\x8d\x06\xcf\xc7\x7e\x11\xd5\x74\x0b\xf0\x3e\xcb\xa8\
\x40\xd0\xb3\x1e\x4a\x13\xf7\x5c\x7b\xab\x61\xbf\x0a\xf9\xa3\xf6\
\x44\xf1\x8d\xef\x80\xbc\x57\xe2\x4f\x85\x7a\xfb\x18\x2f\x2d\xee\
\x1e\xe2\xd1\x5c\xe0\x17\x5e\x24\x55\xf6\x65\x0a\xe3\xe8\x69\x35\
\x78\x8f\x9b\x96\x57\x3d\x9f\xf6\xb5\xf0\xa1\xf1\x97\xc1\x6d\x5d\
\xa1\x8f\xcc\xbc\xd2\x99\x75\x28\x40\x19\x27\x67\x12\x0f\xfb\xe1\
\x9a\xb8\xff\x00\xd8\x53\xc6\x6b\xaa\x7c\x30\xd4\xf4\x57\x90\x99\
\x74\x9d\x41\x99\x01\xed\x1c\xab\xbd\x7f\x50\xff\x00\x9d\x7b\x95\
\xc4\xd1\xde\x5b\x4b\x04\xea\x24\x82\x54\x29\x24\x67\xa3\x29\x18\
\x23\xf1\x07\x1f\x8d\x7c\x79\xfb\x3f\x99\xbe\x0b\x7e\xd2\xda\xff\
\x00\x82\x2e\x98\xa5\xa6\xa5\x13\xc5\x6a\xc7\xa4\x9b\x4f\x9b\x03\
\x7f\xdf\x3b\x97\xeb\x4e\xd7\x44\xca\x4f\x9d\x48\xfb\x93\xed\x44\
\xf4\xc8\xf6\xa3\xed\x5e\xf5\x82\x2f\xc0\xfe\x2e\x28\xfb\x78\xf5\
\x35\x1c\xa6\xbc\xc5\xaf\x14\xeb\x27\x4a\xf0\xc6\xb1\x7c\x0e\xd3\
\x6b\x65\x3c\xc0\xe7\xa1\x58\xd9\xbf\xa5\x7c\xdb\xfb\x03\xe9\x1e\
\x47\x84\x7c\x4d\xaf\xba\xe0\xde\xde\xc7\x6d\x19\x23\xf8\x23\x5c\
\x9c\x7f\xc0\x9f\x07\xfd\xda\xf4\xcf\x8f\x5e\x22\xfe\xc7\xf8\x2f\
\xe3\x5b\xb0\xc4\x14\xd2\xe6\x51\xcf\x52\xc0\x26\x3f\x10\xc6\xa9\
\xfe\xce\x5a\x03\x78\x37\xe0\xc7\x86\x2c\x24\x1e\x5d\xc4\xb6\xe6\
\xf2\x61\xd3\xe7\x94\x97\x39\xfc\x0a\xd5\xa5\xa3\x46\x6e\x57\x9a\
\x7d\x8f\x67\xfb\x50\x3d\xf9\xf5\xa5\x17\x23\xd6\xb0\x7e\xd9\x81\
\xf7\xa9\xeb\x78\x73\xc9\xac\xdc\x4d\x7d\xa1\x27\x8c\xb5\xe8\xf4\
\x3f\x08\xeb\x7a\x8b\xb6\xc5\xb5\xb2\x9e\x72\xde\x9b\x63\x62\x3f\
\x5c\x57\xc3\x9f\xb1\x05\x93\x6a\xdf\x19\xde\xf9\xf9\x6b\x2d\x32\
\x7b\x87\x27\xb3\x48\x51\x3f\x9b\x9a\xfa\x47\xf6\x9c\xf1\x28\xd1\
\x7e\x04\xf8\xba\x5d\xfb\x5e\xe2\xd5\x6c\xd7\xdf\xcd\x70\x98\x1f\
\x81\xcf\xe1\x5e\x2d\xfb\x02\xe9\x9b\x5b\xc6\x1a\xd3\x2e\x46\x2d\
\xec\xa3\x73\xd8\xfc\xce\xc3\xff\x00\x40\xfc\xab\x44\xac\x8c\x25\
\x2b\xcd\x23\xed\x6f\x39\x4d\x38\x32\x9e\xf5\x8e\xb7\x99\xf4\xa9\
\x92\xf4\x0e\xb8\xac\xec\x74\xf3\xa3\x23\xe2\xb6\xb0\xba\x0f\xc3\
\x1f\x16\x6a\x25\xf6\x9b\x6d\x2e\xe5\xd4\xff\x00\xb5\xe5\x9c\x0f\
\xc4\x90\x2b\xe4\xaf\xd8\x17\x4f\x17\x1e\x3a\xf1\x25\xf1\x07\xfd\
\x17\x4b\x48\x01\xf7\x92\x51\xc7\xfe\x43\xaf\x6a\xfd\xaf\x3c\x4e\
\x34\x6f\x80\x7e\x22\x40\xdb\x5e\xf9\xe0\xb2\x4e\x79\x25\xe4\x04\
\xe3\xf0\x46\xfc\xeb\xcf\xff\x00\xe0\x9f\xfa\x4b\x5a\xf8\x47\xc5\
\x5a\xcb\xae\x05\xdd\xf4\x56\xb1\xb7\xaa\xc4\x84\xb7\xfe\x3c\xf5\
\x69\x5a\x26\x32\x6a\x55\x11\xf5\xa9\xe4\xf1\x45\x44\xb7\x01\x8d\
\x49\xb8\x1e\xf5\x91\xd5\x7b\x8a\x05\x7c\xd7\xfb\x74\x78\xc8\x68\
\xdf\x0e\xf4\xcd\x02\x37\x22\x7d\x5e\xf0\x33\xa8\x3c\xf9\x51\x0c\
\x9f\xc0\xb9\x4f\xca\xbe\x94\x2d\x8e\x73\xf9\x76\xaf\xcf\x1f\xda\
\xd3\xc5\x97\x3f\x13\x7e\x3f\xaf\x87\xb4\xd6\x33\x8d\x39\xa2\xd2\
\x2d\x91\x39\xcc\xec\xc0\xc8\x7f\xef\xa6\x03\xfe\x01\x5a\x41\x5d\
\x99\x55\x76\x56\x3e\x95\xfd\x8b\xbc\x28\x74\x2f\x83\xb1\x6a\x52\
\x26\xd9\xf5\xab\xa9\x2e\xf2\x78\x26\x35\xfd\xda\x7e\x18\x53\xf9\
\xd7\xbc\xd6\x57\x84\x7c\x3f\x07\x84\xbc\x2d\xa4\xe8\x96\xc0\x08\
\x34\xeb\x58\xad\x54\x8e\xe1\x14\x0c\xfe\x7c\xd6\xad\x4b\x77\x77\
\x2e\x0b\x96\x29\x05\x14\x51\x52\x50\x51\xc3\x67\xf3\xa0\x73\xd7\
\x8a\xc9\xf1\x4f\x8a\x74\xbf\x05\xe8\x37\x7a\xce\xb1\x79\x1d\x96\
\x9f\x6a\x85\xe5\x96\x43\xfa\x01\xdc\x9e\x80\x53\xb5\xc1\xb4\x95\
\xd9\x97\xf1\x23\xc7\x5a\x4f\xc3\x4f\x0a\x5e\xeb\xba\xb4\xdb\x2d\
\xed\xc7\xc9\x1a\x9f\x9e\x69\x0f\xdd\x45\x1d\xc9\x3f\xd4\xd7\xc0\
\x16\x83\xc4\xbf\xb4\xc7\xc5\x83\xce\x6e\x2f\x1f\x73\xb7\x58\xac\
\xed\xd4\xff\x00\x25\x1c\x7b\x9f\xad\x27\xc5\xbf\x8b\x7e\x20\xfd\
\xa4\x3e\x20\xda\xd8\x69\x76\xb3\x3d\x97\x9d\xe4\xe9\x7a\x62\x72\
\x4e\x4f\xdf\x7f\xf6\x88\xe4\xfa\x0a\xfb\x53\xe0\x17\xc1\x0b\x3f\
\x83\x5e\x10\x16\xcc\x52\xe7\x5c\xbb\x0a\xf7\xf7\x6a\x33\xb9\xbb\
\x22\x9f\xee\x8f\xd7\x93\x5b\x2f\x71\x6b\xb9\xc6\xd3\xad\x2f\x23\
\xa2\xf0\xaf\x83\xac\x3c\x11\xe1\xcb\x1d\x17\x4b\x87\xcb\xb3\xb4\
\x8c\x22\x83\xf7\x99\xbb\xb3\x1f\xef\x13\xc9\xfa\xd5\xc9\x61\x04\
\x73\xc8\xad\xa9\x22\xe7\x9e\x7d\x2a\xa4\xd0\xf2\x49\x18\x1d\xfd\
\x3d\xcd\x45\xdb\x66\x8e\x36\x39\x9d\x7f\x51\xb3\xf0\xf6\x95\x75\
\xa8\xdf\xcc\xb6\xf6\x56\xd1\x99\x25\x95\xba\x00\x3f\xcf\xeb\x5f\
\x0d\x78\xff\x00\xc7\x3a\x87\xc5\xaf\x1c\x7d\xa2\x18\xa4\x71\x23\
\x8b\x7b\x0b\x45\xe4\x85\xcf\x03\xea\x78\x24\xff\x00\x85\x75\xdf\
\xb4\xf7\xc7\x25\xf1\x8e\xae\xfe\x19\xd1\x67\xce\x89\x65\x27\xfa\
\x44\xa8\x78\xb9\x94\x71\x8c\xf7\x45\x39\x03\xd4\xe4\xd7\x77\xfb\
\x2f\xfc\x1b\x7d\x2a\xc1\x3c\x61\xac\x40\x45\xdd\xc2\xe2\xc6\xde\
\x45\xc1\x8e\x32\x3f\xd6\x91\xd8\x91\xd3\xdb\xeb\x5b\x2d\x16\xa7\
\x24\xbd\xe7\xa1\xd3\x78\x2b\xe1\x4a\xf8\x23\xc3\x11\x5b\x30\x12\
\x5f\xca\x3c\xcb\x99\x47\x77\xfe\xef\xd1\x7a\x0a\x66\xb3\xa0\x45\
\x77\x19\x8e\xe2\x3c\xb0\xe4\x38\xea\x2b\xd7\x25\x80\x60\x82\x37\
\x2f\xa7\xad\x62\xea\x7a\x1a\x4e\x85\x94\x7e\x14\xb9\xae\x27\x0b\
\x2d\x0f\x08\xbc\xd3\xaf\x7c\x3b\x70\x27\x85\x98\xc4\x4f\x12\x2f\
\x43\xec\xc2\xba\x1d\x1f\xc4\x50\xea\x6a\x23\x7c\x47\x71\x8f\xbb\
\x9e\x1b\xf1\xae\x9f\x52\xd1\x5a\x3d\xc1\x97\x7a\x77\x52\x38\x35\
\xe6\xfe\x30\xd3\x60\xf0\xfc\x22\xf2\x19\x04\x7b\x9b\x0b\x01\x3c\
\xe7\xda\xaf\x46\x62\xd3\x89\x7b\xc6\x5e\x21\x16\x71\xfd\x82\x17\
\xfd\xf4\xb8\xf3\x18\x75\x45\xf4\xfa\x9a\xaf\xe0\x8d\x2d\xa7\x90\
\xdf\x48\xbf\xbb\x8f\x88\xc1\xee\xde\xbf\xd2\xb8\xad\x3f\xcc\xd6\
\x35\x44\x59\xe5\x21\xa5\x70\x64\x99\xbb\x0e\xe6\xbd\x8a\xd2\xde\
\x3b\x3b\x48\xa1\x88\x01\x12\x00\x14\x0e\xe3\x14\x31\x2d\x77\x26\
\x62\x09\x00\x0a\xad\xf6\x8d\xf7\xde\x4a\x72\xb1\x8d\xee\x7d\x3d\
\x05\x47\xab\x6a\x49\xa4\xd9\x3c\xf2\x1c\xb7\x44\x5e\xec\x7d\x2a\
\x1d\x0a\x09\x22\xb1\x59\x66\x39\x9e\xe3\xf7\xae\x4f\x5f\x51\x48\
\xa5\xbd\x8d\xa4\x7e\x00\xa9\x15\xb1\x55\x15\xca\xd4\xc9\x26\x68\
\x19\x71\x1f\xd2\xa5\x49\x2a\x9a\x36\x2a\x65\x6e\x28\x02\xfa\x3e\
\x3a\x54\xc8\xdd\xea\x84\x6d\x8a\xb3\x1b\xe2\x95\x80\xba\xaf\x52\
\xab\x64\x55\x45\x6c\x1a\x99\x18\xfa\xd2\x60\x5a\x8d\xf0\x2a\xc2\
\x37\x7a\xa4\xa7\xde\xa7\x8d\xe9\x14\x99\x69\x5b\x9e\x2a\x64\x6e\
\x6a\x8c\xb7\x31\xdb\x42\xf3\x4a\xe1\x23\x41\x96\x27\xb0\xa3\x49\
\xb8\x96\xea\xd0\x5c\xca\xa5\x7c\xf3\xe6\x2c\x67\xf8\x57\xb0\xfc\
\x47\x34\x16\x8d\x34\x38\xa9\x95\xb3\x55\x81\xcd\x4a\x87\x06\x81\
\x93\x51\x48\xad\xbc\x52\xd4\x14\x14\x51\x45\x00\x14\x51\x45\x00\
\x14\x51\x45\x00\x14\x51\x45\x00\x14\x51\x45\x00\x14\x51\x45\x00\
\x14\x51\x45\x00\x14\x51\x45\x00\x14\x51\x45\x00\x14\x51\x45\x00\
\x14\x51\x45\x00\x14\x51\x45\x00\x14\x51\x45\x00\x14\x51\x45\x00\
\x14\x51\x45\x00\x14\x51\x45\x00\x14\x51\x45\x00\x14\x51\x45\x00\
\x14\x51\x41\x20\x0c\xd3\x01\x09\x0a\x33\x50\xc9\x2e\xee\xb4\x49\
\x21\xc9\xf4\xaa\xb3\x4d\x80\x69\xa2\x5b\x09\x65\xae\x7b\xc5\x9e\
\x22\x4f\x0d\x69\x32\x6a\x53\xa1\x6b\x3b\x76\x56\xba\x65\xeb\x14\
\x59\xc3\x48\x07\x70\xbc\x13\xed\x9a\xd5\x92\x52\x4d\x50\xbc\x58\
\xae\xa0\x96\x09\xa3\x59\xa1\x95\x19\x24\x8d\xb9\x0e\xa7\xef\x03\
\xec\x6a\x8c\xd8\xef\xb5\x47\x34\x2b\x24\x6e\xb2\x46\xea\x19\x5d\
\x4e\x43\x03\xd0\x83\xdc\x74\x3f\x8d\x56\x96\x6d\xbc\xd7\x86\xfc\
\x3a\xf1\x9c\xbf\x0c\xfc\x7f\x79\xf0\xbb\x5e\x9c\x9b\x5c\x9b\x8f\
\x0e\xde\xcc\xdc\x4b\x6e\xd9\x2b\x01\x27\xba\xf2\xa3\xe9\x8f\x4a\
\xf6\x39\x26\x04\x73\x54\x48\xf9\x65\xdd\x9e\x6a\x9c\x92\x00\x69\
\x25\x97\x15\x58\xbe\x5b\x26\x80\x15\xe4\xdc\x6b\xc8\x7e\x38\x6b\
\x27\xc1\x7e\x23\xf0\x17\x8a\x79\x16\xf6\xb7\xf2\x58\xdd\x9e\xc2\
\x19\x50\x03\x9f\xc8\x9f\xc2\xbd\x66\x69\x92\xde\x36\x96\x46\x54\
\x45\xe4\x93\x5e\x2b\xfb\x40\x47\x3f\x8e\x3e\x1d\xeb\x16\xd6\xb0\
\xb3\xa5\x92\x8b\xd4\x0a\x32\x4f\x96\x72\xc7\xfe\xf9\x2d\x40\x5d\
\x1e\x83\xac\xf8\x81\xb5\x07\x36\x56\x39\x74\x73\xb5\xa4\x41\xf7\
\xc7\x4e\x3d\xbf\xa5\x78\x1f\xc0\x59\x53\xc1\x1f\x1d\xb5\x5f\x07\
\x6a\x80\x2a\xdc\xca\xf6\xf0\xab\xf4\x59\x94\xef\x8b\xf3\x42\x47\
\xe5\x5e\xc5\xfb\x30\xea\x76\xbe\x35\xf8\x6d\xa7\x6a\x21\xbc\xdd\
\x46\xdf\x75\x9d\xd9\x63\x92\x1d\x3a\x7f\xdf\x4a\x54\xfe\x26\xbc\
\x9b\xf6\xc8\xf0\xad\xe7\x80\xbe\x21\xf8\x77\xc6\xba\x68\x30\x1b\
\xb5\x51\xe7\x28\xfb\x97\x50\x11\xb7\xf3\x5d\xbf\xf7\xcb\x52\x08\
\xc6\xe7\xb2\xfe\xd4\xff\x00\x0e\xdb\xc4\xdf\x08\x2e\xef\xed\xe2\
\xdf\x79\xa2\x38\xbe\x5c\x0e\x4c\x7f\x76\x50\x3f\xe0\x24\x1f\xf8\
\x0d\x6d\xfe\xc7\xbf\x10\xd3\xc7\x3f\x0a\xa1\xb3\x9e\x50\xfa\x9e\
\x88\xc2\xca\x60\x4f\xcc\xd1\x75\x89\xff\x00\xef\x91\xb7\xfe\x02\
\x6b\xd1\x7e\x1d\x78\xa3\x4c\xf8\xab\xf0\xdf\x4c\xd6\xa2\x8d\x26\
\xb1\xd5\xad\x0a\xcf\x01\xe4\x29\x20\xa4\xd1\x9f\xa3\x6e\x1f\x4c\
\x57\xc7\x3f\x0a\x35\x19\xbf\x66\x7f\xda\x92\xfb\xc2\xda\x8c\xa6\
\x2d\x13\x52\x94\x58\x99\x5c\xe1\x5a\x19\x0e\xeb\x69\xbf\x02\x40\
\x27\xdd\xa9\x3d\x8d\x12\xb1\xe9\x1f\xb7\x3f\xc3\x07\xbf\xd1\xec\
\x7c\x71\x63\x09\x69\x6c\x40\xb4\xd4\x42\x0e\x7c\x92\x7f\x77\x27\
\xfc\x05\x8e\x0f\xfb\xc2\xbd\x03\xf6\x4f\xf8\xc2\xbf\x14\x3c\x00\
\xb6\x17\xb3\x6f\xd7\xf4\x50\xb6\xf7\x21\x8f\xcd\x2c\x7f\xf2\xce\
\x5f\xc4\x0c\x1f\x71\xef\x5e\xc7\xab\x69\x56\x9a\xe6\x97\x77\xa6\
\xdf\xc0\xb7\x36\x77\x51\xb4\x33\xc0\xe3\x87\x52\x30\x47\xeb\x5f\
\x9e\x5a\xc4\x1a\xef\xec\x77\xf1\xe1\x26\x81\x64\xb9\xd2\x19\x8b\
\x42\x49\xf9\x6f\x6c\x98\xf2\xa7\xfd\xa5\x03\x1e\xc4\x03\xde\xa5\
\x6a\x5e\xda\x9f\xa3\x18\xff\x00\x0a\xf0\xef\xda\xbf\xe0\xdb\x7c\
\x4c\xf0\x41\xd4\xf4\xc8\x3c\xdf\x10\x68\xca\xd3\x42\xaa\x3e\x69\
\xe1\xea\xf1\x7b\x9f\xe2\x1e\xe0\xfa\xd7\xad\xf8\x53\xc5\x5a\x67\
\x8d\xfc\x3b\x61\xae\x68\xf7\x0b\x75\xa7\x5e\xc4\x25\x8a\x41\xe9\
\xd0\x83\xe8\xc0\xe4\x11\xea\x2b\x6e\x11\xb5\x89\xe8\x47\x14\x21\
\xda\xe7\xc8\x7f\xb1\x27\xc7\x21\x36\xdf\x87\x9a\xd5\xc6\x24\x5c\
\xc9\xa4\xc9\x29\xea\x3a\xbc\x1c\xf7\x1d\x40\xfa\x8a\xfb\x31\x40\
\x24\x01\x5f\x00\x7e\xd7\x1f\x04\x2f\x3e\x19\x78\xa9\x3e\x20\x78\
\x55\x24\xb5\xd2\x6e\x6e\x84\xd3\x7d\x9b\x83\x61\x75\x9c\x87\x18\
\xe8\xac\x79\x1e\x87\x22\xbe\x97\xfd\x98\xbf\x68\x5b\x2f\x8d\x9e\
\x17\x48\xee\xe4\x8e\x0f\x15\x58\x2a\xa5\xf5\xae\x40\xf3\x47\x41\
\x32\x0f\xee\x9f\x4e\xc6\x86\x5a\x67\xb8\xe3\xb5\x7c\x97\xfb\x7a\
\x7c\x20\x6d\x4b\x48\xb3\xf8\x83\xa6\x41\xbe\xe2\xc5\x56\xd3\x54\
\x58\xc6\x4b\x40\x72\x23\x90\xff\x00\xba\x49\x07\xd8\x8f\x4a\xfa\
\xd3\x3d\x46\x7a\x13\x51\xea\x76\x56\x9a\xce\x99\x75\xa7\xdf\x40\
\x97\x56\x77\x31\x34\x33\x43\x20\xca\xba\x30\x21\x81\xfc\x0d\x25\
\xa1\x4d\x5d\x1f\x3c\xfe\xc3\xdf\x1c\xa3\xf1\xd7\x82\xc7\x84\x35\
\x3b\x90\x75\xcd\x0a\x3c\x42\xce\xdf\x35\xc5\xa6\x70\xa7\xdc\xa7\
\x0a\x7d\xb0\x6b\xd7\x3e\x3a\xfc\x25\xb0\xf8\xcb\xf0\xf6\xf3\x41\
\xb9\x29\x05\xea\xfe\xfe\xc2\xe8\x8e\x60\x9c\x7d\xd3\xf4\x3d\x08\
\xf4\x35\xf9\xeb\xf1\x4b\xc1\xbe\x22\xfd\x92\x3e\x34\x5a\xea\x5a\
\x34\xb2\xad\x92\xcc\xd7\x5a\x4d\xdb\x8c\xac\xd0\x67\xe6\x86\x4f\
\x5c\x03\xb5\x87\x71\x83\x5f\xa0\x1f\x06\x7e\x33\xe8\xff\x00\x19\
\xfc\x15\x6d\xae\xe9\x4e\xb1\x4b\xc4\x77\x96\x6c\x73\x25\xb4\xc0\
\x0c\xa9\xf6\xe3\x83\xdc\x0a\x4d\x75\x08\xca\xeb\x96\x47\xc6\x7f\
\xb3\x87\xc6\xed\x4b\xf6\x6f\xf8\x89\xa8\x78\x37\xc6\x09\x2d\xa6\
\x8d\x35\xc7\x93\x79\x14\x99\xcd\x94\xe0\xe0\x4c\x3d\x54\xe0\x67\
\x1d\x46\x0d\x7e\x88\x43\xa8\x43\x77\x04\x73\xc1\x2a\xcd\x04\x8a\
\x24\x49\x11\x81\x56\x52\x32\x08\x23\xb1\xaf\x9c\xff\x00\x6a\x4f\
\xd9\xb6\xd7\xe3\x36\x94\x35\x7d\x19\x62\xb5\xf1\x7d\xa4\x7b\x63\
\x91\xbe\x55\xba\x8c\x03\xfb\xb7\x3e\xa3\xb1\xed\xd2\xbe\x69\xf8\
\x33\xfb\x4f\xf8\xa7\xf6\x7c\xd5\x1f\xc2\x5e\x31\xd3\xee\xee\xb4\
\x7b\x77\xd8\x6d\x6e\x32\xb7\x16\x7c\xf5\x8c\x9e\xab\xed\xf9\x53\
\x69\x49\x5c\x51\x93\x8e\x87\xbf\x7e\xda\x3f\x00\x9f\xc6\xfa\x49\
\xf1\xa7\x87\xed\xc3\xeb\xba\x7c\x5b\x6f\x6d\xe2\x1f\x35\xd4\x03\
\xa1\x03\xbb\xa7\x3f\x55\xfa\x57\x29\xfb\x1d\xfe\xd3\xe8\x6d\xed\
\x3c\x03\xe2\x8b\xc0\xb2\x46\x04\x7a\x55\xec\xcd\xc3\x0e\xd0\x31\
\x3d\xff\x00\xba\x7f\x0a\xfa\x13\xc1\x1f\x19\xfc\x27\xf1\x2f\x4f\
\x8e\xe7\x40\xd6\xad\xae\xcb\x80\x4d\xbb\x38\x49\x90\x91\xd1\x90\
\xf2\x31\x5f\x35\x7e\xd2\x7f\xb2\x45\xce\xa1\x7b\x73\xe2\xdf\x00\
\xd9\x91\x33\x13\x35\xd6\x93\x08\xda\x4b\x77\x92\x1f\x43\xea\x3f\
\x2a\x7b\xe8\x4b\xde\xe8\xfb\x33\x51\x8e\xdb\x53\xb3\x9e\xce\xf2\
\x14\xb9\xb5\x9d\x0c\x72\xc5\x2a\xee\x57\x52\x30\x41\x1d\xf2\x2b\
\xe0\xef\x8f\x3f\xb3\x46\xb3\xf0\xb7\x5a\x7f\x15\xf8\x19\xae\x66\
\xd1\xe3\x7f\x3c\x47\x6c\xc7\xed\x1a\x79\xeb\xc6\x39\x28\x3b\x11\
\xf8\xd1\xf0\x7f\xf6\xd4\xd4\x3c\x17\x64\xfe\x1f\xf1\xed\x9d\xdd\
\xf7\xd8\xd0\xc7\x15\xd2\xae\x2e\x01\x51\xc4\x72\x29\xeb\xd3\x19\
\xeb\x5f\x46\x7c\x3b\xf8\xd3\xe0\xdb\xef\x04\xc7\xab\xeb\x5e\x2f\
\xd2\x85\xed\xe6\xeb\xab\xbb\x7f\xb4\x0c\x40\x5b\xa4\x20\x1e\x48\
\x40\x02\xfb\x9c\x9e\xf4\x2f\x77\x61\x3f\x7b\x53\xc8\xbe\x0d\xfe\
\xdc\x88\xf1\x41\xa4\xf8\xf5\x3c\xb9\x57\xe4\x5d\x62\x15\xe0\xf6\
\xcc\xab\xd8\xfa\x91\x5f\x4e\xe8\x7e\x3c\xd2\xbc\x53\x36\xcd\x22\
\xfa\x2d\x45\x3c\x95\x9d\xa5\xb6\x6d\xe8\xaa\xc7\x0a\x09\xec\x4e\
\x1b\x8f\x63\x5f\x0f\xfc\x79\x97\xe1\xbf\xc5\x2f\x16\x47\x69\xf0\
\xe7\x4b\x95\xb5\x56\x98\x1b\xed\x66\xdc\x79\x76\x5b\x09\xf9\x8e\
\xde\xe7\xdc\x57\x0b\xa4\xe8\xff\x00\x11\x7e\x10\x6a\x92\xde\x78\
\x5e\xfa\x75\x4d\xdc\xc9\x64\xdf\x2c\x80\x74\xdd\x19\xfe\xb5\x4d\
\x5d\x11\xcf\x6d\x19\xfa\x63\xbe\x57\x1c\x02\x41\xf6\xaf\x9e\x7e\
\x2d\x7e\xca\xd3\xea\x7a\xe8\xf1\x6f\x80\x2e\x87\x87\xfc\x47\x1b\
\xf9\xfe\x4a\x1f\x2e\x29\x64\xf5\x52\x3e\xe9\x3d\xc7\x43\x5e\x49\
\xa3\x7e\xdd\x1f\x10\xb4\x8b\x54\xb6\xd6\x7c\x33\x6f\x7b\x70\xb8\
\x1e\x7a\xc4\xf1\xb1\x1e\xe0\x71\x57\x8f\xed\xa7\xe3\x8d\x73\x31\
\x69\xde\x1e\x94\x48\xc7\x00\x24\x78\x0a\x7e\xa6\x95\x9a\xd8\x4e\
\x68\xf5\x1f\x0a\x7e\xd0\xda\xcf\x85\x4a\xe8\xff\x00\x14\xf4\x1b\
\xdd\x06\xf6\x2c\x21\xd5\xe3\x80\xbd\xb4\xa3\x81\xb9\x8a\xf0\xbd\
\xb9\xe8\x6b\x2f\xe3\x3f\x85\xec\x7e\x20\x3e\x99\xf1\x17\xe1\xde\
\xb3\x67\x2f\x8b\x74\xa6\x59\x04\x31\x48\x15\xee\xd1\x4e\x40\xda\
\x79\xdc\x06\x46\x3b\x83\x8a\xe0\x26\xf1\x67\x8e\xfe\x20\x46\x3f\
\xe1\x31\xd5\x76\x69\xa1\x83\xae\x8f\x6e\x06\xc6\x20\xe4\x19\x0f\
\x71\xdf\x15\xad\xf6\xf9\x85\xd1\xb9\x0c\x12\x73\xd5\xe3\x45\x53\
\x93\xf4\x15\x5c\xa4\xfb\x45\xd4\xfa\x1b\xe0\xff\x00\xc4\xfd\x37\
\xe2\xdf\x86\x23\xd4\x6d\x65\x5b\x5d\x4a\x1c\x45\x7f\xa7\x4a\xdb\
\x64\xb5\x98\x1e\x54\x83\xce\x32\x32\x0f\xa1\xf6\xaf\x34\xfd\xaa\
\x3c\x03\x74\x90\xe9\x3f\x11\xbc\x3f\x24\x6d\xe2\x0f\x0d\x4a\x92\
\xcb\x1c\x6e\x37\x4d\x02\xb6\xef\xc4\xaf\x3f\x83\x1a\xf2\x6b\xef\
\x0d\x5b\xdd\x6a\xb2\x6a\x70\x5c\x5c\xe9\xfa\x94\x87\x32\x5d\x59\
\xca\x63\x69\x0f\xab\x63\x86\xfc\x7d\x2b\x4a\xd4\x5d\x41\x13\x24\
\xf7\xf7\x37\xa4\x8c\x13\x3b\xe7\x3f\x87\x4a\x39\x49\x75\x51\xf5\
\x5f\x84\xbc\x63\xa5\x78\xd3\xc2\xfa\x5e\xbb\x63\x7f\x6e\x2d\x2f\
\xe0\x59\xd1\x5e\x40\x0a\x13\xf7\x94\x8e\xc5\x4e\x47\xd4\x56\xa9\
\xbc\xb4\x03\xfe\x3f\xed\x89\xff\x00\xae\xcb\xfe\x35\xf1\x25\x9f\
\x86\x64\xd1\xae\xa6\x6d\x22\xfe\x4b\x1b\x49\x9f\x7b\xda\x6d\xde\
\x8a\xde\xa8\x3f\x87\x3d\xc5\x6f\x21\x75\x40\x0c\x8c\xc4\x0c\x64\
\x9e\x4d\x1c\xa0\xab\x1e\xf1\xf1\xd6\xd2\x2f\x14\x78\x2a\xdf\xc3\
\xb0\xde\x40\xcd\xac\xea\x96\x76\x6f\xb6\x50\x71\x17\x9a\x1e\x52\
\x7d\x30\x88\xd5\xe8\x06\xfe\xca\xc6\xdd\x47\xda\x21\x8a\x04\xda\
\x88\x3c\xc1\x80\x38\x55\x1d\x7a\x74\xaf\x91\x99\x03\xc9\x1b\xb1\
\x25\xa3\x62\xca\x49\xe8\x71\x8c\xfe\x59\xfc\xe8\xbb\x06\xf2\xd2\
\x5b\x79\x64\x93\xc9\x95\x36\x10\x1c\xe4\x02\x3b\x7f\x9e\xa4\x51\
\xca\x1e\xd0\xfb\x05\x6e\x55\x81\x02\x45\x3d\x8f\xcc\x29\x44\xc5\
\x8f\x0c\x0f\xe3\x5f\x09\xdb\x7c\x45\xbb\xf0\xb5\xc7\xf6\x67\x88\
\xee\x6e\x2d\xe4\x53\x88\x35\x00\xcd\xe5\x5c\x27\x62\x48\xe8\xdd\
\x01\x1e\xb5\x77\x54\xf8\xe3\x61\xa1\x5b\x34\xb1\xeb\xd3\x5c\x49\
\xb7\x29\x15\xbc\xc5\x8b\x7f\x85\x1c\xa3\xf6\x8c\xf4\x4f\xdb\x9b\
\xc6\xc9\x61\xe1\x2d\x0f\xc3\x09\x30\xfb\x45\xfd\xcf\xdb\x25\x4e\
\xe2\x28\xc6\x14\xfe\x2c\x7f\xf1\xda\xef\xbf\x64\xef\x0b\x49\xe1\
\x2f\x83\x1a\x5b\xcb\x19\x8a\xe7\x55\x91\xf5\x19\x01\xe0\xe1\x8e\
\x23\x07\xfe\x00\xa3\xfe\xfa\xaf\x8c\x2c\xed\x35\xdf\x8d\x7e\x2a\
\x6d\x6f\x5c\x92\xe0\xe9\xcb\x88\xfc\xc9\x49\x27\xcb\x1d\x23\x4f\
\xcc\xe4\xfb\x93\x5f\x4e\x58\xfc\x5a\xf1\x26\x95\x66\x90\x5b\x4f\
\x03\x24\x51\x88\xe2\x8e\x58\x86\xd5\x00\x00\x17\x8e\x80\x01\x8a\
\x4e\x23\xe7\x49\xdd\x9f\x4b\x0b\xb6\x5e\xa4\x9a\x91\x6f\x5b\xf1\
\xe9\xcd\x7c\xcf\x67\xfb\x59\x8d\x3a\x7f\xb2\xf8\x83\x4e\x8a\xc2\
\xe5\x78\x3b\xc9\x55\x6f\x75\x6e\x84\x1a\xd4\xd5\x7f\x6c\x8f\x04\
\xe9\x5a\x74\xf3\x4a\x65\x9a\xed\x50\x98\xed\xad\xc8\x73\x23\x63\
\x85\xcf\x61\xef\xda\x8b\x58\xbf\x68\x9e\xc7\x25\xfb\x78\x78\xf1\
\x1a\xd3\xc3\x5e\x14\x81\xf7\xcc\xee\xda\x8c\xe8\xbc\x90\x00\xd9\
\x18\xc7\xb9\x2e\x7f\x0f\x7a\xf7\x9f\xd9\xf7\xc2\x6d\xf0\xeb\xe1\
\x27\x87\xb4\x79\x97\xcb\xbc\x30\x7d\xa6\xe9\x4f\x51\x34\xbf\x33\
\x0f\xc3\x21\x7f\xe0\x35\xf2\x7f\xc1\xaf\x0f\xdc\xfc\x73\xf8\xbd\
\x73\xe3\xef\x1a\xcd\x0d\xad\x84\x53\x89\xad\xec\xa7\x6d\xab\x33\
\x2f\xfa\xa8\xd4\x1f\xf9\x66\x80\x64\x9e\xff\x00\x8d\x7d\xb7\x14\
\xcb\x30\x0d\x1c\x8b\x22\x9f\xe2\x52\x0f\xf2\xa9\x63\x8b\xb4\xae\
\x74\x31\xde\xf4\xf9\xaa\xc2\x5f\x7c\xdd\x6b\x9b\x12\x9f\x5a\x59\
\x2f\xd6\xd6\x17\x96\x59\x16\x28\xd1\x77\x3b\xbb\x61\x50\x7a\x92\
\x7a\x0e\xf5\x36\xb9\xaf\x3b\x42\x7c\x53\xf8\x97\x69\xf0\xc7\xe1\
\xfe\xb3\xe2\x3b\xa6\x5d\xd6\x70\x13\x04\x6c\x71\xe6\xcc\x41\x11\
\xa0\xfa\xb6\x3f\x23\x5f\x1d\x7e\xc5\x1f\x0f\xee\xfc\x7b\xf1\x3a\
\xfb\xc7\x7a\xc0\x6b\x8b\x5d\x2e\x57\x95\x65\x90\x64\x4d\x7d\x29\
\x27\x3f\xf0\x10\x59\xbd\xb2\xb5\x47\xe3\x77\xc4\x0d\x5b\xf6\x9e\
\xf8\x93\x61\xe0\x5f\x06\x06\xb8\xd0\xb4\xf9\xb7\x3d\xc8\xcf\x96\
\xf2\x67\x0d\x3b\x9f\xee\xa0\xc8\x1e\xb9\xcf\x7a\xfb\x03\xe1\x8f\
\x83\xf4\xcf\x85\xfe\x0d\xd3\x7c\x3b\xa5\x0c\xdb\xda\xa7\xcf\x33\
\x0c\x34\xd2\x1e\x5a\x46\xf7\x3f\xe1\x55\xf0\xad\x09\xe6\xe6\x77\
\x67\xa6\x2b\xa9\x14\xe1\xc8\x20\x56\x2c\x3a\x80\xf5\xab\x71\xdf\
\x2b\x0e\xbf\xfd\x7a\xc6\xc7\x5a\x9a\x2f\x8f\x7a\x3b\x66\xa2\x59\
\xc3\x63\x9c\x92\x71\x8a\xf2\x1f\x8e\x7f\xb4\xf7\x85\x7e\x0a\xd9\
\xcb\x14\xd7\x09\xaa\x78\x80\xa7\xee\x74\xab\x67\x05\xb3\xd8\xb9\
\xfe\x11\xf5\xa1\x2b\x95\xcc\x92\xbb\x3d\x07\xc7\x7e\x3e\xd0\xfe\
\x1b\xf8\x7e\x7d\x6b\xc4\x17\xc9\x63\x63\x10\x3c\xb7\xde\x90\x81\
\xf7\x50\x75\x27\xda\xbf\x3b\x7e\x32\xfc\x72\xf1\x3f\xed\x23\xe3\
\x1b\x5d\x27\x4c\xb4\x9d\x74\xbf\x3f\x66\x9d\xa3\xc1\xf3\x33\x9c\
\xf1\x24\x9e\xad\xfa\x0a\xe7\xf5\x0d\x73\xe2\x2f\xed\x67\xf1\x01\
\x21\x8d\x26\xd4\x6e\x0b\xfe\xee\xda\x3c\xad\xad\x92\x1e\xf9\xe8\
\xa3\xdc\xf2\x6b\xee\xef\xd9\xf7\xf6\x68\xd0\xfe\x08\x69\x82\x76\
\xdb\xa9\xf8\x9e\x65\xc5\xc6\xa4\xcb\xc2\x74\xf9\x23\x1f\xc2\xbd\
\xbd\x4d\x6a\xad\x1f\x53\x99\xb9\x55\xd1\x6c\x52\xfd\x9a\x7f\x66\
\xbb\x2f\x83\x7a\x3a\xea\x5a\x98\x8e\xf7\xc5\x97\x48\x04\xf3\x8e\
\x56\xd9\x4f\x58\xe3\xfe\xad\xde\xbd\xcf\x00\x9c\x9a\x28\x04\x02\
\x3d\x6b\x26\xef\xab\x3a\x63\x1e\x55\x64\x31\xd0\x7e\x18\xe4\x0a\
\xf9\x33\xf6\xb7\xfd\xa3\x63\xf0\xfc\x37\x1e\x08\xf0\xdd\xc8\x3a\
\xa4\xc0\xa6\xa1\x7b\x13\x73\x6e\x87\xfe\x59\x29\x1d\x18\xf7\x3d\
\x87\x1d\x6b\x7f\xf6\xaa\xfd\xaa\x2d\xbe\x19\x5a\xdc\x78\x63\xc3\
\x77\x09\x3f\x8a\xa6\x8f\x6c\xb3\x21\x0c\x2c\x10\x8e\xa7\xfe\x9a\
\x11\xd0\x76\xeb\x5f\x2b\x7e\xcf\xbf\x04\x75\x8f\x8f\x1e\x2e\x79\
\xae\x5a\x68\xf4\x38\x25\x12\x6a\x5a\x93\xf2\x59\x89\x0d\xb1\x49\
\xea\xed\x9f\xc2\xb5\x8a\xb6\xac\xe5\xa9\x26\xdf\x2c\x4e\xdb\xf6\
\x5d\xf8\x11\x27\xc4\x8d\x5c\x6b\xfa\xc4\x2c\x9e\x1a\xb0\x90\x10\
\x8e\x38\xbb\x94\x74\x41\xea\xa3\x1f\x31\xfa\x0a\xfb\x99\xa1\x11\
\x80\xaa\x81\x15\x40\x01\x54\x60\x01\xd2\xac\x68\x9e\x1d\xd3\xfc\
\x31\xa3\xda\x69\x3a\x6d\xb2\x59\xd8\x5a\xc6\x22\x86\x14\x1c\x2a\
\x8e\x9f\x8e\x7a\x9a\x92\x58\x89\xe0\xf5\xf5\xa1\xca\xfa\x8e\x30\
\x50\x46\x4c\x90\xe4\x92\x3b\x76\x35\x52\x48\xb3\x92\x3f\x10\x6b\
\x5a\x48\xb2\x49\xee\x2a\xa4\xe8\xaa\xac\xe4\x85\x00\x65\x8b\x1e\
\x00\xfa\xfb\x52\x21\x9c\xe6\xbc\xd6\x56\x5a\x7d\xc5\xed\xec\x8b\
\x05\xbc\x08\x64\x92\x47\xe8\x00\xeb\x5f\x26\xf8\xab\xc5\x33\x78\
\xd3\xc4\x2d\x24\x28\xc2\x1d\xfe\x55\xb4\x1d\xf1\x9e\x09\xf7\x3d\
\x7f\x4a\xe8\x7e\x3a\x7c\x5f\x5f\x17\x6a\x4d\xa3\x69\x32\xff\x00\
\xc4\x96\xd9\xff\x00\x7b\x22\x9f\xf8\xf8\x71\x9e\x7f\xdd\x1d\xbd\
\x73\x9a\xec\x7e\x04\x7c\x29\x36\xb6\x4b\xe2\x1d\x5e\x22\xb7\x33\
\x2f\xfa\x1c\x0e\x3e\xe2\x91\xfe\xb0\x8f\x52\x3a\x56\xab\x43\x96\
\x5e\xf3\xb2\x32\xf4\xff\x00\x00\x0b\x1d\x1e\x34\x76\xdb\xa8\xe3\
\x73\xb1\xe4\x67\xfb\xb4\xba\x5e\xb7\x3e\x85\x39\xb5\xbd\x56\xf2\
\x94\xe3\xe6\xea\x9e\xe3\xd4\x62\xbd\x57\x5a\xd0\x8c\x64\xb2\x2f\
\x1d\xb1\x5e\x31\xf1\x2b\x5e\x80\x5c\xae\x99\x08\x0d\x3c\x67\x32\
\xca\x39\x23\xd1\x07\xe9\x9a\xb4\xee\x43\x8d\x89\xfe\xd8\xde\x30\
\xf1\x24\x68\xa0\xfd\x82\x13\xbb\xea\xa3\x9c\xfe\x3f\xca\xbb\xa3\
\xc1\xc6\x30\x3a\x57\x9f\x68\x06\xeb\xc2\x8c\xad\x71\x09\x02\xe1\
\x41\x65\xf6\xed\x8f\xa5\x77\x76\xb7\x91\x5f\x40\xb3\x42\xfb\xd4\
\xf3\xf4\xf6\x34\x98\x22\x5a\x55\x25\x4f\x14\x1e\x29\x29\x14\x58\
\x47\xcf\x06\xa7\x56\xcd\x52\x53\x83\x53\x47\x25\x00\x5c\x56\x24\
\xfa\x54\xf1\xbf\x38\xaa\x68\xe3\x35\x2a\xbe\x79\x1c\x9a\x00\xbe\
\x8f\xce\x2a\x75\x6a\xa3\x1b\xfb\xd5\x88\xde\x93\x02\xec\x6f\x52\
\x03\xdc\x55\x55\x7d\xb5\x8f\xe2\x8f\x10\x0d\x36\xd8\xdb\xc2\xd8\
\xb9\x90\x75\x1f\xc2\xa7\xa9\xa4\x80\x4d\x42\xf4\xf8\x8b\x59\x87\
\x4a\x85\xbf\xd1\x62\x6d\xf7\x2e\x3a\x36\x3f\x87\xfa\x57\x61\x19\
\x03\x03\x1c\x74\x1e\xd5\xca\xf8\x33\x4c\xfb\x06\x9f\xe7\xc8\xa4\
\x4f\x39\xdc\x73\xd4\x2f\x61\xfd\x6b\xa7\x8d\xb3\x43\x29\x16\x55\
\xf0\x78\xa9\xd5\xbb\xd5\x55\x6e\x98\xa9\x63\x7f\x5a\x45\xa2\xd4\
\x64\x8c\x54\x83\x9a\xae\xac\x2a\x64\x20\x8a\x4c\xb1\xd4\x51\x45\
\x48\x05\x14\x51\x40\x05\x14\x51\x40\x05\x14\x51\x40\x05\x14\x51\
\x40\x05\x14\x51\x40\x05\x14\x51\x40\x05\x14\x51\x40\x05\x14\x51\
\x40\x05\x14\x51\x40\x05\x14\x51\x40\x05\x14\x51\x40\x05\x14\x51\
\x40\x05\x14\x51\x40\x05\x14\x51\x40\x05\x14\x51\x40\x05\x14\x51\
\x40\x05\x14\x52\x31\xc0\xa6\x02\x92\x14\x64\xd4\x12\x3f\x34\x49\
\x26\x7a\xd5\x59\xa6\x14\xc9\x6c\x26\x96\xa9\xcb\x2e\x69\x26\x97\
\x24\xf3\x55\x25\x97\x00\xd5\x58\x86\xc7\x4b\x37\x1d\x6a\x8c\xd3\
\x63\xf3\xa2\x69\x40\xaa\x52\xcd\x9a\xa2\x0f\x1d\xfd\xa7\xfe\x1a\
\xcd\xe3\xdf\x05\x2e\xa7\xa5\xab\x2f\x88\xb4\x22\x6e\xec\xde\x2e\
\x24\x75\x03\x2e\x80\xfa\xe0\x6e\x1e\xeb\x55\xbf\x67\x7f\x8e\x71\
\x7c\x55\xf0\xcf\xd9\x2f\xdd\x53\xc4\xba\x7a\xaa\xdd\x46\x78\xf3\
\x94\x60\x2c\xaa\x3f\x9f\xa1\xaf\x5f\x96\x60\x3d\xfd\x05\x7c\x53\
\xf1\xdb\xc1\xda\xa7\xc0\x6f\x8a\x16\x9e\x3a\xf0\xb8\x36\xfa\x75\
\xec\xcd\x28\x54\x1f\xbb\x8e\x53\xfe\xb2\x16\x1f\xdd\x61\xc8\xfa\
\xfb\x50\x56\xe7\xd9\xe5\x8b\xb7\x35\x05\xe5\xdc\x36\x30\x34\xd3\
\x3e\xd4\x1c\xe7\xd7\xd8\x0a\xe4\x7c\x07\xf1\x57\x46\xf1\xef\x82\
\xed\xbc\x43\x67\x26\xd1\x20\xd9\x2d\xae\x72\xf0\xca\x3e\xf4\x64\
\x7d\x7a\x1e\xe3\x06\xac\x5b\xd9\x5e\x78\xb2\xf0\x4b\x31\x31\x5a\
\x29\x38\x03\xf9\x0f\xf1\xa6\x95\xc8\x6e\xc5\x04\xd5\x66\xf1\x8e\
\xbd\x3e\x9b\x11\x30\xad\xba\x24\xa5\x0f\xf7\x1b\x20\x3f\xbf\x2a\
\x47\xe1\x5e\x81\xa4\x78\x46\xd5\x2c\xe4\xb3\x68\x83\xc5\x34\x66\
\x39\x73\xd5\x94\x82\x1b\x3f\x81\xaf\x33\xf8\xb8\x5b\xe1\x5c\xbe\
\x18\xf1\xed\xb4\x47\xfb\x3b\x4b\xb8\xfe\xcf\xd6\x23\x8c\x72\xf6\
\x53\x91\x96\x3e\xa5\x1d\x51\x87\xd4\xfa\xd7\xd0\x9a\x1c\x36\xf7\
\xb6\x36\xf7\x96\xd2\xa4\xd6\xd3\x46\xb2\x45\x22\x1c\xab\xab\x00\
\x54\x8f\xc0\x83\x52\xd8\xd4\x6f\xa9\xf1\x5f\xec\xcd\xab\x49\xf0\
\x4f\xf6\x89\xf1\x0f\xc3\x4d\x5e\x43\x1d\x96\xa1\x39\x82\xd5\xa4\
\xe8\x65\x5c\xb4\x0d\xff\x00\x6d\x23\x38\xfa\x91\x5f\x50\xfe\xd0\
\x9f\x0b\x13\xe2\xcf\xc2\x6d\x5f\x44\x85\x07\xf6\x9c\x68\x2e\xb4\
\xf6\x3f\xc3\x70\x9c\xa8\xff\x00\x81\x0d\xca\x7f\xde\xaf\x01\xfd\
\xbe\x3e\x19\x5c\xd9\xb6\x83\xf1\x3b\x43\x56\x86\xf7\x4f\x78\xed\
\x6f\xa5\x8b\x82\x80\x36\xeb\x79\x4f\xfb\xac\x36\xe7\xdc\x57\xd2\
\x3f\x04\x7e\x28\x5a\xfc\x60\xf8\x6b\xa3\x78\x96\xdc\xaa\xdc\x4d\
\x18\x8a\xf2\x15\x3f\xea\x6e\x53\x02\x45\x3e\x9c\xf2\x3d\x88\xa9\
\x3a\x12\xb1\xf2\xc7\xec\x07\xf1\x61\xb4\xdd\x63\x56\xf8\x77\xaa\
\x48\xd1\x7d\xa1\x9a\xf2\xc1\x25\xe0\xa4\xca\x36\xcd\x16\x3d\x48\
\x01\xb1\xea\xad\x5d\x97\xed\xef\xf0\xa5\xf5\xcf\x09\xd9\x78\xe7\
\x4e\x88\xfd\xbb\x46\xc4\x17\xa6\x3f\xbc\xd6\xce\x78\x7e\x3f\xb8\
\xe7\x3f\x46\xaf\x21\xfd\xaf\xbe\x1b\xea\x1f\x04\xbe\x30\x69\xdf\
\x10\xfc\x36\x1a\xce\xcb\x51\xba\x5b\xc8\xa4\x88\x61\x6d\xef\x54\
\x82\xe8\x7d\x03\xfd\xec\x7b\xb0\xed\x5f\x67\x7c\x32\xf1\xde\x89\
\xf1\xe7\xe1\x65\xb6\xa6\xb0\xc7\x3d\x9e\xa5\x6e\xd6\xda\x85\x8b\
\x1c\xf9\x52\x11\xb6\x58\x88\xfc\xf1\xed\x83\x40\x1c\xef\xec\xb3\
\xf1\x7d\x3e\x2e\xfc\x2a\xb1\xb9\xb9\x94\x3e\xb7\xa6\x81\x63\xa8\
\x27\x73\x22\x8f\x96\x4f\xa3\xae\x0e\x7d\x73\x5b\x5f\x1d\xbe\x0c\
\x69\xbf\x1b\x3c\x13\x36\x95\x75\xb6\x0d\x4a\x1c\xcd\x61\x7d\x8f\
\x9a\x09\x71\xd0\xff\x00\xb2\x71\x86\x1f\x8d\x7c\x61\xa1\x6a\x1a\
\x9f\xec\x53\xfb\x46\xcf\x63\x79\xe6\xcf\xe1\x3b\xf2\x11\xdb\x1f\
\x2c\xf6\x4e\xd9\x49\x47\xfb\x71\x9e\xbf\x46\x1d\xeb\xf4\x3b\x4f\
\xd4\x2d\x75\x5b\x0b\x7b\xdb\x39\xd2\xea\xce\xe2\x35\x96\x19\xa2\
\x6c\xab\xa3\x0c\xab\x0f\x6c\x50\x07\xe7\x87\xc1\x1f\x8d\x3a\xff\
\x00\xec\xb9\xe3\xfb\xef\x08\x78\xc2\xda\x74\xd0\xcd\xc1\x4b\xbb\
\x53\xc9\xb6\x72\x70\x27\x8b\xd5\x71\xd8\x75\x1e\xf5\xfa\x1d\xa0\
\x6b\x76\x1e\x22\xd2\x6d\xf5\x2d\x32\xee\x2b\xeb\x0b\x84\x12\x45\
\x71\x03\x6e\x47\x53\xdc\x1f\xf3\xde\xbc\xab\xf6\x84\xfd\x9c\xb4\
\x5f\x8e\x9a\x10\xde\x57\x4f\xf1\x15\xb2\x11\x67\xa9\x2a\xff\x00\
\xe3\x92\x7f\x79\x09\xfc\xbb\x57\xc6\x7e\x08\xf8\xa1\xf1\x1b\xf6\
\x39\xf1\x84\x9a\x0e\xb7\x65\x2c\xda\x3b\xc9\xba\x4d\x3a\x62\x7c\
\x99\x57\x38\xf3\x60\x7e\x80\x9f\x6f\xc6\xa6\xe0\x7e\x93\xeb\x1a\
\x2d\x8f\x88\x74\x9b\xbd\x33\x54\xb5\x8e\xf2\xc2\xee\x26\x8a\x78\
\x25\x19\x57\x43\xd4\x7f\x32\x2b\xf3\xab\xe3\x1f\xc2\x7f\x15\x7e\
\xc9\x7f\x11\x6d\x3c\x55\xe1\x7b\x99\xdb\x44\x69\xcb\x59\x5f\xa8\
\xcf\x95\x9e\x4c\x13\x7a\xf0\x71\xcf\x0c\x3d\xc5\x7d\xad\xf0\xa3\
\xf6\x80\xf0\x7f\xc6\x1d\x39\x26\xd1\x35\x28\xd6\xf7\x68\x33\x69\
\xd7\x0c\x12\x78\x9b\x1c\x8d\xa7\xaf\xd4\x57\x6b\xe2\x1d\x0b\x4d\
\xf1\x66\x8d\x77\xa4\x6a\xf6\x50\xdf\x69\xf7\x48\x63\x9a\xda\x65\
\xca\xb2\x9e\xbf\x8e\x4f\x07\xad\x34\x36\x79\xe7\xec\xf5\xfb\x4e\
\x68\x3f\x1c\x74\x54\x8c\x49\x1e\x9b\xe2\x68\x57\x17\x5a\x5b\xbf\
\x24\xff\x00\x7e\x3c\xfd\xe5\xfd\x45\x7b\x13\x5d\x00\x78\x63\x5f\
\x9d\x1f\x1a\x7f\x64\x2f\x16\x7c\x26\xd6\xdb\xc5\x1f\x0e\xe6\xbb\
\xbf\xd3\x20\x7f\x3a\x34\xb5\x63\xf6\xcb\x3e\x73\x8e\x3e\xfa\xfb\
\x8f\xc6\xba\x1f\x84\x7f\xb7\xfd\xee\x94\x62\xd2\x3e\x22\xe9\xf2\
\xdc\x34\x78\x43\xa9\xdb\x26\xd9\x57\x1c\x7e\xf6\x3f\x5f\xa5\x16\
\x1a\x7a\x1f\x61\x7c\x58\xf8\x6d\xa2\x7c\x60\xf0\x8d\xce\x81\xae\
\x42\x5e\x37\xf9\xe0\xb8\x4c\x79\x96\xf2\xf3\xb5\xd0\xfd\x7b\x77\
\xaf\x80\x64\xb6\xf1\xff\x00\xec\x53\xf1\x28\x5d\xa2\x9b\xad\x26\
\x76\xdb\xe6\xa8\x3f\x65\xd4\x21\xcf\x01\xbf\xba\xe3\x3f\x50\x7d\
\xab\xed\x7d\x2b\xf6\x91\xf8\x6b\xae\x69\x6b\x7f\x6b\xe2\xbb\x29\
\x10\xff\x00\xcb\x02\xdb\x66\xcf\x70\x50\xf4\x35\xe7\x1f\x14\xbf\
\x68\xef\x05\xeb\xf6\x17\x9a\x05\xc5\x86\x9f\xa8\xd9\xbc\x7b\xa7\
\xfe\xd2\x65\x64\x8d\x7f\xbd\x81\xd0\xfa\x77\xa1\x76\x21\xb4\x99\
\xe8\xff\x00\x0b\x7f\x69\x1f\x05\xfc\x59\xd2\xd2\x6b\x1d\x5a\x1b\
\x0b\xe0\xa0\xcf\x61\x7d\x20\x8e\x58\xdb\x8c\x8e\x7e\xf0\xc9\xea\
\x3a\xd6\x47\xc7\x4f\xf8\x53\x7a\xce\x98\x7f\xe1\x60\x6a\x7a\x59\
\x95\x14\x98\xe4\x82\x50\x6e\x90\xf4\xe0\xae\x4f\xe0\x6b\xe1\xdd\
\x23\xe1\x56\x89\xe3\xcf\x10\xdc\x5d\xe8\x26\xf7\x4c\xf0\xfc\x00\
\x81\x74\x4f\xfa\xd9\x09\xc8\x11\x03\xce\xd1\xeb\x5e\x8d\xe1\xaf\
\x83\x1e\x1e\xf0\xf5\xd0\xbb\x92\x39\x75\x4b\xd5\x6e\x26\xbd\x6d\
\xf8\x3e\xc3\xd6\xa9\x47\x52\x1d\x54\x8e\x28\xfc\x22\x8b\x55\xd6\
\x2e\xb5\x3f\x05\x6a\x1a\x96\x95\xa2\xab\x2f\xd8\x66\xd4\xc1\x4b\
\x89\x3a\xe5\xb0\xbc\x81\xe9\x9e\x6b\xac\xd3\x74\x8f\x8a\xf6\x8a\
\x2d\xc7\xc4\x3b\xc8\x2d\xc7\x03\x6c\xec\xc7\xa7\xbd\x7a\x2f\x0b\
\x80\x38\x1d\x80\xa3\x27\x15\xa2\x4b\xa9\x83\xab\x26\x79\xf4\x7f\
\x05\xf4\x9b\xb8\xee\xa6\xd6\x2e\xae\xf5\x7d\x4e\xe5\x83\xcb\x7b\
\x34\x84\x39\x6f\x5a\x82\xdf\xe0\x2f\x86\x62\x9b\xcc\x71\x73\x3a\
\xe7\x3b\x1d\xf8\xfa\x57\xa3\xd1\xdf\x3d\xe8\xb2\x27\x9d\x94\xf4\
\x8d\x1a\xc7\x40\xb4\x5b\x6b\x0b\x58\xed\x60\x1c\xed\x41\x8c\xfd\
\x4d\x5d\xdd\xcf\x4f\x7a\x4a\x07\x34\x91\x37\xea\x23\x2a\x93\x96\
\x55\x63\xea\x46\x69\x55\x55\x7e\xea\x85\xf5\xc0\xc5\x1c\x76\xa5\
\xaa\x0b\xb1\x28\xa2\x8c\x8a\x42\xb8\x51\x47\x4e\x0d\x14\xec\x01\
\x45\x14\x50\x01\x45\x07\x8f\xf0\xa2\x8b\x01\x05\xf5\x85\xae\xa9\
\x6a\xf6\xf7\x76\xf1\xdc\xc2\xdc\x32\x48\xb9\x15\xcf\x5b\xfc\x31\
\xf0\xcd\xad\xc7\x9b\x1e\x93\x11\x7c\xe7\x0d\x92\xa0\xfd\x2b\xa8\
\xeb\x46\x79\xc5\x21\xdd\x89\x1c\x69\x0c\x4b\x1c\x68\xb1\xa2\xf4\
\x55\x18\x03\xf0\xa5\xc9\xf6\xa5\xa4\xa0\x57\xee\x45\x77\x63\x6d\
\x7f\x11\x86\xe6\xde\x39\xe3\x3f\xc3\x22\x86\xc5\x63\x45\xe0\x1f\
\x0e\xdb\xdd\x09\xe3\xd1\xed\x96\x51\xc8\x3b\x33\xfa\x56\xf5\x14\
\x0e\xef\xa0\x00\xaa\x15\x55\x42\x85\x18\x18\x18\x02\xb4\x2c\x7c\
\x43\xa9\x69\x2d\xbe\xd2\xfa\x7b\x7c\x76\x47\x38\x1f\x85\x67\xd1\
\xd2\x8b\x20\x57\x5d\x4e\x8a\x1f\xda\x6b\x5c\xd2\x00\x8d\x74\xbb\
\x9f\x10\x30\x38\xc0\x83\xcb\xe9\xfe\xdf\x4a\xe5\x7c\x4f\xe2\x7f\
\x1c\xfc\x72\xbd\xfe\xcd\xd7\xf5\x38\x7c\x09\xe1\x59\x39\x92\xda\
\xd0\x19\x65\x90\x67\x18\x72\x3a\xff\x00\x2a\xb2\x5c\xfa\x9a\x01\
\xc5\x2e\x54\x6a\xaa\xc9\x1e\xf9\xf0\x6b\xc0\x5e\x0c\xf8\x7d\xa0\
\x7d\x8b\xc2\xad\x0c\xa6\x4e\x6e\x2e\x99\xc3\x4d\x39\xcf\x56\x3d\
\x71\xed\xda\xbd\x10\xe4\x1a\xf8\xfc\xdf\x4b\xa7\x8f\x3a\x16\x99\
\x5d\x48\xe6\x12\x43\x7e\x95\x76\x1f\xda\x2f\xc5\xde\x1c\x0b\x15\
\x9e\x87\x7f\xae\xa8\x38\xd9\x72\x81\x17\xfe\xfa\x3c\x8a\x87\x13\
\x48\xd4\x4f\x43\xeb\x65\x99\x97\x18\xe7\xd0\x57\x23\xe3\xdf\x8e\
\x7e\x12\xf8\x5d\x6a\xd2\xeb\xfa\xc4\x36\xf3\x01\x95\xb4\x89\xb7\
\xcc\xe7\xd9\x07\x3c\xfb\xd7\xca\xbe\x20\xf8\xa3\xf1\x93\xe2\x7d\
\xc8\xb1\x8e\xeb\x4f\xf0\x2e\x99\x37\x0c\xe9\x21\x2e\x07\xfb\x4d\
\xd4\x7e\x15\x67\x4a\xfd\x8f\x34\x1b\x5b\x0f\xf8\x49\x3c\x69\xe3\
\x19\xb5\xf5\x33\x42\x93\x1b\x47\xc2\xfe\xf6\x64\x8f\x2d\x23\x12\
\x70\x0b\x83\xf8\x54\xd9\x9a\xa9\xdc\xcc\xf8\x9d\xfb\x72\x78\xaf\
\xc7\x92\xbe\x8b\xe0\x3b\x09\xf4\x7b\x79\xbf\x76\x27\x8d\x7c\xcb\
\xc9\x47\xfb\x20\x7d\xdc\x8a\x8b\xe1\x27\xec\x63\xe2\xbf\x88\x57\
\xf1\xeb\x3e\x38\xbb\x9b\x44\xb0\x99\x84\x92\x09\x5b\x7d\xe5\xc6\
\x79\x39\xcf\xdd\xcf\xa9\xaf\xad\x3c\x0d\xf0\x8b\xc2\x3f\x0d\xa0\
\x11\xe8\x1a\x1d\xad\x94\x8b\xc1\xb8\x29\xbe\x63\xea\x4b\x1e\x45\
\x76\x69\x3b\x23\x64\x1e\x68\xf4\x29\x6a\xf5\x64\xdf\x0e\x7e\x1e\
\x78\x6b\xe1\x76\x85\x1e\x93\xe1\xbd\x3a\x2b\x0b\x71\x82\xce\xa3\
\x32\x4a\x71\xf7\x9d\xba\xb1\xae\xc1\x66\xcf\x5a\xe5\x20\xd4\x4a\
\x71\xdb\xd7\x3d\x2a\x1d\x7f\xc7\x9a\x3f\x83\x74\x79\xb5\x4d\x73\
\x52\xb7\xd3\x2c\x22\x19\x79\xee\x1c\x28\xc7\xa0\xf5\x3e\xc2\xb3\
\x71\x67\x44\x67\x65\x63\xb4\x0e\x0f\xe5\xde\xbe\x4c\xfd\xa9\xbf\
\x6c\xbb\x4f\x02\xc7\x75\xe1\x6f\x04\xdc\xc7\x7b\xe2\x32\x0c\x77\
\x17\xe8\x43\xc7\x64\x73\x82\x07\x66\x7e\xbe\xc2\xbc\x4f\xf6\x8b\
\xfd\xbc\xb5\x1f\x19\xc7\x75\xe1\xef\x02\x3c\xba\x56\x8c\xd9\x8e\
\x6d\x55\xbe\x5b\x8b\x95\xff\x00\x63\xfb\x8a\x7d\x7a\x9a\xe4\x3f\
\x66\xbf\xd9\x3f\x5f\xf8\xd7\xa8\x43\xaa\xea\xeb\x36\x91\xe1\x35\
\x7d\xd2\x5e\xca\xa4\x4b\x75\x8e\xab\x16\x7a\xe7\xa1\x63\xd3\xeb\
\x54\xa3\x6d\x58\x9c\xdb\xd2\x25\x5f\x81\x1f\x03\xbc\x47\xfb\x42\
\xf8\xba\x69\x9a\x49\xa2\xd2\x7c\xff\x00\x33\x53\xd6\x66\xcb\x72\
\x4e\x4a\xa9\x3f\x7a\x43\xfa\x77\xaf\xd3\x8f\x03\x78\x17\x47\xf8\
\x79\xe1\x7b\x3d\x0f\x43\xb4\x4b\x4b\x0b\x51\x85\x51\xcb\x39\x3d\
\x5d\x8f\x76\x27\xbd\x49\xe0\xdf\x08\x68\xfe\x02\xf0\xe5\xa6\x89\
\xa1\xd8\xc5\xa7\xe9\xb6\xcb\xb6\x38\xa2\x1d\x7d\xd8\xff\x00\x11\
\x3d\xc9\xea\x4d\x6d\x97\xf9\x70\x2a\x65\x26\xc7\x08\xa8\xeb\xd4\
\x89\x97\x70\xe6\xab\xc8\x81\xb2\x31\xd3\xa5\x59\xe9\x51\xce\xc1\
\x14\xbb\x90\xa8\xa3\x2c\x49\xc0\x1c\x75\xfc\x3a\xd4\xa3\x4d\x3a\
\x94\x65\x4c\x82\x71\xf3\x0e\x73\x5f\x28\x7e\xd1\xbf\x1f\xe3\xbd\
\x7b\x8f\x0a\xf8\x6a\xe0\x34\x4a\xc6\x3b\xfb\xe8\x8f\x0c\x7f\xe7\
\x9a\x1f\x4f\x53\xed\x8a\x3f\x69\x0f\xda\x89\x67\x79\xfc\x2d\xe0\
\xdb\xbe\x32\x63\xbd\xd5\x21\x3f\x7b\x1d\x63\x8c\xff\x00\x36\xfc\
\x2b\x86\xfd\x9e\x7e\x01\xdd\xfc\x48\xbc\x8f\x58\xd5\xe2\x92\xdf\
\xc3\x30\x9c\xee\x3f\x2b\x5d\xb0\x3f\x75\x4f\xa7\x5c\x9f\xad\x6f\
\x15\x6d\xce\x3a\x92\xe6\x97\x2c\x4d\xef\xd9\xe7\xe0\xb4\x9e\x2b\
\x9e\x3f\x11\x6b\x10\xed\xd1\x60\x6c\xdb\xc2\xe3\x1f\x69\x70\x78\
\xff\x00\x80\x83\xdf\xbe\x2b\xea\x97\x84\x05\xc2\x28\x18\x18\x03\
\xd0\x55\xfb\x7d\x3e\x0d\x3e\xd2\x1b\x7b\x58\x52\xde\xde\x14\x11\
\xa4\x51\xae\xd5\x54\x03\x00\x01\xe9\x8a\xe4\x3e\x26\x7c\x40\xd3\
\x7e\x1c\x68\x2f\xa8\x5e\xb8\x79\xdb\xe5\xb7\xb4\x53\xf3\xcc\xfd\
\x80\xf6\x1d\xcd\x26\xf9\x9d\x82\x31\x51\x5a\x9c\xcf\xc6\x0f\x88\
\xd0\x78\x1f\x44\xfb\x3c\x45\x64\xd6\x2e\xd4\x8b\x78\xcf\xf0\x0e\
\xf2\x37\xb0\xcf\x1e\xf5\xe3\xbf\x0b\xfc\x15\x75\xe2\x8b\xb7\xd6\
\xaf\x11\xde\xca\x27\x27\x74\x9c\xf9\xf2\xe7\x3f\x8e\x0f\x27\xdf\
\x15\x8b\xe1\x6d\x17\x5b\xf8\xe7\xe3\x89\xae\xee\xe4\x6f\x2d\x98\
\x49\x75\x72\x07\xc9\x0c\x79\xc8\x8d\x7d\x0f\x40\x07\xe3\x5f\x57\
\x69\xda\x15\x9e\x93\xa4\xdb\x69\xb6\xb0\xac\x16\xd6\xe9\xb2\x34\
\x1d\x87\xaf\xd6\xaf\x6d\x0c\x12\x72\xbb\x3c\xd3\x52\xd3\x23\xba\
\x43\x0d\xc2\x6e\x53\xd3\x3d\x47\xd2\xb9\x07\x86\xf3\xc2\x77\x9b\
\xd3\x32\xda\xb9\xc1\xf4\x61\xe9\xec\x6b\xd6\xf5\x7d\x23\x69\x27\
\x1d\x6b\x97\xbd\xb2\x59\x23\x78\xa6\x41\x24\x6d\x90\x41\xa0\x86\
\x8a\xb6\x37\xd1\x6a\x36\xeb\x2c\x2d\xb8\x1e\x0a\xf7\x07\xd0\xd5\
\x8a\xe4\x6e\x2d\x2e\x7c\x2b\x78\x2e\x2d\xf3\x2d\xab\xf0\x54\xf4\
\x23\xd0\xff\x00\x8d\x74\xf6\x17\xf0\xea\x36\xab\x34\x27\x20\xf5\
\x07\xaa\xfb\x1f\x7a\x60\x99\x3d\x39\x5f\x6d\x36\x8a\x06\x59\x47\
\x02\xa6\x57\xef\x54\x55\x88\x35\x62\x37\xcd\x00\x5d\x46\xef\xc5\
\x4f\x1c\x9e\xbc\x55\x34\x7e\x68\xb8\xbc\x8e\xce\x06\x96\x43\x85\
\x5e\xdd\xc9\xf4\x14\x03\x76\x26\xd5\x35\x78\xf4\x9b\x46\x91\xfe\
\x69\x0f\x08\x9e\xa6\xb9\x5d\x1a\xca\x4d\x7f\x58\x2f\x39\x2e\x80\
\xef\x94\xf6\xe3\xb7\xe3\x54\xaf\xaf\xa6\xd5\xaf\x37\x15\x2c\xc4\
\xed\x44\x1d\x85\x76\xfa\x16\x98\xba\x5d\x92\xc5\x9c\xc8\xdf\x34\
\x8d\xef\x46\x88\x8d\x59\xb9\x19\x03\xd0\x62\xa6\x8d\xf1\x55\x63\
\x6e\x6a\x65\x23\xeb\x50\x6a\xb4\x2d\xc6\xd5\x3a\xb6\xea\xa6\x8d\
\x53\xa3\x7a\xd0\x52\x65\xb4\x6c\x8a\x95\x49\x1d\xea\xaa\x35\x4e\
\xb8\xa0\xa4\x58\x07\x34\xb5\x1a\x35\x49\x52\x50\x51\x45\x14\x80\
\x28\xa2\x8a\x00\x28\xa2\x8a\x00\x28\xa2\x8a\x00\x28\xa2\x8a\x00\
\x28\xa2\x8a\x00\x28\xa2\x8a\x00\x28\xa2\x8a\x00\x28\xa2\x8a\x00\
\x28\xa2\x8a\x00\x28\xa2\x8a\x00\x28\xa2\x8a\x00\x28\xa2\x8a\x00\
\x28\xa2\x8a\x00\x28\xa2\x8a\x00\x28\xa2\x8c\xe2\x80\x02\x40\x19\
\x35\x14\xb2\x71\x44\x92\x01\x55\x65\x97\x8e\xb5\x56\x13\xd8\x6c\
\xd2\x55\x29\x66\xc9\xa7\x4b\x2e\x6a\x9c\xb2\xd5\x23\x36\xc2\x59\
\x48\xaa\x53\x4d\x8c\xf3\x49\x3c\xe4\x74\x35\x4e\x59\x41\x19\xcd\
\x32\x46\xcd\x2f\xa5\x55\x96\x50\x28\x96\x6c\x74\xeb\x55\xd9\x8b\
\x53\x10\x11\x9a\xe5\xbe\x25\x68\x9a\x47\x8a\x3c\x25\x7f\xa2\x6b\
\x11\x89\x6d\xef\x23\x2a\x10\x7d\xf5\x6f\xe1\x75\xf4\x20\xe0\xe6\
\xaf\x78\xa3\xc5\x56\x9e\x15\xb1\xf3\xae\x18\x64\xb0\x5f\x65\x04\
\x85\x05\xbd\x00\x24\x54\x5a\x36\x81\x36\xa5\x74\x2f\x75\x11\xbd\
\xc9\xca\xc4\x7b\x7d\x7f\xa0\xa0\x0f\x87\x3c\x27\xac\x6a\xbf\xb3\
\xc7\xc4\xd3\x63\xad\x43\x2c\x9a\x54\x8e\xbf\x69\x89\x41\x0b\x3c\
\x24\xe1\x66\x4f\x7c\x73\xf8\x62\xbf\x44\xfc\x24\x2c\x75\xcd\x26\
\xcf\x50\xd3\x25\x8e\xe6\xc2\xe2\x15\x96\x19\x62\x39\x56\x52\x38\
\xc5\x79\xdf\xc7\x3f\xd9\xee\xdf\xe3\x1f\x83\x1a\x2b\x75\x8e\xdf\
\xc4\x36\x21\xa4\xd3\xee\x58\x60\x12\x7a\xc4\xc7\xfb\xad\xfa\x1c\
\x57\x80\xfe\xc9\x5f\x1e\xae\x7e\x10\xf8\xb6\x5f\x87\xde\x34\x0f\
\x65\xa5\xc9\x72\xd0\xc6\xd7\x23\x07\x4e\xb9\xce\x0a\xb7\xa2\x31\
\xfc\x89\x07\xa1\x35\x17\x35\x4a\xfa\xb3\xed\xff\x00\x13\xf8\x0e\
\xcb\xc6\x7e\x10\xd5\xfc\x3f\xa8\x28\x36\x9a\x95\xab\xdb\x48\x48\
\xce\x32\x38\x6f\xa8\x20\x1f\xc2\xbc\x07\xf6\x39\xf8\x97\x7b\xa3\
\xdd\xea\xff\x00\x07\xbc\x57\x21\x8f\x5f\xf0\xec\xb2\x25\x8b\x4a\
\x79\x9e\x05\x38\x64\x19\xea\x57\x86\x1f\xec\xb7\xb5\x7d\x4e\xac\
\x18\x0d\xa4\x10\x47\x07\x3c\x1e\x9d\xff\x00\x1a\xf9\x17\xf6\xd0\
\xf8\x61\xaa\xf8\x77\x59\xd2\xfe\x31\xf8\x3b\x75\xbe\xaf\xa4\xb2\
\x7f\x68\x34\x43\xe6\xda\xbc\x24\xc4\x0e\xa0\x7d\xc6\x1f\xdd\xc5\
\x05\xad\x0f\xa9\x7c\x59\xe1\x9d\x3f\xc6\x5e\x1b\xd4\xb4\x3d\x52\
\x21\x3e\x9d\xa8\x5b\xbd\xbc\xeb\xdf\x6b\x03\xc8\xf7\x1d\x47\xb8\
\x15\xf0\xcf\xc0\x2f\x15\xea\x1f\xb2\xb7\xc7\x8d\x5b\xe1\xdf\x8a\
\x66\x31\xe8\x3a\x94\xeb\x12\xdc\x39\xc4\x6a\xe7\xfd\x45\xc0\xf4\
\x57\x04\x2b\x7a\x67\xda\xbe\xbb\xf8\x1b\xf1\x87\x4c\xf8\xdb\xe0\
\x4b\x3d\x76\xc4\xac\x37\x83\x11\x5f\x59\x67\xe6\xb6\x98\x70\xc3\
\xe8\x7a\x83\xe8\x7d\xab\x80\xfd\xaf\x3f\x67\xb1\xf1\x8f\xc2\x09\
\xaa\x69\x10\x2f\xfc\x25\x7a\x42\xb3\x5b\xe3\x83\x73\x16\x72\xf0\
\x93\xeb\xc6\x54\xfa\xe7\xd6\x80\x3d\x4f\xe2\x9f\xc3\x9d\x2f\xe2\
\xc7\x81\xb5\x3f\x0d\x6a\xaa\x3e\xcf\x79\x19\x31\xcc\x06\x5a\x19\
\x46\x4c\x72\x2f\xba\x9f\xcc\x7d\x6b\xe0\x7f\x83\x5f\x11\x75\xdf\
\xd9\x0b\xe3\x06\xa3\xe1\x9f\x15\x45\x2a\xe8\xb3\xca\x22\xd4\x22\
\x5c\xed\x0b\xd1\x2e\xa3\xf5\x18\xe7\x8e\xa0\x91\xd4\x57\xbe\x7e\
\xc7\x1f\xb4\x91\xf1\x7d\x8c\x7e\x03\xf1\x5c\xe6\x1f\x14\x69\xca\
\x61\xb5\x96\xe3\xe5\x6b\xb8\xd3\x8d\x8d\x9f\xf9\x68\x98\xc1\x1d\
\xf0\x3d\x2b\xd0\x3f\x69\x5f\xd9\xcf\x4f\xf8\xed\xe1\xb0\xf0\x79\
\x76\x5e\x28\xb1\x52\x6c\x6f\x18\x60\x38\xef\x14\x87\xfb\xa4\xf4\
\x3d\x8d\x00\x4f\xf1\xf7\xe0\xde\x91\xfb\x46\x7c\x36\x8b\xec\x17\
\x10\x36\xa5\x1a\x7d\xab\x47\xd4\xe3\xc3\x21\x24\x7d\xd2\xc3\xf8\
\x1f\xbf\xa1\xc7\xa5\x7c\xe1\xfb\x2d\xfe\xd0\xd7\xbf\x07\x35\xf9\
\xbe\x18\xfc\x43\xf3\x34\xfb\x38\x2e\x0c\x16\xd3\xdc\xe7\x36\x32\
\xe7\x06\x36\x27\xfe\x59\x9e\xc7\xa0\x27\xd0\xd7\x2d\xf0\x2f\xf6\
\x84\xf1\x2f\xec\xcb\xe2\x39\xfc\x15\xe3\x7b\x1b\xa3\xa1\x45\x2e\
\xd9\x2d\x64\x19\x96\xc8\xf7\x78\xff\x00\xbc\x87\xae\x07\x5e\xdc\
\xd7\xd2\x3f\x18\xfe\x08\xf8\x3b\xf6\xac\xf0\x9c\x3e\x24\xf0\xc6\
\xa5\x68\x35\xc1\x17\xfa\x36\xa7\x01\xdc\x92\x8e\xa2\x29\xc0\xe7\
\x8f\x53\xc8\xa0\x0f\xa1\xe2\x95\x26\x89\x25\x8d\x96\x48\xdd\x43\
\x2b\xa1\xc8\x20\xf3\x91\xeb\x91\x5c\xd7\x8f\xfe\x1b\x78\x73\xe2\
\x76\x88\xfa\x57\x88\xf4\xc8\xb5\x0b\x52\x3e\x52\xc3\x12\x46\x7d\
\x51\xba\xa9\x15\xf1\x17\x83\xbe\x32\x7c\x5a\xfd\x95\xa6\x5f\x0f\
\xf8\xaf\x42\xb8\xd6\x3c\x3b\x0b\x6c\x8c\x4b\x97\x08\x01\xe4\x45\
\x30\xcf\x1d\x78\x35\xed\xfa\x2f\xed\xf7\xf0\xd7\x50\xb5\x56\xbe\
\x1a\x96\x99\x73\xde\x09\x60\xde\x41\xee\x01\x1d\x69\x58\x0f\x1e\
\xf8\x95\xfb\x08\x78\xa7\xc2\x17\xf2\x6a\xff\x00\x0e\xf5\x47\xd4\
\x22\x8c\xf9\x91\xdb\x34\xbe\x4d\xdc\x63\xd1\x58\x70\xd8\xae\x73\
\xc3\x7f\xb5\x97\xc5\xaf\x83\x9a\x8b\x68\xfe\x2b\xb3\x97\x55\x8a\
\xdb\x6a\xcb\x6d\xaa\xc4\x52\x64\xe3\x8f\xde\x0f\x50\x32\x33\x5e\
\xc5\xe3\xff\x00\xdb\x9a\x29\x74\x7b\xa6\xf0\x4e\x8d\x3f\x97\x1a\
\xfc\xda\xce\xaa\x9b\x21\x8c\xe7\xf8\x13\xab\xb7\xa0\xae\x43\xc0\
\xf6\xfa\x9e\xa1\xe1\x39\x66\xf1\x34\xad\xa9\xea\x3a\xc5\xc7\xf6\
\x8d\xe1\xbd\x50\xee\x5c\x80\xa8\x0e\x7a\x6d\x40\x00\x03\x81\x93\
\x4d\x26\xc8\x94\xd4\x4e\x8e\xc7\xfe\x0a\x3d\xa0\x35\xa1\x6b\xaf\
\x09\x5f\xc7\x77\xb4\xe1\x61\x9d\x0a\x13\x81\x81\x9e\xb5\xe1\x9f\
\x15\xbe\x3a\xe9\x1f\x1a\x75\x1d\xf1\xfc\x3e\x85\xae\xd8\x90\x92\
\xdb\xae\xc9\x79\xee\xcc\xa3\x9f\xc6\xbd\x60\xf8\x0f\xc3\x85\xf7\
\xff\x00\x62\x58\xee\xf5\xf2\x85\x6a\x58\xe9\x76\x7a\x68\x02\xd6\
\xd2\x0b\x61\xd3\x11\x46\x17\x3f\x95\x5f\x29\x97\xb6\x47\xce\x5e\
\x0e\xfd\x9e\xf5\x4d\x72\x5f\xb5\xea\xff\x00\xf1\x25\xb2\x62\x4a\
\x42\xa7\x74\xa4\x1e\x83\xda\xbd\x2f\x44\xfd\x9f\x7c\x2f\xa5\xce\
\x26\xb8\x17\x1a\x9b\x83\xbb\x17\x2f\x95\xcf\xb8\xef\x5e\x98\x7b\
\x8c\xe7\xb6\x69\x2a\xac\x64\xe6\xd8\xcb\x7b\x58\x6c\xe0\x48\x60\
\x8d\x61\x8a\x31\xb5\x51\x06\xd5\x51\xec\x29\xf4\x51\xfc\x40\x74\
\x26\x96\xc4\x6e\x14\xbd\x47\x15\xa3\xa7\x78\x73\x52\xd5\x58\x0b\
\x5b\x39\x64\x07\x8c\xed\xc0\xfa\xe4\xd7\x57\xa6\xfc\x25\xbf\x9b\
\x6b\x5e\x5c\xc5\x6a\xbd\x4a\xaf\xcc\x71\xde\x9d\xd0\xd2\x6f\x43\
\x83\xc7\xa7\xd6\x9b\x24\xa9\x0a\x17\x91\x96\x34\x1c\x92\xe4\x01\
\xf8\x9a\xf0\xbf\xda\xaf\xf6\xb3\xf0\xb7\xc2\xb1\x79\xe1\x4f\x01\
\xcc\x35\xff\x00\x14\xae\x63\xb9\xd5\x19\xb7\x5b\x59\x36\x3a\x26\
\x3e\xfb\x8c\x63\xd0\x57\xc1\x7e\x22\xf8\xb1\xe2\xff\x00\x16\x4a\
\x5f\x54\xf1\x16\xa1\x75\x9c\xfc\xad\x3b\x05\xc7\xa6\x06\x05\x67\
\x29\xa4\x76\x53\xc3\x4a\x4a\xef\x43\xf5\x03\x5c\xf8\xa5\xe1\x1f\
\x0e\x6f\x1a\x8f\x89\x34\xdb\x56\x51\x92\x8d\x70\xa5\xbf\x00\x2b\
\x80\xd6\x7f\x6c\x0f\x86\x1a\x38\xe3\x5b\x7b\xe3\xd3\x16\x90\xb3\
\xd7\xe6\x9c\x93\xb4\x8c\x59\xd8\xb3\x1e\xec\x73\x4c\x24\x91\x50\
\xea\x33\xa5\x61\x20\xb7\x3e\xfb\xd5\x7f\x6f\x9f\x05\x5a\x33\x0b\
\x2d\x23\x53\xbe\x1f\xc2\x70\xb1\xe7\xf3\xae\x4e\xfb\xfe\x0a\x14\
\x85\x98\x59\xf8\x43\x8f\xe1\x33\xdd\x7f\x85\x7c\x5f\x4a\x10\xb6\
\x48\xed\x52\xe6\xcd\x16\x1e\x9a\xe8\x7d\x57\x79\xff\x00\x05\x02\
\xf1\x44\x92\x13\x6d\xe1\xdd\x36\x24\xec\x24\x66\x6a\xc7\xbd\xfd\
\xbb\xfc\x7d\x70\x4f\x91\x6d\xa5\xdb\x0c\xe4\x05\x84\x9c\x7b\x72\
\x6b\xe6\xc2\x30\x69\x29\x73\xb2\xd5\x18\x2e\x87\xbf\x4b\xfb\x6e\
\x7c\x4f\x7c\x94\xbf\xb1\x40\x4f\x01\x6d\x07\xf8\xd5\x6b\x9f\xdb\
\x3b\xe2\x85\xd0\x03\xfb\x5e\x08\xf0\x7f\xe5\x9d\xb2\x8c\xfd\x6b\
\xc2\xa9\xf0\xae\xf9\x14\x7b\xd2\xe6\x7d\xc7\xec\xe1\xd8\xf6\xf7\
\xfd\xaf\xfe\x29\x22\xe7\xfb\x75\x3f\xef\xc2\xd4\x5f\xf0\xd8\xbf\
\x14\x03\x67\xfb\x75\x31\xff\x00\x5e\xeb\x5e\x45\x2c\x44\xc4\xdf\
\x43\x59\xf4\x73\x3e\xe3\x50\x87\x63\xde\x93\xf6\xd6\xf8\xa1\x1a\
\x2a\x8d\x52\xd1\xb0\x30\x0b\x5a\x29\x27\xeb\x56\x60\xfd\xb7\xfe\
\x25\xc6\x7f\x79\x73\xa7\xca\x31\x8c\x1b\x50\x3f\xad\x7c\xf9\x45\
\x1c\xd2\xee\x1e\xce\x1d\x8f\xa7\x6c\xff\x00\x6f\x6f\x1b\xc0\xb8\
\x9b\x4d\xd2\xee\x0f\x1d\x63\x61\xfc\xab\x67\x4e\xff\x00\x82\x82\
\xeb\x91\xb2\x9b\xdf\x0c\x58\x4c\xa3\x19\xf2\xa6\x65\xcf\x5a\xf9\
\x26\x94\x0c\xd3\xe7\x97\x72\x5d\x1a\x6f\xa1\xf6\xce\x9b\xff\x00\
\x05\x09\xb1\x2e\x3e\xdb\xe1\x2b\x85\x5c\x72\x6d\xee\x03\x7f\x3a\
\xeb\x34\xaf\xdb\xcb\xc0\x37\x47\xfd\x32\xcb\x54\xb0\xcf\x1c\xc4\
\x24\xfe\x55\xf0\x25\xa4\x59\x42\xd8\xef\xc5\x32\xef\x20\x81\x4d\
\x54\x64\x3c\x3d\x37\xd0\xfd\x32\xd2\x3f\x6b\x3f\x86\x1a\xba\x29\
\x1e\x22\x4b\x36\x63\x8d\x97\x51\x32\x1a\xee\x74\x8f\x89\xde\x12\
\xd7\x99\x46\x9f\xe2\x3d\x32\xe8\xb0\xe1\x52\xe5\x41\xfd\x4f\x5a\
\xfc\x8e\x56\xe7\x19\xeb\xda\x9e\xb3\x3c\x4c\x36\xb1\x46\x1d\xd4\
\xe2\xab\xda\x19\x3c\x24\x7a\x1f\xb2\x10\xcd\x1d\xc2\xab\x43\x22\
\x4a\xa7\xa3\x23\x06\x07\xe8\x45\x3f\x23\x38\x3d\x7d\x0f\x6a\xfc\
\x8d\xd0\xfe\x24\xf8\xa3\xc3\x72\xac\x9a\x66\xbf\xa8\x59\xb2\xf4\
\xf2\xee\x1b\x03\xf0\x27\x15\xe9\x9e\x1a\xfd\xb1\xbe\x25\xf8\x7c\
\xc6\x8f\xab\xc7\xa9\xc4\x83\x1b\x2f\xa2\x0f\x91\xf5\xe0\xd5\x7b\
\x44\x63\x2c\x24\xbe\xcb\x3f\x49\xbb\x67\x26\x94\xf0\x6b\xe3\x0f\
\x0b\x7f\xc1\x40\xe5\x5d\xb1\xf8\x83\xc3\x28\xe0\x00\x0c\xd6\x33\
\x60\x9f\x72\xad\xfc\xab\xd9\x7c\x29\xfb\x5e\xfc\x35\xf1\x4b\x2a\
\x36\xae\xfa\x4c\xc4\xe3\xcb\xd4\x23\x29\xff\x00\x8f\x74\xab\x52\
\x4c\xe7\x95\x0a\x91\xdd\x1e\xd3\x4b\xcd\x52\xd2\xb5\xad\x3f\x5d\
\xb6\xf3\xf4\xdb\xeb\x7b\xf8\x70\x3f\x79\x6f\x28\x70\x33\xf4\xab\
\xbe\x9e\xf4\xf7\x31\xd5\x09\x50\xea\xd6\xa7\x55\xd1\x35\x1d\x2d\
\xe6\x92\x3b\x7b\xd8\x1a\x19\x04\x6c\x47\x04\x75\xfa\x82\x01\xfc\
\x2a\x6a\x50\x70\x47\xb5\x50\x26\xd1\x0f\x83\x3f\x6b\xed\x63\xe1\
\x8f\x91\xa0\x7c\x48\xd3\xe5\xbc\x16\xea\x23\x8b\x5b\xb7\x52\x45\
\xc2\x28\xc2\xb3\x7f\xb5\x8c\x57\xa2\xdd\x7e\xdc\xdf\x0a\x6d\xad\
\x12\x61\xa9\xde\x5c\x39\x1c\xc5\x0d\xab\x17\x1e\xc6\xbc\xe2\xf6\
\xc2\xdb\x52\x80\xc3\x77\x04\x57\x30\x9e\xa9\x2a\x06\x1f\x5c\x57\
\x33\x71\xf0\x9f\xc2\x57\x52\x07\x7d\x0e\xd8\x37\x4f\x97\x20\x54\
\xf2\x9b\xc6\xa5\xb5\x66\x97\x8f\x7f\xe0\xa2\x8a\xf1\xc9\x6f\xe0\
\xef\x0e\xb0\x94\xe4\x2d\xde\xa4\xd9\xc7\xb8\x41\xd7\xf1\xaf\x11\
\x1e\x1e\xf8\xc5\xfb\x4f\x6b\xc9\x73\x71\x6f\xa8\xea\xaa\x5b\xe5\
\x96\xe0\x18\x6d\x20\x1e\xc0\xfc\xa0\x0c\xf6\xe6\xbe\x84\xf0\x26\
\x89\xe1\xbf\x01\xde\x2c\xd6\xde\x17\xd2\xae\x80\x39\xff\x00\x49\
\x80\x3b\x0f\xa1\x35\xee\x9e\x1d\xf8\xf5\xe1\xb7\xd5\x61\xd1\xf5\
\x00\x9e\x1f\x33\x80\x2c\xda\x6c\x2c\x12\xb7\x78\xc1\xe8\xae\x0f\
\x38\xee\x18\x7a\x54\xd9\xa3\x58\xd4\x52\x3c\xb3\xe0\x97\xec\x33\
\xa0\xf8\x36\x5b\x6d\x57\xc6\x73\x27\x88\x75\x24\x21\xd2\xc9\x01\
\x16\xb1\x9e\xbc\xf7\x7c\x71\xd7\x8a\xfa\xeb\x4e\xbb\x86\xd6\x18\
\xe0\x86\x34\x82\x14\x50\x89\x1a\x00\xaa\xa3\xd0\x01\xd2\xb2\x23\
\x71\x2a\x87\x52\x0a\xb6\x30\x54\xe4\x1c\xf7\xcd\x3b\x35\x9b\xd4\
\xd5\x3b\x6c\x75\x31\x5e\x06\x1c\x1a\xb4\x93\x02\x33\x5c\x94\x77\
\x52\x46\x78\xe4\x7a\x57\x9b\xfc\x56\xfd\xa9\xbc\x27\xf0\x9a\xd6\
\x48\xa7\xb9\x5d\x53\x5b\xdb\x98\xf4\xdb\x56\x0c\xd9\xed\xbc\xf4\
\x51\xfa\xd4\xf2\xf6\x35\x55\x12\xdc\xf6\x7f\x10\xf8\x97\x4c\xf0\
\xae\x93\x71\xaa\x6a\xf7\xb0\xd8\xd8\xdb\x8c\xc9\x3c\xed\xb5\x47\
\xf8\xfd\x05\x7c\x2d\xfb\x41\xfe\xd7\x97\xbf\x10\x4d\xce\x81\xe1\
\x47\x97\x4e\xf0\xe7\xdd\x96\xe8\xfc\xb3\x5d\x8c\xe3\xfe\x02\x9e\
\xdd\xf8\xaf\x21\xf8\x85\xf1\x8b\xc6\xdf\xb4\x2f\x89\x61\x82\x7f\
\x3e\xe5\x64\x7c\x5a\x69\x16\x20\x98\xd3\x3d\x3e\x51\xd4\xfb\x9a\
\xfa\x6f\xf6\x7c\xfd\x8c\xe2\xd2\x1a\xd7\x5e\xf1\xda\xa5\xcd\xea\
\xe2\x48\x74\x70\x77\x47\x19\x1c\x83\x21\xfe\x23\xed\xd2\xa9\x24\
\x8c\xdc\xe5\x37\x68\xec\x70\xbf\xb3\x8f\xec\xbf\x7b\xf1\x02\x4b\
\x7f\x10\x78\x9a\x29\x2c\xbc\x38\xa7\x74\x50\x10\x56\x4b\xcf\xa7\
\xa2\x76\xcf\x7a\xfb\x8e\xcf\x4e\xb6\xd2\x6c\xe0\xb2\xb3\x81\x2d\
\xad\x20\x40\x91\x43\x1a\xed\x55\x5c\x60\x00\x3b\x77\xab\x6a\x91\
\xc1\x10\x50\x16\x28\x90\x6d\x1d\x00\x40\x07\xe8\x05\x78\x1f\xc6\
\xcf\xda\xc7\x41\xf0\x12\xcb\xa5\xf8\x7d\xe2\xd7\x35\xe0\x0a\x92\
\x87\x30\x5b\x9e\x99\x66\x1d\x48\xf4\x14\xae\xe4\x5f\x2a\xa4\xae\
\x77\x9f\x14\xfe\x29\xe8\xbf\x0a\xb4\x66\xbd\xd4\xa4\x0f\x73\x20\
\xc5\xb5\x92\x11\xe6\x4c\xdd\xb8\xec\x3d\x4f\x6a\xf9\x02\xc6\x2f\
\x14\xfe\xd1\xbe\x3f\x69\x59\x8f\x24\x17\x90\xe7\xc8\xb2\x87\xb0\
\x1f\x87\x6e\xa6\xab\xf8\x0f\xc0\x1e\x33\xfd\xa4\x7c\x59\x2e\xad\
\x7f\x71\x2f\xd8\xcb\xff\x00\xa4\xea\x97\x03\xf7\x68\x3a\xec\x8d\
\x7a\x1f\x60\x3a\x57\xda\xbe\x06\xf0\x06\x8f\xf0\xef\x40\x87\x48\
\xd2\x2d\xc4\x50\xaf\x32\x4a\xdf\xeb\x25\x6f\xef\x31\xee\x4f\xe9\
\x56\x9a\x89\x85\x9d\x4d\x7a\x14\x7c\x1b\xe0\x5d\x3b\xe1\xf6\x81\
\x06\x95\xa6\xc7\x88\x93\x26\x49\x58\x7c\xf3\x3e\x30\x5d\xbf\x5f\
\xe5\x5a\xf2\x47\xb4\xe4\x70\x0d\x68\x3a\xf0\x41\xf4\xc5\x55\x91\
\x36\x12\xbe\x83\x22\xa6\xe6\x96\xb1\x9f\x75\x6c\xb7\x31\x90\x47\
\xcd\xeb\x5c\x8e\xad\xa4\x95\x76\x21\x79\xae\xd1\x90\xa1\xe7\xbf\
\x35\x52\xf6\xcc\x5c\x21\xc7\x50\x2a\x93\x32\x94\x7b\x1e\x69\x75\
\x6a\xa5\x5a\x29\x10\x34\x67\x82\xad\xde\xb9\x1b\xbb\x3b\x8f\x0c\
\x5d\xfd\xa6\xdb\x32\x5a\xb1\xc3\x29\xfe\x47\xfc\x6b\xd3\x35\x3d\
\x37\x69\x27\x6d\x60\xdc\x5b\xa9\x0f\x1b\xa8\x64\x23\x04\x11\xd4\
\x55\x9c\xed\x15\x6c\x6f\x62\xd4\x2d\xd6\x68\x5b\x2a\x7a\x8e\xe3\
\xd8\xd5\x83\x5c\x9d\xea\x49\xe1\x2b\xcf\xb5\x46\xd9\xb1\x73\x86\
\x56\x3d\x3d\xbe\xbd\x71\x4a\x7c\x5d\x36\xb9\x73\xf6\x5d\x12\x12\
\xdd\x37\xdc\xca\x3e\x54\xfc\x28\x1a\x7d\xce\xa2\x49\xd2\x27\x55\
\x72\x37\x31\xc0\x51\xd4\xfe\x15\x28\x3b\x70\x47\x4f\x4a\xa1\xa6\
\xe9\xa2\xc5\x37\x33\xb4\xf7\x2f\xc3\xcc\xfd\x4f\xd3\xd0\x7b\x55\
\x8b\x9b\x98\xec\xe0\x69\x66\x60\x88\xa3\xa9\xeb\x40\xf6\x2d\x35\
\xdc\x70\x44\x5e\x46\xc2\x8f\x5f\xe5\x5c\xd6\xa5\xa9\x3e\xa1\x36\
\x49\xc4\x6b\xf7\x53\xd3\xdf\xeb\x59\xb7\xfa\xdb\xea\x52\xe4\x7c\
\x90\xa9\xf9\x53\xd0\x7a\x9a\xd3\xd0\xb4\xe3\x7c\xc2\x59\x01\x10\
\x83\xdf\xf8\xbf\xfa\xd4\x10\xdd\xcd\x6f\x0c\xe9\x81\x4a\xdd\x48\
\xbc\xff\x00\xcb\x30\x7b\x7b\xd7\x55\x1c\x82\xb3\xe2\x20\x28\x03\
\x80\x2a\xc2\x35\x0f\x52\x92\xb1\xa0\x8d\x53\xc6\xd5\x4a\x37\xab\
\x08\xd8\xa9\x63\x2d\x2b\x60\xf2\x2a\x74\x7d\xdc\x76\xaa\xc1\xb3\
\x8a\x95\x0e\x29\x0e\xe5\xc4\x61\x8f\x7a\x9d\x1b\x22\xaa\x23\x54\
\xea\xc0\x63\x14\x16\x99\x64\x37\x3c\x54\xca\x77\x55\x55\x24\xd4\
\xe8\xc7\xd6\x93\x2c\x92\x8a\x28\xa9\x18\x51\x45\x14\x00\x51\x45\
\x14\x00\x51\x45\x14\x00\x51\x45\x14\x00\x51\x45\x14\x00\x51\x45\
\x14\x00\x51\x45\x14\x00\x51\x45\x14\x00\x51\x45\x14\x00\x51\x45\
\x14\x00\x51\x45\x14\x00\x51\x45\x14\x00\x51\x45\x14\x00\x51\x45\
\x28\x19\xa0\x04\x27\x15\x1c\xae\x31\xd6\x9d\x23\x05\xeb\x55\x65\
\x90\x63\xb5\x55\x81\x8d\x9a\x4a\xa3\x34\xbe\x94\xe9\xa6\xe7\x19\
\xaa\x73\x4b\xb6\x99\x93\x62\x4b\x2e\x06\x2a\x8c\xd3\x63\xbd\x13\
\xcb\xde\xa8\xcb\x2f\x35\x44\x8b\x2c\xd9\xcf\x35\x4a\x69\x72\x30\
\x3a\xd1\x2c\xdc\xe2\xa0\x27\x9f\xad\x31\x08\xc4\xb5\x66\x6b\x3a\
\xd2\xe9\xa3\xca\x88\x79\xb7\x6f\xf7\x23\x1d\xbd\xcd\x26\xb3\xac\
\x8b\x3c\x5b\xdb\x8f\x3a\xf1\xf8\x55\x1c\xed\xfa\xd4\x9e\x1e\xf0\
\xdb\x24\x9f\x68\xb9\x3e\x75\xdb\x9c\x96\x6e\x8b\x9f\xeb\x40\x33\
\x3a\xdb\xc1\x31\xeb\xd6\x57\x51\xeb\x0b\xf6\x8f\xb6\xc4\xd0\xc8\
\x87\xb2\xb0\xc1\xfc\x46\x72\x3d\x2a\x8f\xc0\x0f\x15\x5c\x5d\xdf\
\x6a\xbe\x01\xf1\x04\x87\xfe\x12\xbf\x0d\xb8\x88\xbc\x87\x9b\xdb\
\x5f\xf9\x65\x70\xbe\xb9\x5d\xb9\xf7\xfa\xd7\xad\x69\x7a\x46\x30\
\x40\xcf\xd6\xbe\x68\xfd\xb2\xad\x75\x4f\x85\xfe\x3a\xf0\x3f\xc4\
\xbf\x0d\x8f\xb3\x6a\x56\xeb\x25\xa4\xee\x07\xcb\x38\x43\xb8\x46\
\xfe\xb9\x42\xe3\x1e\x80\xfa\x54\xf5\x2a\x31\x6c\xfa\xea\xda\xcd\
\x61\x5e\x47\x38\xaf\x98\xbf\x6c\x7f\xd9\x8b\xfe\x16\x2e\x9b\x2f\
\x8c\xfc\x35\x6a\x0f\x89\xac\xe3\xcd\xd5\xb4\x6b\x83\x7d\x12\x82\
\x78\xf5\x91\x40\xe3\xd4\x0c\x75\xc5\x7b\x9f\xc2\x1f\x8a\xba\x47\
\xc6\x2f\x03\xd8\xf8\x8b\x48\x90\x05\x94\x6c\xb8\xb6\x27\x2f\x6f\
\x30\xfb\xd1\xb7\xd0\xf4\x3d\xc7\x35\xd9\xf5\xff\x00\xeb\x7f\x9f\
\xa5\x49\xbd\xac\x7c\x67\xfb\x1b\xfe\xd4\xdf\x6c\x5b\x6f\x87\xde\
\x31\xba\x31\xde\x44\x3c\xad\x2e\xfe\xe1\xb1\xe6\x01\xff\x00\x2c\
\x24\x27\xa3\x0f\xe1\x27\xaf\x4e\xd5\xf6\x35\xed\x95\xbe\xa1\x69\
\x3d\xa5\xd4\x29\x3d\xac\xf1\x98\xa6\x8a\x45\xca\xba\x11\x86\x52\
\x3d\x08\x26\xbe\x38\xfd\xaf\x7f\x64\xf7\xbe\x92\xeb\xc7\xbe\x08\
\xb4\x6f\xed\x00\x7c\xed\x4b\x4c\xb6\x18\x2d\xdc\xcf\x10\x1d\x0f\
\x72\xa3\xea\x2a\xf7\xec\x9d\xfb\x5e\x47\xaf\xc7\x6b\xe0\xcf\x1c\
\xde\x08\x75\x78\xf1\x0d\x8e\xa7\x39\xc0\xb9\x03\x81\x1c\x84\xf4\
\x71\xd8\x9e\xbf\x5a\x62\x38\x9f\x17\xf8\x77\xc4\x1f\xb1\x1f\xc5\
\xb5\xf1\x26\x81\x0c\xb7\xde\x00\xd5\xe4\xf2\xe5\xb6\x2c\x4a\x84\
\x27\x26\x17\x3d\x99\x32\x4a\x37\x7e\x95\xf6\xbf\x81\x3c\x77\xa3\
\x7c\x47\xf0\xbd\x9e\xbd\xa1\x5e\x25\xed\x85\xca\x06\x0c\xa7\xe6\
\x8d\xb1\xca\x30\xec\xc3\xa6\x2a\xd7\x8a\xbc\x2d\xa5\x78\xdb\x40\
\xbd\xd1\x75\x9b\x38\xef\xf4\xcb\xc8\xca\x4b\x0c\x83\x82\x08\xe0\
\x83\xd8\x8e\xc7\xd6\xbe\x23\xd7\xfc\x09\xf1\x07\xf6\x2e\xf1\x5c\
\xfe\x21\xf0\x93\xcd\xe2\x0f\x02\xdc\x3f\xfa\x4d\xb3\x65\x82\xaf\
\xf7\x65\x51\xf7\x48\xe7\x0e\x3f\x1a\x06\x8f\x40\xfd\xa9\xff\x00\
\x65\x6b\xbf\x10\x6a\x2d\xe3\xff\x00\x00\x29\xb5\xf1\x35\xb9\xfb\
\x45\xd5\x95\xb1\xd8\xd7\x0e\xbf\xf2\xd6\x32\x3a\x49\xea\x3f\x8b\
\xeb\x4e\xfd\x9d\xbf\x6c\xcb\x4f\x11\x08\x7c\x2f\xf1\x0a\x41\xa4\
\x78\x8e\x13\xe4\xa5\xfc\xe3\xcb\x8e\xe5\xb2\x06\x24\xcf\xdc\x73\
\x9c\x73\xc7\x15\xea\xbf\x07\xff\x00\x69\x9f\x05\x7c\x61\xb1\x85\
\x6c\xb5\x04\xd3\xb5\x8c\x66\x4d\x2e\xf5\xc2\x48\xad\x8c\x1d\xa7\
\xa3\x0f\x42\x2b\x3b\xe3\x4f\xec\xa1\xe0\xef\x8c\x72\x4b\x7f\x2c\
\x4d\xa2\xeb\xcc\x38\xd4\x6c\xd4\x0f\x30\xe3\xfe\x5a\x2f\x46\xfa\
\xf5\xa0\x19\xbb\xf1\x97\xe0\x1f\x85\x3e\x39\xe8\xea\xba\xac\x22\
\x2b\xf4\x4c\xda\xea\xd6\xd8\xf3\x63\xf4\xe7\xf8\x97\x3c\xe0\xfe\
\x15\xf0\xf7\x8b\xfe\x1b\xfc\x50\xfd\x91\x7c\x49\x69\x79\xa2\xea\
\xec\xd6\x77\xd7\x1e\x55\xac\xd6\x4f\xb9\x6e\x98\x72\x11\xe1\x3d\
\x4f\x5c\xf1\x5e\xc9\xa1\xfc\x13\xfd\xa1\xfe\x14\x4e\x34\xef\x0a\
\xf8\xb2\xd3\x54\xd1\xc1\xd9\x17\xda\xa5\xdc\xb1\xa8\xef\xb5\xf9\
\x5a\xdd\x6f\x0c\xcd\xf0\xaa\xf6\x7f\x89\x1f\x17\x3c\x48\x9e\x2c\
\xf1\x85\x95\xbb\xae\x97\xa6\x5b\x81\xe4\x5a\x3b\x0c\x02\xab\xd3\
\x73\x12\x00\x34\x09\xe8\x79\x87\x82\xff\x00\x6e\xdd\x43\xc3\xfa\
\x34\x3a\x1f\x8c\x3c\x23\x16\xac\xb1\xee\x0f\x29\x3b\x64\x72\x58\
\xb3\x16\x47\x18\xc9\x2c\x7f\x2a\xa1\xe3\x4f\xda\xb3\xc1\x7e\x20\
\x84\x43\xe1\xcf\x86\x36\x70\x5d\x3a\xfc\xf3\x4b\x6d\x19\x90\xb7\
\xb6\x07\x03\xde\xbd\x37\xc4\x92\xa7\x8d\xda\xda\xeb\x5b\xd3\x6c\
\x5e\xe8\x44\x9b\xd5\x6d\xd7\xe5\x6d\xa3\x77\x38\xc9\xe7\x3c\xd6\
\x7d\xaf\x87\xb4\xbd\x3d\x83\x5b\x69\xd6\xb0\x3f\xf7\xe3\x85\x41\
\x1f\x8e\x2a\x94\x4c\x1d\x44\xf4\x3c\xb3\xc1\xfe\x0f\xd6\xbc\x7b\
\xab\x5a\xeb\xbe\x2c\x81\x6c\x74\xcb\x52\x1e\xc7\x48\x45\xd8\x9b\
\xbb\x33\x2f\xa0\xf7\xe4\xd7\xb1\x67\xe5\xc5\x20\xeb\xfd\x68\xab\
\x46\x0e\x57\x0a\x29\x48\xff\x00\x1a\xd6\xd0\xfc\x2f\xa8\xeb\xcf\
\xb6\xd2\xdc\xb2\x77\x91\xf8\x41\xf8\xd0\x2b\x19\x3d\x6a\xd5\x8e\
\x97\x75\xaa\x48\x23\xb4\xb7\x92\x77\xce\x0e\xc5\xe3\x3f\x5a\xf4\
\xed\x0b\xe1\x55\x9d\xa1\x59\x35\x19\x4d\xd4\x9f\xf3\xcd\x7e\x54\
\x1f\xe3\x5d\xb5\xa5\x8d\xbe\x9f\x08\x8a\xda\x14\x86\x31\xc6\xd4\
\x5c\x52\x72\x34\x8c\x4f\x2f\xd1\xfe\x12\xde\x5c\x05\x7b\xf9\xd6\
\xd9\x0f\x25\x23\xf9\x9b\xe9\xed\x5d\xbe\x93\xe0\x2d\x1b\x49\x01\
\xa3\xb6\x13\xca\x3f\xe5\xa4\xdc\x93\xf8\x76\xae\x82\x8c\x80\x46\
\x4e\x3f\xc2\xa2\xf7\x29\x46\xc3\x0b\x47\x6d\x0b\x1f\x92\x28\xd1\
\x49\x24\xe1\x54\x01\xd7\x3e\xdf\xe1\x5f\x9b\x9f\xb6\xcf\xed\xef\
\x2e\xaf\x25\xff\x00\x80\xbe\x1a\xdf\xb4\x5a\x7a\xb3\x43\xa8\xeb\
\xd0\x1c\x35\xc6\x3a\xc7\x09\x1d\x17\xae\x5f\xbf\x6e\x29\xbf\xb7\
\xaf\xed\xba\xfa\xcd\xcd\xff\x00\xc3\x6f\x01\x6a\x06\x3d\x36\x22\
\x61\xd5\xf5\x7b\x77\xff\x00\x8f\x86\xef\x04\x6c\x3f\x80\x74\x66\
\x1d\x4f\x15\xf9\xf8\xef\x93\x90\x78\xac\xe5\x23\xd1\xa3\x47\x97\
\xde\x62\xc9\x2b\x3c\x8c\xcc\x49\x24\xe4\x93\xc9\xcd\x47\x45\x15\
\x96\xe7\x58\x51\x45\x14\x00\x53\xe1\x62\x8e\x31\xf4\xa6\x51\x40\
\x16\xe4\xb5\x3c\xb2\xf3\xed\x55\x48\xe7\x15\xa5\x6c\xc6\x58\x81\
\x07\xd8\x8a\x8a\xee\xcc\xed\x32\x2f\x3e\xa0\x50\x22\x8d\x4f\x64\
\xb9\x9f\x8e\xc0\xd4\x38\xab\x7a\x62\x16\x9d\xfa\xf0\xa6\x80\x65\
\xc3\x19\x2a\xc3\x1d\x41\x15\x90\x78\x63\xeb\x9a\xde\x11\x94\xea\
\x40\xc7\xbd\x63\x5c\x44\x52\x77\x50\x33\x86\x38\x34\x02\x1a\xeb\
\xb6\x38\xcf\xf7\x81\x3f\xad\x47\x56\x67\x4c\x5b\x40\x7d\x88\xaa\
\xe1\x49\xf5\xa0\x63\x82\x66\x36\x6f\x42\x07\xe7\x48\x80\xb3\x60\
\x75\x35\x61\x93\x66\x9e\x18\xf5\x67\xfd\x00\xa5\xd3\x61\xf3\x6e\
\x33\xd9\x46\x7e\xbe\xd4\x01\x71\x21\xd8\x81\x73\xd2\xb3\xef\x38\
\xb8\x23\xd3\x8a\xd7\x31\x36\x6b\x24\xa1\xba\xba\x60\x3b\xb1\xe7\
\xda\x81\x26\x36\x08\xf0\xad\x21\xe8\xbc\x0f\x7a\x88\xf3\xd6\xae\
\x5e\xe2\x18\xd2\x31\xc0\xea\x6a\x99\xeb\x40\xc4\xa5\xa4\xa2\x81\
\x0b\x9a\x0b\x13\xdf\x8a\x4a\x28\x19\xdf\xfc\x20\xf8\xcb\xe2\x3f\
\x83\x5e\x2c\xb4\xd6\xb4\x4b\x80\x55\x0e\xd9\xec\x67\xf9\xa0\xb9\
\x8c\xfd\xe4\x75\xf4\x23\xb8\xe4\x57\xeb\x27\xc0\x8f\x88\x3e\x03\
\xfd\xa6\xfc\x1e\x9a\xb6\x81\x31\xd2\xb5\x98\x55\x46\xa1\xa5\x07\
\xdc\xf6\xd2\x77\xe0\xf5\x42\x7a\x30\xaf\xc5\xd1\x9e\xd5\xdc\x7c\
\x1f\xf8\xb7\xe2\x0f\x82\x9e\x36\xb0\xf1\x3f\x87\x2e\xcd\xbd\xed\
\xb3\x0d\xf1\x31\x3e\x5c\xf1\xff\x00\x14\x6e\x3b\xa9\x19\x15\x71\
\x95\x8c\x2a\x51\x55\x17\x99\xfb\x29\xab\x7c\x2c\xd5\x2c\x43\x3d\
\xab\x25\xec\x63\xb2\x70\xd8\xfa\x57\x25\x79\xa7\xdc\x58\x39\x4b\
\x88\x24\x81\x81\xc6\x1d\x71\x5d\xef\xec\xed\xfb\x40\xf8\x7f\xf6\
\x89\xf0\x05\xbf\x88\x74\x69\x16\x1b\xc4\xc4\x5a\x8e\x9a\xed\x99\
\x2d\x26\xc1\xca\x9f\x55\x3d\x54\xf7\x07\xd4\x57\xa4\xde\x58\x5b\
\x6a\x11\xf9\x77\x30\x47\x3a\xe3\x18\x75\xcd\x6e\xa4\x79\x52\xa7\
\x67\x66\x7c\xe3\x45\x7a\xfe\xaf\xf0\xa7\x4e\xbc\x0c\xd6\x52\xb5\
\x94\xa7\xa2\xfd\xe4\xfc\xbb\x57\x09\xad\x78\x07\x57\xd1\x83\x3b\
\x41\xf6\x88\x47\xfc\xb5\x83\x91\x8f\x71\xda\xad\x4a\xe6\x6e\x36\
\x39\xbe\x95\x53\x5a\xd1\xac\xbc\x43\xa7\xcb\x65\xa8\x40\x97\x16\
\xd2\x0c\x94\x6f\x5f\x50\x7b\x1f\x7a\xb8\x54\xa9\xc1\x04\x11\xd4\
\x1e\x39\xa4\xa7\xb9\x3a\x9c\x7e\x91\xae\xfc\x54\xf8\x40\xff\x00\
\xf1\x49\xeb\x5f\xf0\x91\x68\x8b\xc8\xd2\xf5\x43\xe6\x3a\x0e\xbb\
\x54\x9e\x6a\x5b\x9f\xdb\xff\x00\xc6\x3a\x7b\x35\xad\xef\x84\xb4\
\xf8\x2f\xd4\xed\x60\xec\xeb\x83\xf4\xae\xaf\xb5\x63\x78\x8b\xc1\
\xda\x3f\x8a\xe2\xd9\xa9\xd8\x47\x72\x47\x49\x08\xc3\x8f\xa3\x75\
\xa9\xe5\xb9\xb4\x6a\x5b\x73\x8e\xd5\x7e\x38\x7c\x6f\xf8\xce\x8d\
\x6b\xa5\x59\x5e\xdb\xd9\x4d\xc1\x8b\x49\xb7\x28\x08\x3e\xb2\x75\
\xaa\x5a\x47\xec\xc3\xe2\x68\xbc\x65\xe0\xed\x3b\xc6\x13\xae\x96\
\xde\x26\xbc\x96\x10\xa2\x5f\x32\xe1\x56\x28\xfc\xc9\x1d\xb3\xdf\
\x1c\x0c\xf7\x35\x7e\x6f\x84\x9a\x8e\x98\xac\xbe\x1f\xf1\x7e\xad\
\xa5\xc2\x01\xc4\x1e\x7b\x94\x03\xd3\x83\x5c\x2f\x8f\xf4\x3f\x13\
\xe8\x1a\xa7\x87\xa5\xd6\x3c\x59\x3d\xd9\xba\xba\x36\xd0\xde\xc9\
\x33\xe2\xd7\x76\xd0\x5b\x39\xe0\x10\x79\xc7\x61\x4b\x96\xc6\xbc\
\xc9\x9f\x7a\xf8\x23\xc2\x9f\x0e\x3e\x02\x69\xc5\xad\x2e\x34\xeb\
\x09\xb6\x81\x2d\xf5\xe4\xea\x67\x7f\xc7\xa8\xfa\x0a\xc6\xf1\x8f\
\xed\xc3\xe0\x7f\x0d\x45\x24\x5a\x51\x9f\xc4\x57\x8b\x9c\x2d\xb0\
\xd9\x16\x7d\xd8\xff\x00\x4a\xf0\xbb\x0f\xd8\x53\xc4\xda\xa3\x79\
\xda\x97\x8b\xac\x5d\x5b\x91\x22\x87\x9b\x78\xcf\x50\x4f\x1c\xf5\
\xae\xad\xff\x00\x63\xff\x00\x09\xfc\x3d\xb2\xb2\xd5\x7c\x43\xaa\
\x5d\xeb\x16\xab\x7b\x6f\x05\xc8\xe2\x18\xe3\x49\x5c\x47\xb8\xe3\
\x9c\x06\x64\xcf\xb6\x6a\x5a\x5d\x4b\x4d\xad\x11\xc0\xf8\xbf\xf6\
\x8a\xf8\x97\xf1\xda\xfc\xe8\xda\x54\x73\xdb\xda\x4c\x76\xae\x9b\
\xa4\x23\x6e\x61\xfe\xd3\x8e\x48\xfc\xba\xd7\xaa\xfc\x1b\xfd\x8a\
\x65\x0d\x0e\xa9\xe3\xc9\xb6\x8f\xbe\x34\x9b\x77\xc9\x39\xff\x00\
\x9e\x8f\xf8\x74\x15\xf4\x0f\x83\x7c\x1b\xa1\xf8\x02\xd1\x6d\x74\
\x2d\x2a\xdb\x4d\x84\x0c\x13\x12\x61\xc8\x1e\xad\xd4\xd7\x63\x6b\
\xa8\xac\x83\x07\x83\x50\xda\x5b\x14\x92\x7a\xc8\x7e\x95\xa4\xd9\
\x68\x76\x10\xd8\xd8\x5a\xc5\x67\x69\x0a\xec\x8e\x08\x57\x6a\xa8\
\x1e\xd5\x24\xcb\xb5\x81\xf5\xa9\x94\xab\x72\x3b\xf6\xa6\x5c\x60\
\xa8\x1d\xf3\x52\x8d\xf4\xb6\x85\x59\x97\x70\xc8\xaa\xf2\xa6\xf5\
\xe3\xa8\x3c\x55\xce\xa0\xfb\xd5\x66\x5d\xad\xc7\x34\xc8\x29\xc8\
\x81\xd4\xf6\x39\xaa\xe4\x62\xae\x4e\x9b\x4e\xe3\xc2\x9c\x92\x7a\
\x60\x0a\xf2\x8f\x88\xdf\x1f\xfc\x33\xe0\x73\x25\xbc\x53\x8d\x57\
\x54\x5f\xf9\x75\xb5\x6c\x85\x3d\xf7\x37\x41\xcf\x6a\xa4\x67\x2d\
\x0e\xe3\x57\xb6\x89\x60\x79\x9d\x96\x38\xd4\x65\x99\x8e\x02\x8f\
\x7c\xd7\x87\x78\xdf\xe2\xee\x95\xa5\xcb\x25\xb6\x96\x46\xa5\x72\
\x32\x0c\x80\xfe\xed\x4f\xd7\xbd\x79\x7f\x88\xbe\x27\x78\xb7\xe2\
\xd6\xa4\x96\x11\xf9\xad\x1c\xa7\x11\xe9\xd6\x20\xed\xff\x00\x81\
\x7a\xfd\x4d\x7a\xa7\x80\x7f\x67\xa1\xa5\xc1\x0d\xff\x00\x89\x36\
\xcf\x73\x80\xeb\x64\xa7\x2a\x9f\xef\x1e\xe7\xda\xae\xd6\x30\x7a\
\xec\x72\x1a\x36\x8d\xad\x78\xfe\xe0\x5e\x6a\x53\x49\x0d\x86\x78\
\xcf\x00\xfb\x20\xfe\xb5\xd5\xc3\x6a\x7c\x17\x76\x04\x6a\x5f\x4e\
\x98\xe0\xfa\x83\xeb\xf5\x15\xe8\x57\x5a\x72\xdb\xae\xd8\xd0\x22\
\xa8\xc2\xa8\x18\x02\xb8\xbf\x17\xf8\x8b\x4f\xd1\x2d\x5e\x0b\x9c\
\x5c\x4f\x20\xc2\xdb\x83\xcf\xb1\x3e\x95\x57\xb9\x9b\x8d\xb5\x34\
\xaf\x75\x7b\x5d\x3a\xc8\x5d\x4b\x28\x11\x11\x95\xc7\x56\x1e\xc2\
\xb8\x0d\x53\xc4\x33\x6b\x73\x96\x7c\xc7\x10\x38\x48\xc7\x6f\xfe\
\xbd\x73\x52\x6a\x53\x5e\x15\xf3\x1d\x8a\x8f\xba\x99\xe1\x47\xb5\
\x76\x1e\x13\xf0\x9c\x97\xca\x97\x77\x6a\x52\xdf\x19\x48\xcf\x05\
\xfe\xbe\xd4\x10\xe5\x7d\x0b\x7e\x1b\xd1\x24\xd4\x08\x9e\x50\x52\
\xd8\x72\x01\xfe\x23\xed\xed\x5d\xb4\x21\x22\x45\x44\x1b\x54\x70\
\x00\xec\x29\xa1\x15\x14\x22\x00\xaa\xbc\x00\xb4\xb4\x8b\x4b\x42\
\xe2\x3e\x31\x8a\xb0\xac\x4e\x2a\x82\x3e\x38\xcd\x59\x8d\xbd\xe8\
\x28\xbd\x13\x9e\x2a\xd4\x6f\x9a\xcf\x8d\xb1\x82\x0d\x59\x8d\xf1\
\xd3\x9a\x00\xbc\x8f\x83\x53\xa1\xce\x0d\x53\x8d\xbd\xea\xc4\x6d\
\x8a\x96\x05\xb8\xde\xa7\x8d\xbf\x4a\xa4\x8d\x82\x0d\x59\x8d\xbb\
\xd2\x2d\x16\xd0\x8a\x9d\x4e\x07\x3c\x55\x44\x3d\xf3\x56\x23\x6c\
\xd0\x5d\xcb\x2a\x72\x29\x6a\x35\x6a\x93\x39\xa9\x65\x20\xa2\x8a\
\x29\x00\x51\x45\x14\x00\x51\x45\x14\x00\x51\x45\x14\x00\x51\x45\
\x14\x00\x51\x45\x14\x00\x51\x45\x14\x00\x51\x45\x14\x00\x51\x45\
\x14\x00\x51\x45\x14\x00\x51\x45\x14\x00\x51\x45\x14\x00\x51\x45\
\x14\x00\x52\x17\xc0\xa0\xb0\x03\x26\xa0\x91\xf1\x4c\x06\x4c\xf9\
\x15\x4a\x69\x70\xb8\xa7\xcd\x2f\x5a\xa5\x2c\x9d\x6a\x8c\x9b\xd4\
\x6c\xb2\x77\xef\x54\x67\x9b\x14\xeb\x89\xf1\x9c\x56\x7c\xf2\xe7\
\xda\x9d\x88\x12\x69\xba\xe6\xa8\xcd\x37\xa5\x2c\xd2\x64\xf5\xe6\
\xab\x13\xcd\x50\x01\xe4\xd6\x5e\xa9\xab\x18\x5c\x5a\x5a\x2f\x9d\
\x79\x27\x00\x0f\xe1\xf7\x34\x6a\x7a\x94\x82\x51\x67\x66\x3c\xdb\
\xb6\x1c\xfa\x46\x3d\x4d\x68\x68\x1e\x1e\x16\xa0\xb7\xfa\xd9\xdc\
\xe6\x49\x48\xe5\x8d\x00\x43\xa0\x78\x73\xec\xc4\xcb\x27\xef\xae\
\xa4\xfb\xf2\x9f\x5f\x6a\xee\xb4\xbd\x2b\x00\x64\x63\x1c\xd4\x9a\
\x66\x91\x85\x50\x47\x18\xae\x82\x28\x56\x15\x00\x0a\x96\xcd\x23\
\x14\x36\x0b\x75\x85\x40\x02\xb8\x8f\x8e\x1f\x0d\x22\xf8\xb5\xf0\
\xd7\x57\xf0\xfe\x56\x3b\xe7\x4f\x3e\xc2\x76\xff\x00\x96\x57\x29\
\xcc\x6d\xf4\x3c\xa9\xf6\x63\x5d\xe5\x07\xa6\x3a\xd4\xdc\xd7\x44\
\xac\x7e\x5a\x7c\x1c\xf8\xb5\xae\xfe\xce\xbe\x3c\xb8\xbe\x5b\x79\
\x86\x9b\xe7\x9b\x4d\x73\x45\x6e\x0c\x6c\xa7\x9c\x03\xd1\x87\x25\
\x5b\xbf\x4a\xfd\x32\xf0\x77\x8c\x34\x9f\x1e\x78\x72\xcb\x5c\xd1\
\x2f\x23\xbd\xd3\x6e\xd3\x7c\x72\x21\xe9\xea\xa4\x76\x23\x38\x23\
\xb5\x7c\xd3\xfb\x5e\x7e\xcd\x57\x5e\x25\x96\x7f\x1e\x78\x42\xd1\
\x66\xd5\xd2\x32\x35\x5d\x31\x57\x22\xfe\x35\x18\xde\xa3\xbb\x80\
\x39\x1d\xc0\x04\x72\x2b\xe5\xdf\x82\x5f\x1d\xbc\x41\xf0\x37\x5d\
\x92\xef\x47\xf3\x2f\xb4\x09\x1c\x7d\xbf\x45\xb8\x24\x6c\xe7\x92\
\x3f\xba\xc3\x1f\x78\x75\xe8\x69\x88\xfd\x52\x3e\x9e\xe3\xf4\xaf\
\x90\xff\x00\x6a\x2f\xd8\xda\x3f\x14\xc9\x75\xe2\xdf\x02\x5b\xa5\
\xb6\xb2\x49\x9a\xef\x4a\x8f\xe5\x4b\x93\xd4\xb4\x7f\xdd\x7e\xf8\
\xe8\x7e\xb5\xef\x1f\x09\x7e\x3b\xf8\x43\xe3\x26\x97\x1d\xc6\x87\
\xa8\xc6\xb7\x9b\x41\x97\x4f\xb9\x60\x93\xc4\x71\xfd\xde\xe3\xdc\
\x57\xa2\x30\x38\xc1\xe3\x3c\x62\x80\x3e\x11\xfd\x9b\xbf\x6c\x1d\
\x4b\xc2\x1a\x9c\x3e\x09\xf8\x90\xd2\xfd\x92\x27\xfb\x34\x5a\x95\
\xd2\x91\x35\xa3\x03\xf7\x26\x07\x92\xbd\xb7\x75\x15\xf7\x34\x6f\
\x6b\xab\xd8\x87\x43\x15\xe5\x9c\xe9\xd4\x10\xf1\xc8\x84\x7e\x20\
\x8e\x6b\xc9\x7e\x36\xfe\xcb\xde\x10\xf8\xd2\x1e\xf2\xee\x13\xa5\
\x6b\xa1\x70\xba\x9d\xa2\x80\xcf\xe9\xe6\x2f\x46\x1f\xad\x7c\xea\
\x7e\x0e\x7c\x7e\xfd\x9f\xd2\x4f\xf8\x44\xfc\x40\x9a\xa6\x89\x11\
\xca\xa7\x9e\x36\x2a\xfb\xc7\x27\xdd\xfc\x0d\x00\x7a\xaf\xc5\x5f\
\xd8\x7b\xc2\x9e\x31\xbb\x93\x54\xf0\xb5\xc3\xf8\x4b\x59\x2c\x5f\
\x16\xf9\x30\x13\xec\xa3\x95\xfc\x2b\xca\x35\xad\x3f\xf6\x82\xfd\
\x9d\x74\xd9\x2e\xe4\xf1\x55\x96\xa3\xa2\xc1\xc8\x17\x97\x4b\x26\
\xf0\x06\x06\x15\xfe\x63\xf8\x57\x13\x75\xfb\x50\xfc\x72\xf1\x0e\
\xa2\xfa\x15\xb6\xa2\x8b\x79\xd2\x43\x63\x6e\x99\x42\x73\xd5\xfa\
\x0e\x87\xf0\xae\x93\xc2\xdf\x0f\x75\x3b\xcb\xd5\xd7\x3c\x6f\xaa\
\xcf\xe2\x4d\x6c\xfc\xc8\xb7\x32\x99\x22\xb7\x3d\x4e\x01\xe3\x3f\
\x85\x35\x1b\x93\x27\xca\x8d\xad\x3b\xf6\xa9\xf8\xdf\xab\x69\x91\
\x84\xf0\xbe\x9e\x0c\xd1\x82\xb7\x4f\x19\x4e\xa3\xae\x33\xc5\x64\
\x69\xfe\x18\xf1\x3f\x8b\xb5\xd8\x35\xcf\x1d\xea\x29\x75\x25\xbb\
\xf9\xd0\x69\xf0\x73\x18\x93\xb3\xbf\xf7\x88\xe7\x03\xf1\xae\xf7\
\xf0\xa3\x3c\xe7\x35\x71\x49\x1c\xae\x6d\x86\x41\x1f\xe3\x49\x45\
\x3e\x18\x64\xb8\x91\x63\x8d\x19\xdd\xb8\x0a\xa3\x24\x9a\x66\x63\
\x46\x33\xc5\x68\xe8\xfe\x1e\xbe\xd7\x67\xf2\xec\xe0\x69\x71\xcb\
\x3e\x30\xaa\x3d\xcd\x76\x9e\x15\xf8\x5c\xd3\x04\xb8\xd5\x89\x8d\
\x3a\x8b\x65\x3c\x9f\x4d\xc7\xb5\x7a\x4d\x9d\x94\x1a\x7c\x0b\x05\
\xbc\x29\x0c\x2b\xd1\x50\x60\x0f\x7f\x7a\x4d\xd8\xb8\xc7\xa9\xc6\
\xf8\x77\xe1\x75\x95\x86\xd9\x75\x06\xfb\x64\xe3\x90\x83\x88\xd4\
\xfa\x63\xbd\x76\xf1\x45\x1d\xb4\x6b\x1c\x51\xac\x71\x81\x80\xaa\
\x30\x00\xa7\x51\x53\x7b\x9a\x85\x18\xcd\x2a\xa1\x77\x0a\xa0\xb1\
\xc6\x46\x39\xad\x6b\x3f\x0e\x5c\xdc\xe1\xa4\xc4\x08\x79\xf9\xba\
\xd4\x94\x95\xcc\x73\xc0\x07\xfc\x8a\xf8\x87\xfe\x0a\x13\xfb\x5d\
\xb7\xc3\xad\x26\xe3\xe1\xc7\x84\x6f\x0a\x78\x96\xfa\x1c\x6a\x97\
\x90\xb7\x36\x30\x30\xcf\x96\xa7\xb4\x8c\x3f\x25\xf7\x35\xf4\xf7\
\xed\x71\xf1\xeb\x45\xfd\x96\x3e\x12\x5d\x6b\xcc\x22\xbc\xf1\x2d\
\xf6\xeb\x5d\x16\xce\x63\xfe\xb6\xe0\x8f\xf5\x85\x7f\xb9\x18\xf9\
\x8f\xe0\x3b\xd7\xe1\x47\x89\x7c\x4b\xa9\x78\xb3\x5e\xd4\x75\x9d\
\x5a\xee\x4b\xed\x4a\xfe\x77\xb8\xb9\xb8\x95\xb2\xd2\x48\xc4\x96\
\x27\xf1\xac\xdc\xbb\x1d\x74\xa9\x6b\x76\x66\xc9\x2f\x99\xcf\x39\
\xce\x49\x3d\xea\x3a\x28\xeb\x59\x9d\xc1\x45\x2e\x79\xe6\x92\x80\
\x0a\x28\xa2\x80\x17\x14\x95\x76\xce\xcc\x4c\x85\x98\x67\x3c\x0a\
\x6d\xc5\x83\x44\x32\xbf\x3a\xfe\xb4\x0a\xe8\x76\x9c\xff\x00\xbc\
\x64\xce\x37\x0f\xd6\xb4\x82\x70\x7a\x63\xf9\x56\x22\x39\x89\xc3\
\x01\xc8\x20\xd7\xda\x9f\xb1\x3f\xec\x86\xbf\x17\xa5\x4f\x1a\x78\
\xb6\xdd\xc7\x84\x6d\xe4\xdb\x6b\x6a\x72\xbf\xda\x12\x29\x05\xbf\
\xed\x9a\xf2\x09\xee\x78\xa0\xce\x73\x50\x5c\xcc\xf1\xaf\x83\x5f\
\xb2\x57\x8e\x7e\x38\xdd\x2d\xce\x91\xa7\x8d\x3f\x43\x27\x0f\xaa\
\xde\xe5\x21\x07\xbe\xce\xef\xf8\x57\xda\x1f\x0e\xff\x00\xe0\x9c\
\x1e\x02\xf0\xc8\x8a\x4f\x11\xdf\xdf\x78\x8e\xf7\x6e\x5d\x55\xbc\
\x98\x47\xe0\x39\x23\xeb\x5f\x61\xdb\xe8\xf0\x69\x96\x10\xd9\xd9\
\x5a\xc7\x6b\x69\x02\x04\x8a\x08\x10\x22\x22\x81\xc0\x0a\x3a\x00\
\x38\xaa\xbb\x4b\xdc\x28\x1c\x92\x08\xf7\xcd\x69\x1e\x56\xae\x8f\
\x32\xa6\x22\x52\xd2\x2e\xc7\x93\xd8\xfe\xca\xbf\x0a\x34\x91\xb2\
\xdf\xc1\x5a\x76\xd2\x31\x99\x54\xb9\xfd\x4d\x45\x7b\xfb\x36\x7c\
\x32\x13\x71\xe0\x9d\x27\xe6\x00\xff\x00\xaa\xaf\x62\x6b\x69\x0b\
\x03\xb0\x8f\xc2\xb3\x35\x38\x5e\x39\x11\x9d\x48\xca\x91\xc8\xf4\
\xa9\x8c\x93\x95\xae\x72\x2a\xad\xbd\x59\xe4\x9a\xa7\xec\xcd\xf0\
\xbe\xe6\x18\x92\x4f\x05\x69\x7b\x41\x07\xe4\x8c\x8e\xdf\x5a\xc0\
\xbb\xfd\x93\x3e\x13\x5c\xca\xcc\xfe\x0b\xb2\xe7\x00\xed\x66\x1d\
\x3f\x1a\xf7\x0d\x42\x07\x48\x50\x90\x40\xc8\xea\x38\xe4\x56\x68\
\x5d\xf2\x28\xeb\x92\x3e\xbe\xf5\xb4\x2d\x62\xd5\x59\x5a\xf7\x3e\
\x7b\xf1\x57\xec\x31\xf0\xaf\x56\xb7\xdb\x06\x99\x75\xa5\xb7\x3b\
\x4d\xa5\xc9\x00\x1c\x7a\x1e\xb5\xe2\xde\x31\xff\x00\x82\x76\x5d\
\xd8\xc5\x34\xde\x12\xf1\x0a\x5d\xb1\x3b\x96\xd7\x50\x4d\x8c\x47\
\x60\x1c\x71\x9a\xfb\xb6\xfe\x3c\xb2\x26\x47\x2c\x7a\x7d\x2a\x29\
\x40\xdc\x40\xe9\x91\xd2\xb3\x6e\x36\xd0\x6b\x11\x51\x2d\xcf\xc7\
\xbf\x88\x1f\x0c\xfc\x4d\xf0\xce\xf2\x5b\x4f\x11\x69\x37\x1a\x74\
\xa0\x1d\xae\xeb\x98\xdf\xfd\xd6\x1c\x1e\xd5\xc7\xd8\xda\x98\xa3\
\x2e\xfc\x33\x73\xf4\xaf\xd9\x4f\x15\x78\x47\x48\xf1\x9e\x97\x36\
\x97\xad\x69\xf0\x6a\x56\x32\x82\x1a\x1b\x84\xdc\x07\xb8\xf4\x3f\
\x4a\xf8\x1b\xf6\x99\xfd\x93\x2e\xfe\x19\xdb\x5d\xf8\x87\xc2\xfe\
\x6e\xa3\xe1\xb1\x9f\x36\x03\xf3\x4d\x66\x3a\xe4\xff\x00\x79\x3d\
\xfb\x56\x67\x7d\x1c\x4a\x9f\xba\xf7\x3e\x51\xbc\x93\xcd\x9d\xd8\
\x1c\x8c\xe0\x7d\x2a\x1a\x7b\xa6\xd1\x44\x50\xbc\xce\x15\x46\x49\
\xa0\xf4\x06\xaa\x97\x21\x54\x12\x4f\x6a\xb6\x6d\x04\x76\xee\xcd\
\xcb\xe3\x23\xda\xae\x5a\xd9\x0b\x71\x92\x41\x7f\x5a\x65\xf3\x08\
\x62\xc1\x39\x2d\x91\x8a\x04\x9d\xcc\xaa\x29\x4f\x06\x82\x30\xa0\
\xfa\xd0\x31\x28\xa2\x97\x03\xd6\x80\x3d\x4f\xf6\x75\xf8\xfb\xad\
\xfe\xcf\x3f\x10\xed\x3c\x47\xa4\xb3\x4f\x6a\x48\x8a\xff\x00\x4f\
\x2d\x84\xbb\x83\x3f\x32\x1f\x7e\xa5\x4f\x63\x5f\xb6\xbf\x0e\xbe\
\x21\x68\x9f\x15\x3c\x19\xa5\x78\xa3\xc3\xf7\x4b\x77\xa5\x6a\x11\
\x09\x23\x6f\xe2\x43\xd1\x91\xc7\x66\x53\x90\x47\xb5\x7f\x3e\xfb\
\xab\xeb\xaf\xd8\x07\xf6\xa5\x3f\x06\x3c\x74\xbe\x16\xd7\xae\x8a\
\x78\x3b\x5e\x99\x63\x76\x90\xfc\xb6\x57\x27\x0a\x93\x0f\x45\x3f\
\x75\xbf\x03\xda\xae\x2e\xc7\x35\x6a\x7c\xca\xeb\x73\xf5\xce\x93\
\xd7\x8c\xd2\x8e\x83\x3d\xfa\x11\xc8\x23\x14\x56\xc8\xf3\x4e\x77\
\x5b\xf0\x76\x99\xad\x29\x33\x5b\x84\x94\x8f\xf5\xb1\x7c\xad\x5e\
\x7d\xad\x7c\x35\xbd\xb3\xdd\x25\x93\x0b\xb8\xba\x85\xc6\x1c\x7b\
\x63\xbd\x7a\xf4\x9c\xe7\xd6\xaa\xb0\xf5\x18\xaa\x4f\xb0\x9a\xb9\
\xf3\xe4\xd6\xf2\xdb\xc8\x63\x96\x36\x8d\xd4\xe0\xab\x8c\x11\x51\
\x9f\x7e\x6b\xdc\x35\x8d\x12\xcf\x56\x42\xb7\x30\x2c\x9f\xed\x81\
\x86\x1f\x8d\x70\x5a\xdf\xc3\xb9\xad\xc3\x49\x60\xfe\x72\x7f\xcf\
\x26\xe1\x87\xd3\xd6\xaa\xe6\x6e\x2e\xe7\x19\x5c\x67\xc5\xdf\x07\
\x37\x8c\xfc\x17\x73\x6d\x02\x6e\xbd\xb7\x3f\x69\xb7\xcf\x76\x5e\
\xab\xf8\x8d\xc2\xbb\x89\xad\xe4\xb6\x90\xc7\x2c\x6d\x1b\x83\xca\
\xb0\xc5\x47\x48\x9b\xf2\xb3\x89\xfd\x9a\xbf\x69\x7d\x52\xc2\xce\
\x1f\x0f\x5f\x5e\xee\xbb\xb5\x1e\x5c\x71\x5d\x36\x44\xc8\x38\xc7\
\x3d\x18\x74\xf7\xeb\x5f\x4e\x6b\xfe\x2d\xd2\x3e\x2c\xfc\x3e\xd7\
\xfc\x39\x23\x7d\x83\x50\xd4\x2c\x65\x86\x38\xe4\x38\x1e\x61\x52\
\x50\xab\x7a\xee\x0b\x5f\x10\xfc\x68\xf8\x47\x71\x1d\xe3\xf8\x97\
\xc3\xf1\x31\x7c\xf9\x97\x56\xf0\xf0\xca\xdd\xe4\x4c\x7d\x32\x47\
\xe3\x55\x3c\x01\xfb\x43\x4f\x63\x1c\x76\x5e\x22\x8d\xae\x11\x30\
\xab\x79\x17\xfa\xc5\xc7\xf7\x87\x7c\x7e\x74\x9a\x3a\x14\xa4\xf5\
\x47\xde\xbf\xb3\xa7\xc4\xcf\xf8\x5a\x1f\x0b\xb4\xcb\xeb\x97\x07\
\x59\xb3\x1f\x61\xd4\x93\x3f\x32\xcf\x18\xc1\x6f\xf8\x10\xc3\x7e\
\x26\xbd\x37\xa7\x3c\xe6\xbf\x3b\x3e\x0f\xfc\x74\xb7\xf8\x47\xf1\
\x7b\x53\x9a\xc2\x74\xbe\xf0\xb6\xba\xea\xd3\x26\xec\x04\x66\x39\
\x57\x1e\x8c\xa4\xb0\x3e\xcd\x8a\xfb\xab\x42\xf8\x9d\xe1\xad\x7a\
\xcc\xcf\x16\xad\x6b\x01\x50\x0c\x91\xdc\x4c\xa8\xc9\xf5\xc9\xfd\
\x6a\x1c\x4d\x93\xd0\xed\x2d\xef\xcc\x5f\x2b\x1c\x8a\xbf\x0d\xc2\
\xcc\xb9\x07\x3e\xd5\xe4\x5e\x20\xfd\xa0\xbe\x1e\xf8\x65\x58\xde\
\xf8\xa6\xc4\xb0\xeb\x14\x0f\xe6\xbe\x7e\x82\xbc\x8b\xc5\xbf\xb7\
\x66\x8b\x62\xaf\x1f\x86\x34\x7b\x9d\x46\x6c\x10\xb3\xdd\x7e\xea\
\x3f\xae\x3a\x9a\x12\x65\xf3\x58\xfa\xf4\x90\xa0\xb1\x20\x28\xc9\
\x24\x9e\x07\xad\x79\x3f\xc4\xbf\xda\x43\xc1\x9f\x0f\x3c\xc8\x1a\
\xf8\x6a\xba\xa2\x82\x05\x95\x8b\x07\x20\xff\x00\xb4\xdd\x05\x7c\
\x5b\xe2\xaf\xda\x07\xe2\x37\xc5\xdb\xbf\xb0\xad\xf5\xc8\x86\x56\
\xda\xba\x76\x94\x8c\xa0\xf4\xe0\xed\xe4\xf3\xfc\xeb\xb4\xf8\x5b\
\xfb\x22\x78\x9f\xc6\x91\xc7\xa8\x6b\x77\x11\xe8\x7a\x6b\x93\x90\
\xe7\x7c\xef\x86\xc1\x1b\x7b\x60\x82\x39\xee\x29\xda\xdb\x92\xe6\
\xde\xc4\x1e\x3e\xfd\xa4\xbc\x61\xf1\x32\x77\xb0\xb4\x66\xd2\xf4\
\xf9\x8e\x16\xca\xc3\x3e\x63\xff\x00\xbc\xc3\x93\xf8\x57\x49\xf0\
\xd3\xf6\x5e\xf1\x0f\x8a\x3c\xab\xdd\x7d\x8e\x89\x60\xf8\x63\x1b\
\x8c\xcf\x20\x3e\xdd\xbf\x1a\xfa\x53\xe1\xd7\xc1\x2f\x0a\x7c\x34\
\xb7\x8f\xfb\x2b\x4e\x59\x2f\x40\x1b\xaf\x6e\x40\x79\x89\xfa\x9e\
\x17\xf0\xae\xce\x75\x0b\x23\x7a\x7d\xee\x7b\x7a\x9a\x5c\xdd\x11\
\x3c\x8f\x79\x1c\x97\x83\x7e\x1d\x68\x5f\x0f\xec\xbe\xcf\xa4\x59\
\x24\x2e\x46\x1e\xe1\xfe\x69\x5f\xdc\xb5\x6e\xdd\x4b\x14\x16\xcf\
\x2d\xc3\xa4\x51\x20\xcb\x48\xed\x85\x1e\xe4\x9a\xf3\xff\x00\x88\
\xdf\x1f\x7c\x31\xe0\x6d\xf6\xe9\x70\x35\x5d\x4d\x78\xfb\x2d\xab\
\x06\x0b\xfe\xf3\x74\x15\xf3\x2f\x8e\x7e\x31\xeb\xff\x00\x10\xe7\
\x65\xbc\xb8\x36\xb6\x00\x9d\xb6\x50\x12\x10\x0f\x7e\xec\x71\xeb\
\x4d\x26\xc9\x94\x94\x55\x91\xeb\x7f\x12\x3e\x39\x5a\x45\x2c\xb6\
\x3e\x1d\x22\xe2\x40\x76\xbd\xe9\x1f\x20\xf5\x0a\x3b\xfd\x6b\xc8\
\x22\x9e\xeb\x58\xbd\xc9\xf3\x2e\xee\xa6\x6c\xff\x00\x79\x98\xe6\
\xad\xfc\x3d\xf8\x6b\xae\x7c\x40\xb8\x02\xc6\xdf\xca\xb4\x53\xfb\
\xcb\xc9\x41\x11\xa8\xfa\xf7\x3f\x4a\xfa\x27\xc3\x1f\x0a\xb4\xdf\
\x03\xda\xe2\x15\x37\x17\x87\x1b\xee\xa4\x1f\x31\xf6\x1e\x82\xaf\
\x6d\x8c\x6c\xe5\xa9\xe7\x7e\x19\xf8\x6d\xe5\x5b\x19\xb5\x5f\xf5\
\xce\xb8\x58\x94\xf0\x99\xee\x7d\xeb\xa0\xd2\x2f\x25\xd3\xee\x0e\
\x99\x78\x72\xcb\xfe\xa6\x43\xfc\x6b\xe9\x5d\x7d\xe5\xa1\x53\x8c\
\x56\x0e\xb1\xa4\x0d\x42\xdf\x66\x76\x4c\x9f\x34\x52\x0e\xc6\x95\
\xee\x2b\x76\x2d\x91\x49\x59\xda\x2e\xa2\xf7\x4a\xf6\xf7\x03\x65\
\xdc\x3c\x3a\x9f\xe2\xf7\x15\xa3\x41\x68\x55\x38\x35\x3c\x52\x0a\
\xaf\x4e\x5e\x94\x01\x7e\x37\xe2\xac\xc6\xfc\x55\x08\x9f\x35\x66\
\x37\xf9\x7d\xe8\x02\xfc\x4c\x3a\x55\x98\xdf\x9a\xa3\x13\x63\xbd\
\x5a\x8d\xb8\xeb\x52\xd0\x17\x17\x18\x15\x62\x26\xed\x55\x11\xb3\
\x53\x23\x60\xd2\x1a\x2e\xa1\xcd\x4d\x19\xc5\x55\x46\xe0\x54\xea\
\x68\x2d\x16\xd5\xb3\x52\xa1\xe2\xab\x21\xe9\x53\x21\x06\x93\x45\
\xa2\x4a\x28\xa2\xa4\x61\x45\x14\x50\x01\x45\x14\x50\x01\x45\x14\
\x50\x01\x45\x14\x50\x01\x45\x14\x50\x01\x45\x14\x50\x01\x45\x14\
\x50\x01\x45\x14\x50\x01\x45\x14\x50\x01\x45\x14\x50\x01\x45\x14\
\x50\x01\x45\x14\xd7\x3b\x45\x30\x1b\x33\x00\x2a\x94\xf2\x67\x35\
\x24\xf2\x92\x0d\x51\x96\x43\x54\x43\x64\x53\x49\xc6\x6a\x9c\xf3\
\x7b\xd3\xe7\x94\x73\x8a\xce\xb8\x9b\x9a\x76\x33\x7b\x91\xcf\x36\
\x4f\x5a\xa3\x34\xd8\x3d\x69\x6e\x25\xda\x0d\x53\x62\x58\xe7\xd7\
\x8a\xa1\x03\x31\x07\x3d\x6b\x3f\x50\xbf\x7f\x3b\xec\x96\x80\x3d\
\xcb\x0f\x99\xbb\x46\x3d\x4f\xf8\x53\xef\x6f\x25\x79\x3e\xc9\x68\
\x37\x5c\x11\x96\x73\xd2\x21\xea\x7f\xc2\xb5\xb4\x3f\x0f\xa5\xb2\
\x10\xa0\x96\x6f\x99\xdd\xbe\xf3\x1f\x53\x40\x10\xe8\x3e\x1f\x5b\
\x60\x7a\xbc\x8c\x73\x24\x8d\xd5\x89\xae\xd7\x4b\xd2\x42\x28\x25\
\x7e\xb5\x2e\x99\xa5\x04\x51\x95\xe0\x56\xca\xa0\x41\x81\xd3\x18\
\xe2\xa1\xbe\x86\x91\x8f\x71\x22\x88\x44\x36\xaf\x5a\xcc\xf1\x4e\
\xb8\x3c\x33\xe1\xfb\xcd\x59\xa2\x69\xa1\xb2\x41\x3c\xc8\xa3\x2d\
\xe5\x03\x97\x23\xdc\x2e\x5b\xfe\x03\x5a\xbd\x29\xb2\xc4\x93\x46\
\xf1\x3a\xac\x88\xe0\xa3\x23\x0c\x86\x04\x63\x07\xda\xa6\xe6\x83\
\x6d\x2e\xe1\xbf\xb5\x86\xe6\xda\x54\x9e\xde\x74\x12\xc5\x2c\x67\
\x2a\xea\xc3\x86\x07\xd0\xe4\x1a\x93\xf4\xfa\x57\xcf\x9f\x0f\x7c\
\x60\xff\x00\x04\x7e\x24\x49\xf0\xb3\xc4\x73\x18\xfc\x3f\x7c\xcd\
\x71\xe1\x3d\x4e\x73\xf2\x79\x2c\xd9\x36\x6c\xc7\xba\x31\xc2\xfb\
\x60\x57\xd0\x67\x83\xe9\xec\x7b\x50\xc0\x38\xef\xfa\x57\xcd\x7f\
\xb4\x37\xec\x87\x65\xe3\xf9\xe5\xf1\x3f\x83\x9a\x2d\x13\xc5\xcb\
\xf3\xbc\x4a\x02\xc1\x7a\x71\xfc\x43\xa0\x63\xcf\x3d\x0f\x7a\xfa\
\x52\x8a\x2e\x07\xe5\x85\xa7\x84\xb4\xfb\x6f\x13\xff\x00\x65\x6b\
\x97\x37\x5f\x0b\xbc\x6f\x6c\xfb\x56\xe5\xc3\x0b\x29\x98\x1c\x03\
\xb8\x73\x1e\x4f\x71\x95\x39\xaf\x76\xd1\xee\xff\x00\x69\xef\x06\
\xd9\x44\x74\xd9\xed\x3c\x67\xa6\x63\xf7\x37\x28\xf1\xdd\x2b\x83\
\xd0\xe4\x10\x7d\xf9\xaf\xa9\xbe\x25\xfc\x1f\xf0\xa7\xc5\xcd\x2c\
\xd9\x78\x97\x49\x8a\xf0\xa8\xc4\x57\x4b\xf2\xcd\x17\x1f\xc2\xe3\
\x9f\xc2\xbe\x7a\x93\xf6\x45\xf8\x81\xf0\xde\xee\x49\xbe\x18\xfc\
\x44\xb8\xb4\xb4\x24\x94\xb0\xbe\x62\x00\x19\xe9\xdd\x7f\x1c\x7a\
\x55\x01\x8e\x35\xaf\xda\xb7\xc5\xb7\x0d\x04\x76\x10\xe8\x41\xbf\
\xe5\xa1\x8a\x38\x95\x47\xd4\x93\x54\x7c\x5d\xf0\x76\x5f\x0a\x69\
\x2b\xae\x7c\x71\xf8\x99\x7d\xa8\x6e\x19\x8f\x42\xd3\xee\x0e\xe9\
\xc9\xe8\x83\x1d\x79\x3e\x95\x06\xb3\xe2\x6f\xda\x16\xcf\xfd\x12\
\x5f\x18\x69\x05\x18\xb2\x34\xf6\x4c\x8e\xc9\xb4\x90\x79\x03\xd4\
\x1a\xc9\xd0\x7e\x18\xbb\x6b\x03\x5e\xf1\x5e\xad\x71\xe2\x7d\x74\
\x1d\xcb\x35\xe3\x16\x48\x8f\xfb\x2a\x68\xb1\x0e\x69\x1a\x3e\x0d\
\xb3\x5b\xc8\x93\x50\x8b\x47\x87\xc3\x7a\x4a\xa9\x5d\x3b\x48\x88\
\x7c\xc8\x87\x19\x96\x66\xea\xf2\x30\xc7\x5e\x80\xe2\xba\xbc\x67\
\x3d\xa9\x38\xa2\xb5\x47\x23\x6d\xb0\xa5\xc5\x0a\x0b\x1c\x00\x49\
\x3e\xdc\x9a\xec\xbc\x33\xe0\x29\x2f\x8a\x5c\x6a\x1b\xa2\x83\x00\
\xac\x3f\xc4\xff\x00\x5f\x41\x40\x92\xbb\x30\xf4\x0f\x0d\x5e\xf8\
\x86\x70\xb6\xe9\xb6\x21\xf7\xa6\x61\xf2\xaf\xaf\x3d\xeb\xd6\x3c\
\x33\xe1\x1b\x0f\x0f\x28\x31\xa7\x9b\x71\xfc\x53\x38\xcb\x7e\x1e\
\x95\xa1\x67\x6d\x15\x9c\x09\x14\x31\xac\x51\xaf\x45\x51\x57\x62\
\x1c\xe6\xa5\xb3\x6e\x54\x58\x4e\x94\xbd\x07\x34\x28\xc0\xc5\x5c\
\xd3\xf4\xb9\xf5\x07\x02\x35\xf9\x41\xe5\x9b\xa0\xa8\x2b\x7d\x8a\
\x80\x17\x60\x00\xe7\xe9\xd6\xb5\xf4\xff\x00\x0d\xcd\x75\x87\x9b\
\xf7\x31\xf6\xcf\x53\x5b\xba\x76\x89\x06\x9e\x37\x63\xcd\x97\xfb\
\xed\xfd\x2b\x44\x0c\x7d\x6a\x5b\x36\x54\xfb\x95\x2c\x74\xbb\x7b\
\x05\xc4\x51\xfc\xdd\xd8\xf5\xa6\xeb\x7a\xdd\x8f\x87\x34\x6b\xdd\
\x57\x53\xba\x8e\xcb\x4e\xb2\x81\xee\x2e\x2e\x25\x38\x58\xe3\x50\
\x59\x98\x9f\x40\x06\x7f\x2a\xba\x79\xed\xd6\xbf\x3c\x7f\xe0\xac\
\xff\x00\xb4\x6c\xbe\x17\xf0\xae\x9d\xf0\xab\x46\xb8\x31\x5e\xeb\
\x71\x8b\xcd\x59\xd0\xe0\x8b\x50\xdf\xbb\x8f\xfe\x06\xca\x49\xf6\
\x00\x54\x5c\xde\x31\x4f\x43\xe1\x2f\xdb\x07\xf6\x93\xd4\x3f\x69\
\x8f\x8c\x3a\x86\xbe\xef\x24\x3a\x0d\xa6\xeb\x5d\x1a\xc9\xcf\xfa\
\xab\x60\xdc\x31\x1f\xdf\x72\x37\x37\xd7\x1d\xab\xc1\xcf\x07\x93\
\x4a\x4f\x39\xeb\x49\x52\x76\x24\x92\xd0\x28\xe9\x4a\x30\x0f\x35\
\x32\x43\xe6\x32\xed\xe4\x1f\xd2\x90\xc4\x85\x04\xce\x15\x8e\xd2\
\x78\xa7\x5c\x59\xc9\x6f\xf7\x87\xca\x7b\x8a\x91\x6d\x14\xb0\xe4\
\xfa\x1a\xdb\xd2\x96\x17\x74\x86\x76\x24\x1e\x03\x1e\xfe\xd4\xc9\
\x6e\xc7\x34\xa3\x71\xa7\x2c\x3b\xc8\x1b\xab\xac\xba\xf0\x7a\x3c\
\x9b\xad\x4b\x1e\x33\xb0\xd4\xde\x1e\xf0\xe5\xae\xa3\x34\xf6\x53\
\x97\x49\x31\xba\x36\xc6\x0a\x91\xd7\xf4\xa9\x6d\x58\x87\x56\x29\
\x5c\xc8\xf0\xe7\xd9\xc5\xf0\x86\xe0\xe6\x39\x3e\x50\xc7\xf8\x5b\
\xb5\x77\x76\x7a\x05\xa9\x73\xf2\x8e\x07\xa5\x72\x5a\x87\x86\xdf\
\x4a\xb9\x68\xe5\xde\x39\x3b\x58\x74\x6f\x4c\x57\xa2\xf8\x22\x1b\
\x6d\x66\xc8\x89\x1d\xcd\xcc\x4a\x16\x4e\x79\x3d\x81\xac\x6b\x73\
\x46\x3c\xd1\x38\x71\x35\x79\x21\xed\x13\xd0\xc5\xd2\x3e\x10\xcd\
\xe3\x6f\x1e\x68\x1a\x3e\x97\x90\xda\xc5\xfc\x36\x47\x8e\x23\x32\
\x30\x1b\xbe\x98\x24\xfb\x62\xbf\x6d\xbc\x03\xe1\x7d\x37\xc1\x9e\
\x16\xd3\x3c\x3b\xa5\x42\xb6\xfa\x76\x97\x6f\x1d\xb5\xbc\x4a\x38\
\x11\xa8\xc0\x27\xdc\x90\x58\xfb\x93\x5f\x9d\xdf\xb2\x0f\x87\x6c\
\x87\xed\x11\xe0\xf3\x20\x79\x31\x3c\xa5\x54\x8c\x8d\xc2\x09\x71\
\x9f\xd4\xd7\xe9\x48\xb3\x36\x3a\x84\x40\x6e\x64\x90\xed\x18\x19\
\xce\x7b\x54\x50\xa9\xed\x60\xd1\xe5\x4b\x17\xed\xe3\xca\x8b\x0f\
\x08\x18\xe7\x26\xb9\xeb\xdb\x4f\xb2\xeb\x10\x90\x48\x46\x61\x83\
\xf8\xf3\x5e\xb5\xa4\xfc\x3e\x17\x0a\x92\x5e\xc8\xc9\xc7\xfa\xa5\
\xe0\xfe\x26\xb6\xd7\xc0\x7a\x29\x54\x12\x58\xa4\xc5\x4f\x05\xc9\
\x26\xaa\x9c\x64\x9b\xb9\xd1\x4b\x0b\x56\x4a\xec\xf2\x19\x20\x04\
\x91\xb8\xf5\xe2\xb0\xbc\x4d\x6f\x9b\x68\x9b\x71\xc8\x7c\x7e\x62\
\xbe\x80\x93\xc1\x5a\x44\x83\x1f\x62\x41\xf4\xcd\x61\x6b\x7f\x0a\
\x34\xed\x52\x06\x48\xa5\x96\xd8\x92\x08\xe7\x70\x04\x1c\xd4\x46\
\x94\xa3\x2b\x90\xf0\x35\xa2\xee\x9d\xcf\x1a\xf1\x05\xaf\xfc\x4a\
\x9c\xee\xfb\xbb\x4f\xd3\x04\x56\x0e\x83\x64\x26\xd4\x5d\x9b\xa2\
\x26\x73\xe8\x4f\x15\xe9\x1e\x34\xf0\x0e\xb3\xa7\xda\x4f\xe4\x5a\
\x7d\xbe\xd8\xaf\xdf\x81\xbe\x75\xc7\xaa\xf7\xaf\x3c\xd2\x75\x7b\
\x4d\x31\xe6\x5b\x98\xe5\x8e\x46\x6c\x37\xcb\xca\xe3\xb1\x15\xb4\
\x63\x51\x51\x92\x5b\x9c\xd3\xa7\x56\x9c\x5a\x68\xd2\xba\xd3\x23\
\x7b\xb0\xe5\x41\x0a\xa7\x8c\x77\x38\xff\x00\x0a\xab\x36\x91\x6a\
\xee\x72\xbd\x4f\x51\xc5\x68\x43\xab\x69\x97\xd2\x7c\x97\x61\x49\
\x3c\x2b\xf0\x6a\x76\xb4\x46\x7f\x95\xb2\x3a\xe4\x73\x9a\xf2\x5c\
\xaa\xc3\x73\xce\x75\x25\x1d\xce\x66\x6d\x02\x06\x63\x87\x64\x39\
\xae\x3b\xc5\x16\x51\x09\xa5\xb2\x90\xad\xc4\x2c\xa4\x48\x8e\xb9\
\x52\x0f\x18\x23\xbf\x15\xe9\x92\x5a\x85\x91\x86\x49\x03\x9c\x57\
\x9b\x3d\xa5\xc6\xb3\xad\x4c\x11\x4e\xf6\x90\x93\x9e\x8a\x33\x8e\
\x6b\xbb\x09\x52\x53\x6e\x53\x7a\x23\xaa\x84\xdc\x9d\xdb\xd8\xfc\
\xcb\xfd\xa9\x3f\x67\xe9\xbe\x1c\xfc\x40\x59\xf4\x3b\x56\x7d\x07\
\x57\x2f\x2d\xb2\x28\xe2\x07\x1c\xbc\x44\xfb\x67\x23\xd8\xfb\x57\
\x91\x26\x92\xfa\x78\xc3\x46\xca\x7a\x16\x2b\xde\xbf\x58\x7f\x68\
\xdf\x87\x96\x5a\xbf\xc1\x9d\x71\x44\x7b\xee\x74\xe5\x1a\x84\x72\
\x11\xc8\x28\x7e\x6f\xc0\xa9\x6a\xfc\xf8\x97\x4f\x85\xb0\x1f\x2e\
\x0f\x1c\xd4\x4b\x1b\x0e\x66\x92\xd0\xf6\x69\x63\xd4\xf4\x67\x90\
\xb0\xda\x18\x93\x80\x32\x4d\x61\xdc\xcc\x6e\x25\x2d\x9e\x33\x80\
\x2b\xb7\xf1\x7d\x9a\x5c\xde\xc7\xa6\xe9\xf0\x6f\xb8\xeb\x29\x5e\
\xde\x83\xf5\xa6\x59\x78\x10\xf9\x71\xae\xff\x00\x36\xe9\xce\xd1\
\x18\x5c\x82\xc7\x18\x03\xd7\x39\x03\xf1\xae\xb5\x51\x5a\xec\xf4\
\x55\x58\xa8\xa6\xce\x6f\x46\xd0\x2e\xf5\x9b\xc8\xad\xad\x6d\xa5\
\xb9\xb8\x94\xe2\x38\x22\x52\xce\xe7\xd0\x01\x5e\xeb\xe1\x9f\xd8\
\xdf\xc5\x7a\xdd\xb4\x33\xea\xd2\xdb\x68\x50\x30\x0d\xe5\xcb\xf3\
\xca\x07\xd0\x74\xaf\xa9\xbe\x05\x7e\xcf\x36\xff\x00\x09\x7c\x37\
\x15\xe5\xcc\x11\xdd\x78\x8e\xe6\x31\x25\xcd\xc9\x1b\x8c\x59\xe7\
\xcb\x4f\x4c\x7e\xa7\x35\xe8\x37\x48\x16\x27\x12\x0c\x71\xdc\x77\
\xf6\xad\xe0\xe3\x2d\x8e\x29\xe2\xdb\x76\x81\xf2\x65\xaf\xec\x41\
\xa4\x24\x27\xed\x5e\x23\xbb\x69\x3f\xe9\x94\x2a\x07\xea\x6b\x33\
\x55\xfd\x89\xa3\x58\xd9\xec\x3c\x48\x49\x19\xda\x2e\x20\xeb\xf9\
\x57\xd5\xb2\x74\x23\xb0\xaa\xd2\xff\x00\xaa\x6f\xad\x75\x72\x45\
\x13\xf5\x8a\x9d\xcf\x83\xbc\x5d\xfb\x30\xf8\xd3\xc3\x11\xbc\xd1\
\x59\xa6\xab\x6e\xa3\x25\xec\xdb\x71\xff\x00\xbe\x4f\x35\xe5\x77\
\x9a\x7d\xce\x99\x3f\x95\x73\x04\xb6\xf2\xa9\xc1\x49\x54\xa9\x1e\
\xbd\x6b\xf4\xee\xe3\xfd\x5f\xe2\x3f\x9d\x72\xfe\x2a\xf0\x36\x81\
\xe3\x0b\x56\x8b\x57\xd2\xed\xef\x01\xe9\x23\x26\x1c\x7d\x18\x73\
\x9a\xc5\xc3\xb1\xd1\x0c\x57\xf3\x1e\xff\x00\xff\x00\x04\xd9\xfd\
\xa3\xa0\xf8\xed\xf0\xa5\xbc\x1f\xe2\x29\x96\x7f\x17\xf8\x56\x28\
\xe2\x32\xb9\xfd\xe5\xdd\x96\x71\x14\x9e\xe5\x3f\xd5\xb7\xfc\x04\
\xf7\xaf\xac\xae\xfc\x2a\x08\x26\xde\x4f\xa2\xbf\xf8\xd7\xe5\x3f\
\xc2\x3f\x86\xf2\xfe\xcf\xff\x00\x18\x74\x1f\x1d\xf8\x33\x52\x96\
\x08\xed\x26\xf2\xef\xb4\xdb\x93\x95\xb9\xb5\x73\x89\x63\xdc\x3d\
\x57\x91\x9f\xe2\x50\x7b\x57\xeb\xb5\x8d\xdc\x3a\x9e\x9f\x6f\x7b\
\x69\x20\x9a\xce\xe2\x35\x96\x29\x53\x90\xca\xc3\x2a\x7f\x1f\xe7\
\x4b\x58\xee\x37\xc9\x37\x78\x9c\x2d\xee\x9d\x71\x66\xe4\x4b\x1b\
\x2f\xbe\x38\xac\xd9\x06\x5a\xbd\x3a\x54\x0e\xa4\x30\x0e\xa7\xfb\
\xdc\xd6\x0e\xa3\xe1\xbb\x6b\x9c\xb4\x60\xc3\x21\xfe\xef\x4f\xc4\
\x55\x29\x18\x38\x34\x70\xd3\x0f\x7a\xa7\x20\xe6\xb7\x75\x3d\x0e\
\xea\xcb\x71\xd9\xe6\x27\x66\x4e\x78\xac\x49\x01\x05\xb8\x20\x8e\
\x3e\x95\x57\x32\xd7\xa9\x91\xab\x68\xf6\xba\xa2\x14\xb9\x88\x39\
\xec\xc3\x86\x1f\x8d\x70\xda\xc7\x82\xe7\xb2\x62\xf6\xac\x6e\x22\
\xeb\xb4\xfd\xe0\x2b\xd2\x25\x19\xaa\x53\x8f\xc6\xa8\x99\x5a\xe7\
\x90\x32\xb2\x36\x08\x20\x83\x82\x08\xe9\x5e\x6d\xe3\x8f\x81\xda\
\x27\x8a\xe4\x7b\xbb\x53\xfd\x95\x7e\xe7\x2d\x24\x2b\xfb\xb7\x3f\
\xed\x2f\xaf\xbd\x7d\x1f\xaa\xe8\x16\x9a\xaa\x93\x22\x6c\x98\x8e\
\x24\x4e\x0d\x71\x7a\xae\x81\x73\xa6\x31\x2c\xbe\x6c\x59\xe1\xd4\
\x71\x4f\x72\x2e\xe3\xb1\xf2\x3e\xbf\xf0\x3b\xc4\xde\x1e\x86\x7b\
\x95\x8a\x2b\xeb\x58\x57\x7b\x3d\xbb\xf3\xb4\x75\xf9\x7a\xfb\xd7\
\x27\x60\x97\x1a\x95\xcc\x30\x09\x7e\x79\x0e\xd5\x32\x49\xb4\x64\
\xfa\x93\xda\xbe\xd1\xe3\x9e\x32\x3a\x7d\x6b\xc4\xfe\x25\xfc\x13\
\x79\x27\x9b\x55\xf0\xec\x60\x97\x62\xf3\x58\x7b\xf5\xca\x7f\x85\
\x23\x58\xce\xfb\x94\x3c\x2b\xf0\x03\x57\xd6\x2f\x20\x5b\xfd\x46\
\xcb\x4b\xb6\x90\xe0\xdc\x13\xe6\x6d\xcf\xfb\xbd\x6b\xe9\xff\x00\
\x02\x7e\xc4\x3e\x11\xb2\x86\x1b\xbd\x5b\x58\xb9\xf1\x06\x46\xe5\
\x58\x08\x8a\x16\xfc\x47\x24\x57\xc5\xba\x37\x8d\xfc\x45\xe1\x09\
\x7e\xcd\x05\xdc\xf6\xa5\x4f\xcd\x6d\x30\x24\x0f\x4e\x0d\x7a\x97\
\x83\x3f\x6b\x6f\x19\xf8\x41\x1d\x2d\xc5\xa5\xcc\x4d\x92\xd1\x4e\
\xa4\xae\x7d\x40\xec\x69\x33\x44\xdf\x53\xec\xff\x00\x18\x5b\x78\
\x6b\xe0\x0f\xc2\xaf\x12\xf8\x87\x43\xd2\x2c\xf4\xe6\xd2\xf4\xf9\
\x67\x89\xa3\x8c\x6f\x69\x71\x84\x05\x8f\x24\xef\x2b\x5d\x2f\x82\
\x75\x0b\x4f\x03\xfc\x3b\xf0\xec\x3a\xa5\xf4\x36\xa2\x0d\x3a\x0f\
\x3a\x5b\x99\x42\xee\x90\xc6\x19\xdb\x9e\xa4\xb1\x63\xf5\x35\xf0\
\x0f\xc4\x4f\xda\x4f\xc6\x1f\x14\xfc\x3d\x73\xa1\x6b\x37\x16\xc9\
\xa4\x5d\x14\x33\x5b\x5b\xc5\xb7\x78\x52\x08\x04\xf5\xc6\x47\x4f\
\x61\x5c\x76\xa3\xe2\x6d\x5b\xc4\x72\xab\x6a\x5a\x8d\xd5\xfc\x84\
\x05\x02\x69\x4b\xf4\xe8\x00\xa4\x95\xf7\x2b\x9a\xdb\x1f\x79\xf8\
\xe7\xf6\xc0\xf0\x67\x86\x7c\xc8\x74\x96\x97\xc4\x17\x8a\x08\xff\
\x00\x47\xf9\x62\x07\xdd\xcf\x5f\xc2\xbe\x75\xf1\xf7\xed\x25\xe2\
\xef\x88\x45\xe1\x6b\xbf\xec\x9d\x3d\xb8\x16\xb6\x24\xaf\x1f\xed\
\x37\x53\x5c\x67\x81\xfe\x0b\x78\xd3\xc7\x2f\x19\xd3\x74\x5b\x84\
\x81\xb1\xfe\x93\x72\xbe\x54\x6b\xef\x93\x5f\x49\x7c\x3a\xfd\x8e\
\x34\xdd\x3c\xc7\x73\xe2\xab\xf3\xa8\xcc\x30\x4d\x9d\xaf\xc9\x16\
\x7b\xe5\xba\x9a\x76\x48\x96\xe5\x23\xe7\x6f\x09\xf8\x57\x5a\xf1\
\xa6\xa0\xb6\xba\x45\x84\xf7\xf7\x0e\xc0\x92\x8a\x70\xbe\xec\xdd\
\x05\x7d\x2f\xf0\xe3\xf6\x5a\xb6\xd3\x4c\x37\x9e\x2a\x98\x5e\x5c\
\x0c\x38\xb1\x84\xfe\xed\x4f\xfb\x4d\xfc\x5f\x4a\xf7\x8d\x0b\xc3\
\xba\x6f\x86\x6c\x16\xcf\x4a\xb1\x82\xc2\xdd\x71\x84\x85\x00\xcf\
\xa6\x7d\x4f\xd6\xae\x4a\xb8\x6f\xa8\xe6\x93\x90\xd5\x34\xb7\x2a\
\xd9\xd9\x5b\xe9\xd6\xd1\xdb\xda\xc0\x96\xd0\x46\x36\xa4\x71\xa8\
\x55\x51\xdb\x00\x52\x5d\x5b\x09\x53\x81\xcd\x4f\x45\x4d\xcb\xb2\
\x39\x7b\xfb\x1c\x66\xb0\x6e\xad\xb0\xdd\x3b\x57\x73\x79\x6b\xe6\
\x02\xc0\x76\xac\x0b\xcb\x4e\xbc\x55\xa7\x73\x29\x2b\x1c\x1e\xb3\
\xa6\x49\xe6\x25\xed\xaf\x17\x70\xff\x00\xe4\x45\xee\xb5\x6a\xc2\
\xfa\x3d\x42\xd5\x66\x8f\xa9\xea\xa7\xaa\xb0\xea\x0d\x6c\xdc\x5b\
\x6d\xcf\x15\xc7\xeb\xf7\xf6\x9e\x0f\xba\x37\xf3\x4e\x90\xda\xcc\
\x71\x2c\x6c\xdc\x83\xd9\x80\xef\x4d\x6a\x66\xdd\x8d\xec\x67\xb7\
\x5a\xa1\xaa\x6b\xb6\x7a\x3a\xaf\xda\x25\x1e\x63\xb6\x23\x85\x39\
\x77\x3d\x80\x15\xe7\xf7\xbf\x14\x6f\x7c\x49\x7b\xfd\x9d\xe1\x7b\
\x37\x77\x63\x83\x70\xe3\x91\xee\x07\x61\xee\x6b\xaa\xf0\xb7\x83\
\x97\x49\x7f\xb6\xea\x13\x1b\xfd\x55\xd7\xe6\x9d\xce\x42\x7b\x2f\
\xf8\xd0\x17\x37\x34\xc9\xae\xa5\x5f\x3a\xe5\x7c\x9d\xff\x00\x76\
\x11\xc9\x51\xef\xef\xfc\xab\x5e\x37\xc6\x0d\x51\xef\x56\x22\x39\
\xe2\x81\x97\xe2\x6c\x10\x7d\x6a\xd4\x4d\xf9\x55\x08\xdb\x3f\x87\
\x35\x6e\x27\xe0\x63\x9a\x00\xbd\x1b\x55\x94\x35\x4a\x36\xcd\x59\
\x46\xa8\x19\x66\x37\xe9\x56\x91\xb3\x54\xe3\x22\xac\x46\x70\x79\
\xa0\x69\x97\x23\x6a\x95\x7a\xd5\x64\x3c\xe2\xac\x29\xc5\x06\x89\
\x93\xa9\x34\xb4\xc4\x34\xfa\x82\x82\x8a\x28\xa0\x02\x8a\x28\xa0\
\x02\x8a\x28\xa0\x02\x8a\x28\xa0\x02\x8a\x28\xa0\x02\x8a\x28\xa0\
\x02\x8a\x28\xa0\x02\x8a\x28\xa0\x02\x8a\x28\xa0\x02\x8a\x28\xa0\
\x02\x8a\x28\xa0\x03\x38\x06\xa0\x99\xf3\xf4\xa9\x59\xb0\xb5\x4e\
\x67\x03\xad\x34\x26\x41\x3c\x98\xaa\x13\x4a\x39\xe6\xa7\x9d\xf2\
\xc6\xb3\xae\x64\x38\x38\xab\x46\x3a\x90\x5c\x4b\xc1\xac\xdb\x89\
\xb1\x9e\x6a\x69\xe5\x38\x35\x9d\x3b\xee\x62\x0d\x31\x0c\x91\x8b\
\xd5\x3b\x99\xa4\x79\x3e\xcf\x6d\x83\x3b\x0c\xb3\xf6\x8c\x7a\x9f\
\xf0\xa9\xdd\xa4\x96\x41\x04\x0b\xfb\xd3\xf7\x9c\x8e\x10\x7a\xff\
\x00\xf5\xab\x6f\x46\xd0\x56\x05\x55\x03\x24\xf2\xc4\xf2\x58\xf7\
\x26\x8b\x8c\xad\xa2\x68\x22\x15\x0a\x01\x24\x9c\xb3\xb7\x56\x3d\
\xc9\xae\xcb\x4e\xd3\x16\x34\x1c\x70\x2a\x5b\x0d\x39\x61\x50\x48\
\xe3\xd2\xb4\x40\xc0\xc5\x26\xec\x68\xa2\x22\xa8\x41\x81\x4e\xcd\
\x25\x15\x05\x85\x04\x51\x45\x20\x38\x3f\x8c\xff\x00\x07\xf4\x9f\
\x8d\x3e\x0e\x9b\x45\xd4\xb3\x6f\x73\x1b\x79\xd6\x57\xf1\x8f\xde\
\x5a\xcc\x3a\x38\x3e\x99\xc6\x47\x71\xef\x8a\xf0\xff\x00\x02\x7e\
\xd0\x3e\x22\xf8\x21\xae\x43\xe0\x4f\x8c\x70\x48\x91\x47\x88\xac\
\x3c\x4e\x80\xb4\x53\xa7\x44\x2e\xdd\xff\x00\xde\xea\x3b\xd7\xd5\
\x95\x89\xe3\x3f\x03\xe8\x7f\x10\x74\x59\x74\xaf\x10\xe9\x90\x6a\
\x76\x2e\x3f\xd5\xce\xb9\x2a\x7d\x54\xf5\x52\x3d\x45\x52\x03\x47\
\x4b\xd5\xac\xb5\xbb\x18\xef\x34\xfb\xb8\x6f\xad\x25\x5d\xc9\x3d\
\xbb\x87\x42\x3e\xa2\xad\x57\xcb\x97\x7f\xb2\x3f\x89\xfc\x01\x7b\
\x25\xef\xc2\xaf\x1f\x5e\x68\x51\x96\x2c\x34\xdb\xf6\x2f\x08\xcf\
\x6c\xff\x00\x88\xa9\x96\x4f\xda\x87\x4d\xb7\x74\x91\x7c\x31\x78\
\x88\x98\x37\x32\x48\xa8\x70\x3f\x88\xd1\x60\x3e\x9a\xb8\xb8\x8a\
\xd2\x07\x9a\x79\x16\x28\x63\x19\x79\x24\x60\xaa\xa3\xd4\x93\xd8\
\x57\xcc\x5f\x13\xbf\x68\x99\x3c\x7d\xaa\xdc\xf8\x47\xc0\x37\x4c\
\x34\xe8\x89\x8f\x56\xf1\x1c\x59\x01\x57\x90\xd1\x5b\x9e\xec\x7a\
\x6e\xec\x3a\x57\x95\xf8\xae\xdb\xe2\x87\xc5\x0b\x97\xb2\xf1\xb7\
\x8b\x23\x83\x48\x46\xc4\x96\x3a\x39\xd9\x1c\xde\xc4\x8e\xa3\xde\
\xba\x6d\x07\x41\xb0\xf0\xd6\x97\x0e\x9f\xa6\xdb\xa5\xb5\xb4\x43\
\x01\x54\x72\x4f\xa9\xf5\x3e\xa6\xad\x26\x63\x3a\x96\xd1\x16\xed\
\xe0\x8e\xda\xde\x38\x62\x5d\x91\x46\xa1\x55\x73\x90\x00\x1c\x7e\
\x58\xa7\xd1\x4b\xdb\x38\xab\x39\x5e\xae\xe0\x39\xa9\xec\xac\x67\
\xd4\x67\x58\x60\x8c\xbb\xb7\x61\xdb\xdc\xd5\xdd\x1f\x40\x9f\x57\
\x93\x2a\x36\x42\x3e\xf4\x84\x7e\x83\xde\xbd\x13\x48\xd2\x6d\xb4\
\x98\x02\x40\x98\x6f\xe2\x73\xd4\x9f\x5a\x5b\x14\x95\xca\x9e\x1b\
\xf0\x7c\x1a\x41\x59\xee\x31\x3d\xd6\x73\xcf\xdd\x5f\xa7\xbf\xbd\
\x75\x71\x0f\xe5\x8a\xad\x1f\xdd\xc5\x59\x87\xaf\xe1\x52\x6a\x95\
\x8b\x89\xd0\x55\x88\x79\xc6\x07\x39\xc6\x2a\x08\x50\xbe\xd5\x50\
\x59\x8f\x40\x3d\x6b\xb1\xd0\x7c\x3e\xb6\xca\x26\xb8\x01\xa5\x3c\
\x84\xec\xb4\x9b\xb2\x2e\x2b\x99\xd8\x87\x48\xf0\xeb\x4f\xb6\x5b\
\x90\x52\x3e\xbb\x3b\xb7\xd6\xba\x88\x62\x48\x54\x24\x6a\x11\x40\
\xc0\x02\x94\x0e\x05\x2d\x64\xdd\xce\xa5\x14\x82\x8a\x28\xa4\x51\
\x05\xf5\xf4\x1a\x6d\x95\xc5\xe5\xd4\xcb\x6f\x6b\x6f\x13\xcd\x34\
\xce\x70\x23\x45\x5d\xcc\xc7\xd0\x00\x09\xfc\x2b\xf9\xef\xfd\xa9\
\xfe\x35\x4f\xfb\x40\x7c\x71\xf1\x37\x8c\xa5\x66\xfb\x1d\xd5\xc1\
\x8a\xc2\x26\xff\x00\x96\x56\x91\xfc\xb0\xaf\xfd\xf2\x32\x7d\xd8\
\xd7\xeb\x0f\xfc\x14\xdf\xe3\x3b\x7c\x2a\xfd\x9a\x35\x0d\x2a\xce\
\x7f\x27\x57\xf1\x6c\xc3\x47\x83\x69\xf9\x84\x18\x0d\x70\xdf\x4d\
\x98\x4f\xf8\x1f\xbd\x7e\x26\x08\x95\x98\x64\x73\xd2\x94\x8d\xe9\
\xad\x2e\x57\x03\x2c\x07\xa9\xab\x29\x6c\x85\xc2\xf3\x8c\xe2\xac\
\xa5\x8c\x5b\x87\x07\xaf\xad\x5f\x4d\x3a\x12\xeb\xc3\x67\x3e\xb4\
\x92\xb9\x6d\xd8\xcf\x5d\x3e\x2d\xc0\x12\x79\xf7\xab\x36\xfa\x7c\
\x71\x4a\xa5\x59\x81\xce\x47\x35\xa6\xba\x74\x61\x97\x21\xba\xfa\
\xd5\xa8\xf4\xf8\x77\x8e\xbf\x9d\x5c\x62\x44\xa6\x32\xd7\x49\xb5\
\xd4\x65\x50\x09\x8a\x5e\x49\xc1\xa4\x9f\x42\xfb\x2c\x9b\x64\x56\
\xc7\x66\x53\xc1\xab\xd0\x59\x46\x93\x2b\x29\x60\xc0\xe7\x20\xd7\
\x61\xe1\xf6\xb0\xbe\x95\x2d\xee\xd0\x6f\x6e\x32\xc7\x86\xfa\xd6\
\x8e\x0d\x2b\x9c\x35\x6b\xba\x69\xcb\xa1\x81\xe1\xab\x9b\x68\xae\
\x92\x2b\xb2\xdb\x0f\x09\x21\x3f\x74\xfa\x57\x71\x69\xe1\x6b\x19\
\xaf\x63\x9c\x6e\x59\x10\x6e\x0e\xa7\xaf\xa8\x3f\x51\x55\xaf\xbe\
\x1c\xc1\x3b\x96\xb1\xc8\x6c\x67\xc9\x63\xfc\xaa\xcf\x85\x2f\xe3\
\xd1\x2f\x7e\xc7\xaa\x23\x88\x79\x0a\xd2\x75\x43\xfd\x45\x65\x2a\
\x3c\xf1\x72\x81\xe1\xe2\x31\x0a\xac\x79\xe9\x3d\x57\x43\x5d\xfc\
\x25\xa7\x6a\x91\xbc\x17\x11\xb3\xa1\x19\xce\x79\x5f\x71\x5c\x79\
\xf0\xec\xdf\x0f\xf5\xc8\xae\xfe\x79\xec\x0b\x05\x67\x1d\x19\x0f\
\x25\x4f\xa1\x1f\xd2\xbd\xbb\x4d\xd1\xec\xa5\x6d\xc8\xa5\xd4\xae\
\x41\x56\xeb\x9e\xe2\xb4\xd3\xc3\x5a\x7d\xec\x33\x43\x73\x00\x96\
\x17\x4c\x32\xb9\xc8\x22\xbc\xe8\xb9\x41\xf2\xcb\x63\xe6\xa3\x9b\
\xba\x52\x70\x9d\xda\x7d\x0e\x9f\xf6\x5d\xb5\xb3\x5f\x8d\x5e\x0b\
\xbd\xb7\x99\xb6\x3d\xd8\x29\x20\x3d\x43\x46\xe3\xf9\x1c\x57\xea\
\x0f\x85\x2d\x6d\x6e\xbc\x41\x0c\x6e\x55\xe4\x89\x0c\xaa\x87\x92\
\x30\x40\xcf\xea\x2b\xf1\xa7\xe1\x5f\xc5\x4d\x37\xe1\xe7\xc7\xbf\
\x06\xf8\x77\x47\x9d\x6e\xed\x4e\xbb\x6b\x13\x5d\xc8\xd9\x5b\x60\
\xf2\x04\x64\x07\xbe\x37\x75\xfa\xd7\xeb\x17\x82\x7c\x44\xba\x07\
\x8a\x63\xbb\xba\x6c\xc3\x28\x68\xa5\x73\xc9\x50\x48\x20\x9f\xa1\
\x02\xb5\xa3\x43\x95\xb9\x23\xe8\xf2\xec\x2c\xe9\xc9\x4e\x7f\x0b\
\xd5\x1e\xf6\x17\x06\x9c\x06\x2a\x0b\x5b\xa8\xaf\x22\x12\x43\x2a\
\xcb\x1b\x72\x19\x0e\x45\x4f\x91\x5d\x27\xd8\xdc\x31\x46\xd1\x46\
\x69\x32\x3d\x69\x20\xd0\x42\x9c\x63\xb5\x79\xc7\xc4\xff\x00\x85\
\xd6\x9e\x28\xb0\x9e\xf6\xce\x25\x83\x57\x89\x4b\x23\x28\xc0\x9b\
\x1c\xed\x6f\xaf\xaf\xad\x7a\x0c\xf7\xd0\x5b\x02\x66\x99\x22\x03\
\x93\xbd\x80\xaf\x3d\xf1\xb7\xc6\x5d\x1f\x41\xb2\x9a\x2b\x19\x93\
\x51\xd4\x0a\x95\x44\x88\xe5\x54\xe3\xf8\x8d\x5c\x79\x93\xba\x32\
\xa9\xc8\xd7\xbc\x7c\xc5\x20\xf9\xb0\x47\x23\x27\x07\xb7\xb5\x3a\
\xd3\x5d\xbd\xd3\x5f\x30\xce\xdb\x07\xf0\xb7\x22\x9b\x23\x33\xbb\
\xb3\x1c\x96\x24\x9f\xa9\xaa\x53\xe7\x23\xeb\x5d\x4e\x2a\x7b\xa3\
\xc2\x94\x23\x2d\xd1\xdb\xe8\xfe\x31\xb3\xbf\x71\x1d\xe0\xfb\x34\
\xcc\x70\x18\x1f\x94\x9f\xad\x6b\xc5\xa5\x5b\x45\x2c\xaf\x0a\x81\
\xe6\xbe\xf6\x60\x73\x9f\xc6\xbc\xa2\x5e\x87\xeb\x5b\x1e\x1e\xf1\
\x6c\xfa\x34\xcb\x14\xe5\xa7\xb4\xc8\xca\x67\x2c\xbc\xf5\x1f\xe1\
\x5e\x5d\x7c\x1d\xae\xe9\x7d\xc7\x9d\x5f\x0a\xf5\x95\x36\x33\xe3\
\xa3\x5b\xd8\x7c\x25\xf1\x6b\xce\xe4\x24\xb6\x12\x5b\xa8\xcf\x56\
\x93\x11\x80\x3f\x16\x1f\xad\x7e\x72\x36\x95\x01\x66\xc6\x46\x73\
\xce\x7d\xeb\xec\x0f\xda\x3f\xe2\x7e\x95\xe3\x41\x0f\x87\x74\x4b\
\xb5\xbd\xd3\xed\xe5\xf3\x2f\x26\x85\xf2\xa6\x51\xd2\x3e\x3f\xbb\
\xd4\xfb\x9c\x76\xaf\x9b\x1f\x47\xb6\xde\xdf\x29\xeb\xeb\xef\x5f\
\x23\x5a\xab\x55\x39\x57\x43\xc8\xa7\x89\xf6\x52\x71\x6f\x53\xcb\
\xad\x34\x2b\x5b\x0f\x34\xa2\x96\x92\x42\x59\xe4\x27\xe6\x63\xde\
\xba\x9f\x82\x9a\x25\xae\xa9\xf1\x6b\xc2\x56\xd7\x03\x74\x4d\xa8\
\xc6\x59\x4f\x7d\xb9\x60\x3f\x30\x2a\xd3\xe8\xf6\xa7\x71\xda\x73\
\xcf\x7a\xe6\xa0\xf1\x95\xaf\xc3\x4d\x77\x4b\xd6\x54\x17\xbc\xb2\
\xb9\x8e\xe2\x28\x55\xb9\x6d\xa4\x67\xe8\x08\xc8\xaf\x46\x85\x59\
\x56\x76\x47\xbb\x4a\xbb\xaf\xa2\x3f\x45\xf5\x3b\xb8\xac\x6d\x64\
\x79\x5b\xe6\x61\xc0\xee\xc4\xd7\x0f\xa8\x5e\x3d\xd9\x2c\xdc\x01\
\xd0\x0a\x6d\xa7\x88\x60\xf1\x6e\x9d\x6b\xab\xdb\x4e\x2e\x2d\x2e\
\xe2\x59\xa0\x74\x39\x5d\x8c\x32\x31\xf4\xa8\xa5\xff\x00\x56\x47\
\x6c\x57\xd4\x51\xa3\xec\xe3\x77\xb9\xbd\x3a\x5e\xcf\xe2\xdc\xa9\
\x21\xc2\x1a\xab\x21\xfd\xd9\x15\x7c\x59\xcd\x3c\x4c\xca\xbc\x63\
\xef\x37\x00\x55\x2b\xa5\x44\x56\x0a\xfb\xd8\x63\x91\xd0\x57\x57\
\x32\x6e\xc6\xc5\x39\xce\x63\x07\xdc\x7f\x3a\xab\x37\x09\xf8\xd5\
\xa9\x46\x22\xe3\xd4\x7f\x3a\xa9\x31\xcc\x67\xeb\x41\x51\x2b\x4a\
\x7e\x5c\x1f\x5c\xd7\xd8\x7f\xb1\x9f\xc4\xb3\xab\xe8\x57\x5e\x0e\
\xbd\x97\x75\xc6\x9d\x99\xec\x8b\x9c\xe6\x16\x23\x72\x8f\xf7\x58\
\xe4\x7b\x1a\xf8\xee\x5e\x82\xba\x5f\x86\x1e\x34\x9b\xe1\xf7\x8f\
\xb4\x7d\x6a\x27\x28\x90\xce\x16\x60\x3a\x34\x67\x86\x1f\xe7\xd2\
\xa5\xfb\xda\x1a\x53\x9d\xa5\x73\xf4\xae\x5b\x25\x93\xee\xfc\x86\
\xb3\x6e\xed\xa4\x87\xef\x0e\x3b\x11\x5a\xb6\x57\x51\x5f\x5a\x41\
\x73\x0b\x6e\x8a\x64\x59\x10\xf6\x2a\x40\x23\xf9\xd3\xa7\xe8\x01\
\x19\x15\xcd\xb3\xd4\xf4\x9a\xba\x39\x87\x39\x04\x56\x2e\xa5\xa1\
\xdb\x5f\xe5\x8a\xf9\x52\x76\x74\xae\xbe\xf3\x4f\x59\x39\x8f\x87\
\xea\x47\x63\x58\x77\x11\x3c\x2f\x86\x52\xa7\xaf\xd6\xb4\x4c\xe7\
\x94\x0e\x03\x55\xd0\x6e\x6c\x43\x32\xaf\x9d\x18\xfe\x25\xed\x58\
\x37\x03\x39\xed\x8e\x31\x5e\xa5\x25\x60\xea\xba\x05\xbd\xf0\x24\
\x2f\x93\x2f\x66\x51\xc1\xfa\xd5\xdc\xe6\x94\x4e\x0c\xf2\x33\x55\
\xa7\x50\xca\xc0\x8c\x83\xd8\xd6\xbe\xa1\xa3\xdc\x69\xd9\xf3\x13\
\x72\x75\xde\xbc\x83\x59\x33\xfd\xdf\xf3\xeb\x54\x64\xd1\xcc\xea\
\xfe\x1b\x8e\x60\x65\xb6\xc4\x72\x77\x4e\xc7\xfc\x2b\x97\x9a\x09\
\x2d\xe4\x31\xc8\x85\x5c\x76\x35\xe8\x53\xf0\x87\x1e\xa2\xb3\x6f\
\x6c\xa2\xbd\x8f\x6c\x8b\x93\xd8\xf7\x14\xc4\x79\xae\xb7\xe1\x2d\
\x1f\xc4\x4b\xff\x00\x13\x1b\x08\x6e\x5b\xa7\x98\x57\x0d\xf9\xf5\
\xae\x46\xe7\xe0\x5f\x86\xe6\x72\xd1\x1b\xab\x7c\x9e\x8b\x2e\x40\
\xaf\x53\xd4\x34\x99\x6c\x8e\xee\x64\x8f\x3c\x30\xed\xf5\xaa\x38\
\xcf\x6e\xb4\xec\x4d\xd9\xe3\xde\x35\xf8\x3f\xa7\xe8\x7e\x0f\xd5\
\xaf\xb4\xd9\x2e\x25\xbf\xb6\x84\xcc\x82\x46\xc8\x20\x10\x5b\x8f\
\xa6\x6b\xd6\xbf\x62\x5f\x13\xf8\x1f\x5e\xf0\x9a\x59\x6a\x7a\x45\
\x8c\x7e\x29\xb3\x99\xa3\x7b\xf9\xe3\x0e\x67\x56\x25\x91\xb2\x7a\
\x1c\x1d\xbf\x85\x49\x34\x29\x71\x04\x91\x4a\xbb\xe3\x75\x28\xca\
\xdd\xd4\x8c\x11\xfc\xc5\x7c\xb3\x65\xa8\xde\xfc\x0a\xf8\xa3\x75\
\x13\x2b\xc9\x60\x5b\x0c\x83\x8f\x36\xdd\x8e\x51\x87\xfb\x43\x19\
\xfa\x8f\x7a\x4d\x5c\xde\x12\x3f\x59\xd4\x05\x45\x00\x6d\x5e\x00\
\x03\xa5\x38\x1c\x76\xaf\x03\xf8\x4f\xf1\xca\x0b\x8d\x3e\xd9\x6e\
\xae\xc5\xfe\x93\x28\x1e\x4d\xea\x9c\xb4\x63\xd1\xbd\xbf\x51\x5e\
\xf1\x6f\x71\x15\xdd\xba\x4d\x0c\x8b\x2c\x4e\x32\xae\x87\x2a\xc2\
\xb3\xb1\xd0\xa5\x72\xc2\xcc\x4f\xde\xe6\x99\x23\x6e\x62\x69\xa4\
\x8e\xb4\x00\x73\xc0\xcd\x48\xc2\x8a\xc4\xf1\x0f\x8e\x3c\x3f\xe1\
\x48\x5e\x5d\x5f\x59\xb2\xd3\x91\x41\xcf\x9f\x32\x83\xc7\xa0\xeb\
\x5e\x25\xe3\x3f\xdb\x6b\xc1\x9a\x21\x92\x1d\x0a\x1b\x8f\x10\x5c\
\xaf\x0a\xe8\x3c\xa8\x73\xdb\xe6\x3c\xd1\x62\x6e\x7d\x10\x54\x91\
\x8e\xb5\xc1\x78\xef\xe2\x4f\x85\xbc\x10\x8c\x75\x5d\x5a\x08\xa7\
\xe7\x16\xf1\x9d\xf2\x1f\x41\xb4\x57\xc8\x1e\x27\xfd\xa7\x7e\x21\
\x7c\x49\xb8\x6b\x2d\x35\xdf\x4e\x82\x43\x81\x67\xa5\x21\x2e\x7b\
\x60\xb7\x5a\xda\xf0\x2f\xec\xaf\xe3\x5f\x18\xca\x97\xda\xd3\x7f\
\x62\xdb\x48\x77\x34\xb7\xac\x5e\x76\x1f\xee\xf5\xcf\xd6\xa9\x2b\
\x6e\x4b\x77\xd1\x23\xa0\xf1\x87\xed\x39\x71\xa9\xc8\xd6\xfe\x1d\
\xb1\xfb\x2c\x67\xa5\xc5\xcf\xcc\xe7\x3c\x02\x17\xb5\x67\x78\x57\
\xe1\xa7\x8a\x3e\x22\x5d\x2e\xa5\xad\xcd\x3c\x16\x8c\x77\x79\xf7\
\x59\xde\xe3\xfd\x85\xfe\xb5\xee\xbe\x0c\xfd\x9d\xfc\x31\xe0\x30\
\x93\x2d\xb9\xd5\x2f\xd7\x9f\xb4\xdd\x80\xd8\xff\x00\x75\x7a\x0a\
\xec\x2e\x6d\x31\x9c\x0c\x7d\x3b\x55\xf3\x2e\x86\x6e\x2f\xa9\xe7\
\x1e\x1b\xf0\xdd\x9f\x83\x9d\xb4\xdb\x78\x42\xc7\x2f\xcf\x15\xc1\
\x1f\x3c\x9c\x64\xa9\x3e\xa3\xaf\xd2\xba\x07\x89\x81\xab\xba\xb6\
\x94\x2f\x60\x31\x92\x51\x81\x0c\x8e\x3a\xa3\x03\x90\x6a\xad\x84\
\xef\x75\x0b\x09\x57\x6d\xcc\x47\x64\xa9\xfe\xd7\xa8\xf6\x3d\x68\
\x10\xcd\x84\x72\x68\x32\x2d\xba\x34\x92\x10\x8a\xa3\x25\x9b\xa2\
\x8a\x7d\xf5\xcc\x1a\x75\xac\x97\x17\x32\x88\xa1\x41\x96\x66\xff\
\x00\x3d\xeb\x92\xd3\xee\x67\xf1\xce\xa0\xcf\xb5\xa1\xd1\xa0\x7f\
\xba\x78\x33\x30\xf5\xff\x00\x0a\x00\xeb\x34\xcb\xc6\xbf\x53\x70\
\x14\xad\xb9\xe2\x3c\x8c\x16\x1f\xde\xfc\x6b\x52\x13\xb4\xd5\x58\
\x54\x28\x01\x46\x15\x78\x02\xac\xc6\x70\xd4\x01\x72\x23\x56\xa3\
\x35\x4e\x12\x72\x2a\xcc\x66\x95\x80\xb4\xa6\xac\xa1\xaa\xa9\xd2\
\xa7\x88\xfc\xb5\x25\x22\xda\x1e\x86\xa7\x46\xe3\xa5\x56\x8c\xd5\
\x84\xe9\x41\x68\xb2\x87\x9a\x7d\x42\x8c\x72\x2a\x61\xd2\xa0\xb0\
\xa2\x8a\x28\x00\xa2\x8a\x28\x00\xa2\x8a\x28\x00\xa2\x8a\x28\x00\
\xa2\x8a\x28\x00\xa2\x8a\x28\x00\xa2\x8a\x28\x00\xa2\x8a\x28\x00\
\xa2\x8a\x28\x00\xa2\x8a\x28\x00\xa2\x8a\x29\x81\x14\xcc\x32\x6a\
\x85\xc3\x64\x1a\xb5\x31\xc1\x26\xa8\xce\xdd\x78\xed\x54\x66\xf6\
\x2a\x4c\xfd\x6b\x3a\xe4\xe3\xf1\xab\xd3\x02\x41\xaa\x33\xa1\x6a\
\xa4\x66\x66\xcd\xf3\x0e\x86\xab\x1b\x77\x77\x0a\x8b\xf3\x9e\xe4\
\x74\x1e\xa6\xb5\x52\xd0\xbb\x74\xef\x5a\x76\x5a\x61\x24\x7c\xbc\
\xf7\x34\x5c\x7b\x94\xb4\x9d\x14\x44\xa0\x63\x9e\xa4\x9e\xf5\xd4\
\x5a\x58\x2d\xba\x82\x47\xe5\x52\x5b\x5a\x2c\x00\x7a\xd5\x8a\x83\
\x54\xac\x1d\x28\xa2\x8a\x92\x82\x8a\x28\xa0\x02\x8a\x28\xa0\x02\
\x8e\xb4\x54\x17\xf7\xf6\xfa\x65\xa4\xb7\x37\x52\xac\x36\xf1\x2e\
\xe7\x76\x38\x00\x53\x06\xec\x3e\xe6\xea\x1b\x1b\x79\x27\xb8\x91\
\x62\x86\x35\xdc\xce\xc7\x01\x45\x78\x37\xc4\x7f\x8a\x13\x78\x96\
\x57\xb0\xd3\xd9\xa1\xd2\xc3\x60\xb0\xe1\xa6\xc7\xaf\xa2\xd5\x4f\
\x88\x7f\x12\x6e\x3c\x5f\x72\x6d\xad\xf7\x41\xa5\xc6\x48\x58\xfa\
\x19\x4f\xab\x7f\x41\x5c\x41\x3b\xab\x55\x1b\x6a\x73\xce\xa5\xf4\
\x41\x81\xd8\xe6\x90\x1c\xfe\x34\x53\xe2\x85\xa6\x90\x24\x6a\x59\
\x8f\x40\x3b\xd5\x1c\xe3\x71\xe9\xeb\x8e\x3d\x6b\xa4\xd0\x7c\x2c\
\xd7\x5b\x66\xbb\xca\x43\x9c\xac\x7d\xdb\xeb\xed\x56\xf4\x5f\x0f\
\xc7\x6b\xb6\x6b\x80\x24\x9b\xae\xde\xc2\xba\x48\x8f\xca\x0f\xaf\
\x34\x98\xc9\x61\x89\x20\x8d\x63\x8d\x42\x2a\xf0\x02\xd5\xd8\x7e\
\xe0\xaa\x9d\xf3\x56\xe2\xfb\x82\x91\xb1\x6d\x39\x3f\x85\x59\xb7\
\x46\x77\x0a\xaa\x58\x9e\x02\x8e\xa4\xd5\x68\x81\x6c\x6d\x19\xcf\
\x6f\x53\x5d\xa7\x87\x34\x61\x69\x18\x9e\x61\x99\x98\x65\x41\x1f\
\x74\x7f\x8d\x26\xca\x4a\xe5\xdd\x03\x45\x5b\x24\x12\xca\x01\xb8\
\x3d\x3f\xd8\xae\x86\x2e\x7a\xd5\x48\x8e\x14\x7d\x2a\xdc\x7d\xab\
\x26\x74\xc5\x58\x9c\x74\x14\xb4\x0e\x94\x54\x9a\x05\x04\xe0\x66\
\x8a\x82\xf2\xfa\xdf\x4c\xb4\x9e\xee\xea\x4f\x2a\xd2\xda\x27\x9a\
\x69\x0f\x45\x44\x5d\xcc\x7f\x20\x7f\x2a\x00\xfc\x7a\xff\x00\x82\
\xaf\xfc\x4f\xff\x00\x84\xd7\xf6\x87\xb5\xf0\xa4\x32\xf9\x96\x3e\
\x13\xb0\x4b\x66\x45\x27\x06\xea\x6c\x4b\x31\xfa\x85\x31\x2f\xfc\
\x06\xbe\x35\x5b\x38\x86\x32\xa7\xa8\xef\x5d\x77\xc5\x1f\x19\x4b\
\xf1\x37\xe2\x57\x8a\x3c\x55\x78\x77\x4d\xad\x6a\x73\xde\x90\x4e\
\x70\x1e\x42\x55\x47\xb0\x5c\x01\xf4\xac\xa4\xb4\x8b\xe5\xf9\x7b\
\x8e\xf4\xed\xa9\xad\xec\xac\x57\x4b\x28\x4b\xaf\xcb\xdc\x77\xad\
\x38\x2c\xe1\xf3\xd0\x15\xe3\x23\xbd\x5a\x4b\x38\x43\x2f\xc9\xdc\
\x77\xad\x28\xec\xa0\xf3\x17\xe4\xef\xeb\x5d\x94\xe8\xb9\x1c\xb5\
\x6a\xd9\x0e\xb5\xd3\x6d\x8d\xc4\x60\xc6\x08\x24\x0e\x4d\x6a\x27\
\x86\xec\xee\x6e\x11\x55\x4c\x64\xf7\x07\x8a\xd0\xd2\x2d\x2d\xe6\
\x96\x3d\xd1\x82\xca\xc0\x1a\xea\x6c\xf4\xeb\x71\x79\x0f\xee\x87\
\xde\xed\x5d\xf1\xc3\xb5\xb9\xf3\x58\x9c\x7b\xa6\xf4\xdc\xe1\xdf\
\xc2\x4f\x6f\x28\x2b\x1f\x9c\x9c\xf2\xa7\x9a\x62\xe9\x90\x24\xc0\
\x18\x8a\x91\xdb\x38\x35\xeb\xb6\x3a\x75\xb7\xda\xa3\xfd\xd2\xf7\
\xad\x2f\xf8\x46\x34\xcd\x46\x65\x49\xad\x10\xe4\x75\x1c\x11\xf8\
\xd7\x4d\x38\xa8\x7c\x48\xf1\x25\x9d\xdb\x49\x9c\x47\x83\xf5\xbb\
\x68\x6e\x22\xb6\xbf\x5c\xa7\x2a\xb3\x13\xd3\xeb\x5e\x81\x2f\x83\
\xb4\x9d\x79\x42\x5c\x5b\xac\x81\x97\xe5\x75\x6e\x46\x7b\x83\x59\
\x57\x5f\x0b\x62\x92\x52\x6c\x1c\x67\x05\x84\x72\x9c\x7e\xb5\xa9\
\xe1\x4b\x99\xbc\x27\x76\xb6\x9a\xbd\x9b\xfd\x8f\x04\x2c\xa7\x27\
\xcb\xcf\xbf\x71\x5b\x55\xc0\x46\xac\x3d\xae\x1e\x4a\xfd\x8f\x0b\
\x15\x8b\x8c\xdf\xb5\xc3\xc9\xa6\x26\x87\xa1\x4f\xe0\xe9\xcc\x6d\
\x1b\xea\x1a\x41\xcf\xcc\x39\x78\x46\x73\xd3\xd2\xbc\xdb\xe3\xff\
\x00\xc6\x2b\x7d\x26\x39\xbc\x39\xe1\xe9\x41\xb9\x95\x71\x77\x76\
\x8d\xf7\x14\xe0\xec\x5f\x7c\x75\x3f\x85\x7a\xbf\xc6\xdf\x89\x36\
\x5f\x0c\xfc\x13\x25\xdd\x98\x89\xf5\x5b\xf5\xf2\x6c\x40\x39\x03\
\xd6\x4f\x70\xa3\xf5\x22\xbe\x12\xba\xba\x6b\xa9\x5e\x49\x18\xbc\
\x8e\xdb\x99\x9b\xab\x1a\xf9\xac\x4d\x9c\xad\x28\xda\x47\xd2\x70\
\xee\x5e\xf1\xb6\xc7\x62\x56\xdb\x79\xbe\xe4\xb6\xd7\xd3\x59\x5f\
\xc3\x77\x0c\x86\x2b\x88\x9d\x65\x8e\x40\x79\x56\x07\x20\xfe\x62\
\xbf\x68\x3f\x67\x2f\x8e\xfa\x5f\xc7\xcf\x86\xba\x7e\xb5\x6d\x3c\
\x63\x5a\x86\x34\x87\x54\xb3\x04\x6f\x86\x70\x06\xe3\x8f\xee\xbf\
\xde\x07\xa7\x38\xaf\xc5\x32\x72\x6b\xb1\xf8\x65\xf1\x67\xc4\xff\
\x00\x07\xfc\x4b\x16\xb9\xe1\x7d\x4a\x4d\x3e\xf5\x70\x1d\x41\xcc\
\x73\x28\xe7\x6b\xaf\x46\x15\x84\x5f\x29\xfa\x2d\x5a\x6a\x6a\xc8\
\xfd\xd4\x83\x5a\xbe\xd3\x09\xfb\x2d\xdc\xd0\x67\xb4\x6f\x8f\xd2\
\xae\x0f\x88\x1e\x21\x41\x81\xaa\xcf\xf9\x8a\xf8\x2f\xe1\xaf\xfc\
\x14\xc3\xc3\xfa\xa5\xb4\x30\x78\xdb\x43\x9f\x49\xba\x18\x57\xbb\
\xd3\xbf\x7b\x0b\x1f\x5d\xa7\xe6\x1d\x2b\xda\x74\xaf\xdb\x27\xe0\
\xfe\xaf\x0a\xc8\xbe\x33\xb4\xb5\xdc\x3e\xe5\xda\xb4\x6c\x3f\x0c\
\x56\xca\x51\x67\x9c\xe3\x56\x0a\xc7\xd0\x53\x7c\x43\xf1\x16\x36\
\x8d\x5a\x70\x3d\x41\x15\x99\x7b\xe3\x7d\x7a\x7f\xbf\xab\x5d\x10\
\x7f\xe9\xa6\x3f\x95\x78\x66\xa7\xfb\x5f\x7c\x21\xb2\x42\xed\xe3\
\x6b\x09\x8a\xf5\x48\x77\x3b\x63\x19\xe8\x05\x72\x1a\xaf\xed\xe7\
\xf0\x8a\xdb\x76\xcd\x5e\xf2\xe5\x80\xc0\x11\x59\xb1\x07\x9f\x5a\
\xaf\x74\x9b\x55\x6b\x4b\x9f\x43\x5e\x5f\xdd\xdd\xe4\xdc\x5d\x4f\
\x3f\x3f\xc7\x21\x6f\xeb\x59\x92\x8e\xbd\x07\xb5\x7c\xcf\x79\xff\
\x00\x05\x0f\xf8\x6d\x13\x11\x15\xa6\xaf\x38\x0c\x46\xe1\x08\x19\
\xf7\xe4\xd6\x5c\xdf\xf0\x51\x4f\x01\x1d\xc5\x74\x5d\x65\xb1\xd3\
\x21\x39\xa7\xcd\x14\x1e\xca\xa3\xdd\x1f\x51\x4b\xfc\x55\x4a\x6f\
\x98\x0c\x77\xe7\x3e\xd5\xf2\x16\xab\xff\x00\x05\x1e\xd1\xd4\x30\
\xb0\xf0\x8d\xdc\xac\x41\xc3\x4f\x70\xaa\x01\xfc\x2b\xca\xbc\x5f\
\xfb\x7d\x78\xef\x5d\x47\x8b\x49\xb4\xb0\xd0\xd0\xf1\xbe\x34\x32\
\xc9\xf5\x05\xba\x52\xf6\x89\x14\xb0\xf3\x7b\x9f\x7b\x78\x97\xc4\
\xfa\x4f\x84\xf4\xd7\xbe\xd6\x35\x0b\x7d\x3a\xd1\x06\xe6\x96\xe6\
\x40\x83\xf5\xe4\xd7\xc6\x1f\xb4\x07\xed\xae\xda\xbc\x17\x3a\x17\
\x80\x8c\x96\xf6\xf2\x03\x1c\xda\xc3\x8d\xae\xc3\x3d\x22\x1d\xb3\
\xea\x6b\xe5\xbf\x15\xf8\xfb\xc4\x1e\x39\xbc\x37\x5a\xee\xad\x75\
\xaa\x4c\x79\xcc\xf2\x12\x07\x3d\x87\x41\x5c\xfb\x1c\x9c\xd6\x52\
\xa9\x7d\x8e\xba\x58\x65\x07\x77\xa9\xe8\xbf\x0a\x3e\x2a\x5c\x78\
\x13\x5f\x12\xdd\x97\xbc\xd2\xee\x5c\x7d\xaa\x16\x62\x49\xe7\xef\
\x8f\xf6\xba\xfe\x75\xf5\x8e\x9f\x1e\x99\xac\x58\xc3\x7d\x66\x56\
\x7b\x6b\x85\xf3\x23\x91\x5b\xaa\x9e\x73\xf5\xeb\x91\x5f\x05\x2b\
\x60\xd7\xb8\xfc\x00\xf8\x8d\xa8\xdb\xbb\xf8\x4a\x39\x60\x8c\xdf\
\x36\x2c\xae\x6e\x89\xdb\x6f\x21\xeb\xff\x00\x7d\x76\x1e\xb5\xe2\
\xe3\x30\x6a\xb7\xbf\x1d\x19\xe0\xe7\x59\x67\xd6\x21\xed\xe9\x69\
\x25\xbf\xa1\xe8\x1e\x3c\xf1\x5e\x99\xe1\x48\x64\x82\x18\xd6\x7d\
\x49\xc7\xcb\x1e\x72\x13\xdd\xbf\xc3\xbd\x78\x0d\xe8\x93\x55\xbb\
\x79\x65\xdf\x34\xf2\x67\xbe\x4f\xd3\x15\xef\xb6\x9f\x01\x65\xba\
\xbf\x96\x7d\x62\xfd\x5c\x33\x6e\x63\x0e\x59\xa4\x3e\xe4\xf4\xad\
\xdd\x37\xc1\x3a\x17\x87\xad\x5f\xec\xd6\x51\x21\x55\xdc\xd2\xc8\
\x72\xd8\xc7\x72\x69\x53\x95\x1c\x2c\x79\x69\xfb\xd2\x3c\xac\x2e\
\x61\x85\xc0\xc7\x92\x9d\xe7\x22\x3f\xd9\x63\xe2\x15\xd7\x85\xed\
\x7f\xe1\x1c\xf1\x18\x36\xda\x0c\x8c\x5a\xd2\xee\x63\xff\x00\x1e\
\xce\x4f\xdd\x23\xfb\x84\xfe\x44\x9f\x5a\xfb\x0e\x7d\x3f\x49\xd3\
\xb4\xef\xb4\x99\x16\xe4\xbc\x7b\x91\x95\xb2\x1f\x20\x60\x8c\x57\
\xe7\xb7\x8b\xbc\x75\x63\x6a\xb3\x5a\xe9\x91\x24\xf2\x90\x55\xa7\
\x3f\x75\x73\xe9\xeb\x4d\xf8\x67\xfb\x44\x78\x8b\xe1\xde\x6d\xa7\
\x76\xd6\x34\x76\xfb\xd6\x97\x2e\x77\x20\x3f\xdc\x6f\xe1\xfa\x74\
\xaf\x42\x8b\xad\x55\x5e\xa6\x88\xf6\x63\x0a\xd8\x9b\xd5\x96\x87\
\xdb\xfa\x96\xab\x2d\xd8\x60\x31\x1c\x5d\x02\x2f\xa5\x65\xc9\xc2\
\x1f\x61\x5c\x8f\x81\x7e\x37\x78\x47\xe2\x15\xaa\x2d\x9d\xdf\xd8\
\xaf\x88\xc1\xb3\xbb\xf9\x1c\x1f\x63\xd0\xd7\x7b\xfd\x93\x3c\xb6\
\xe5\xc4\x60\x27\x07\x79\x3c\x11\xeb\x5e\x82\x71\x8e\x97\x2e\xea\
\x3a\x3d\x0c\x59\x8e\xd4\x3c\xd5\x49\x4e\x17\xe8\x6b\x5e\xf2\xca\
\x28\x21\x73\x2c\xea\x5b\x23\xe4\x4e\x4f\x5a\xcb\xb8\x64\xf2\xc8\
\x45\x23\x9e\x0b\x53\x4e\xfb\x14\x9d\xf6\x2a\x49\x8d\xb9\xf4\x35\
\x5a\x7c\x80\x3e\xb5\x3c\xe4\xaa\x71\xdc\x8a\xa9\x2b\x6e\x51\xf5\
\xa6\xb7\x2c\xfd\x21\xfd\x9e\x7c\x41\x1f\x89\xbe\x0c\xf8\x5e\xf1\
\x1c\xbb\xc7\x6b\xf6\x69\xb7\x36\x4a\xc9\x19\x2a\xc3\xe9\x95\x07\
\xe8\x45\x7a\x0c\xab\x9d\xa7\xda\xbe\x5e\xfd\x84\xfc\x4e\x6e\x74\
\x2f\x12\xf8\x76\x47\xc9\xb5\xb8\x8e\xf6\x15\x27\xf8\x64\x05\x1b\
\xf5\x45\xfc\xeb\xea\x19\x7e\x5c\x57\x34\xd5\x99\xe9\xc1\xde\x28\
\x86\x51\x81\xeb\x55\x2f\x6d\x92\xe0\x61\xc6\x32\x38\x23\xa8\xab\
\x6e\x77\x0c\x54\x32\x9e\x41\xf6\xa1\x04\x8e\x6a\xfa\xd5\xed\x5b\
\x6b\xf3\xe8\xc3\xbd\x67\x4b\xfe\x45\x75\x97\x30\xac\xea\x51\xc0\
\x2a\x6b\x9a\xd4\x2d\x1a\xce\x52\xa7\x95\xec\x6a\xd1\xcf\x25\x6d\
\x4c\xc9\xd4\x38\x2a\xc0\x10\x45\x73\x3a\xc7\x86\x52\x70\xcf\x6c\
\x44\x6e\x79\x31\x9e\x87\xe9\x5d\x3c\x87\x26\xab\x4a\x71\xd6\xad\
\x18\x35\x73\xcc\xef\x6d\xa4\xb6\xca\x48\x85\x1c\x75\x06\xa8\x49\
\xd3\xf1\xaf\x48\xd4\x6c\x21\xbe\x88\xa4\xc8\x18\x76\x3d\xc7\xd2\
\xb8\xad\x63\x43\x9a\xc0\x96\x4f\xde\x43\xd7\x70\xea\x3e\xb5\x46\
\x6d\x18\xb3\x8f\x90\x83\x82\x0f\xad\x60\xea\x1a\x66\x32\xd0\x7c\
\xa7\xa9\x4f\xf0\xad\xe9\x70\x54\xe7\xde\xa9\x4a\x7e\x6c\xd5\x5c\
\xc8\xe6\x58\x15\x24\x1e\xdd\xab\x83\xf8\xa9\xf0\xba\xdb\xe2\x26\
\x9b\x1b\x23\xad\xbe\xab\x6c\xb8\x82\x66\x1c\x30\x3f\xc0\xde\xdf\
\xc8\xd7\xa8\xdf\x5b\x24\xa3\x76\x36\xb0\xe9\xef\x59\x4e\x85\x18\
\x86\x18\xa2\xd7\x1d\xdc\x75\x3e\x45\xb5\xbb\xf1\xaf\xc1\xdd\x41\
\xe3\x55\x9e\xce\x32\x49\x2a\xcb\xe6\x41\x27\xb8\xed\x5e\x89\xe1\
\x3f\xdb\x6f\xc7\xde\x10\xb5\x6b\x6b\x68\xb4\xd9\xed\xdb\x04\x45\
\x71\x13\x10\x87\xb9\x1c\xf1\x9a\xf7\x1b\x9b\x78\x6e\xa3\x31\xcd\
\x12\x4d\x19\xe0\xa4\xaa\x18\x7d\x2b\x21\xbc\x13\xe1\xf6\xeb\xa2\
\xd8\x9c\xf5\x3e\x48\xa4\xe2\x6a\xaa\x75\x67\x9a\xea\x3f\xb7\xa7\
\xc5\x1d\x48\xe2\xdc\xe9\xb6\x4c\x70\x33\x6f\x69\xbb\x1f\x9d\x63\
\x49\xf1\x73\xe3\x7f\xc4\xc9\x0c\x30\xdf\x6b\xd7\x6b\x29\xc7\x95\
\x63\x6e\x63\x43\x9e\xdc\x0f\xeb\x5e\x8f\xa3\x78\x8e\xc7\xe0\x37\
\xc4\x68\x35\x49\xb4\x8b\x2b\xaf\x0a\x6b\x4e\xb1\xce\xb2\xdb\xab\
\x7d\x8e\x71\xc6\x54\x91\xc2\xb0\xe7\xeb\x5f\x6f\xf8\x57\x5a\xd2\
\xb5\xed\x1a\x1b\xed\x18\xc3\xf6\x49\x06\x40\x85\x42\xe0\xf1\xc1\
\x03\xd3\x35\x9b\xd0\xe8\x52\x52\x3f\x3e\xbc\x37\xfb\x25\x7c\x55\
\xf1\xc4\xeb\x73\xaa\x5a\xbd\x82\xc8\x72\xd7\x1a\xbd\xc6\x5c\xfe\
\x19\x27\x35\xef\x3e\x05\xfd\x84\xf4\x3d\x2c\xc5\x3f\x89\x75\x99\
\xf5\x59\x41\x04\xdb\x5a\xaf\x95\x17\xd3\x3d\x48\x35\xf5\x27\x53\
\x9e\xfe\xb4\x94\xae\xca\xb1\xce\xf8\x47\xe1\xd7\x86\xbc\x0b\x6c\
\xb0\x68\x7a\x35\xae\x9e\x00\xc1\x78\xe3\xcb\x9f\xab\x1e\x49\xae\
\x8b\xd7\x9e\xb4\x51\x48\x06\x4b\x18\x91\x70\x6b\x2a\xee\xd4\xf2\
\x71\x5b\x14\xc9\x61\xf3\x57\x81\xcd\x34\xc4\xd1\xcb\x4f\x07\x5a\
\xe4\xbc\x5f\xaa\xd9\xf8\x52\x35\xd5\x2e\x66\x54\xe9\x1b\xc5\xfc\
\x52\x8f\x61\xdc\x83\x53\x7c\x51\xf8\xab\xa4\x7c\x3f\x8a\x48\x0b\
\xad\xee\xac\xe3\xe4\xb3\x46\xe9\x9e\xee\x7f\x84\x7e\xb5\xe2\x3a\
\x0e\x89\xe2\x2f\x8c\xba\xeb\xdf\x5e\xc8\xe9\x66\xa4\xef\xb8\x23\
\x11\xc4\xbf\xdd\x41\xdc\xd6\x86\x12\x36\xed\x27\xd5\x7e\x2b\xeb\
\x60\x10\xd6\xda\x5c\x27\x2c\x17\xee\xa0\xfe\xac\x7f\x4a\xf5\xad\
\x3f\x4d\x83\x4d\xb4\x8a\xda\xde\x31\x1c\x51\x8d\xa0\x0e\xff\x00\
\xfd\x7a\x76\x87\xa1\x5b\xf8\x66\xdd\x74\xcb\x58\xf6\x5b\x00\x5e\
\x26\x3d\x5c\xf7\x04\xf7\x3d\xff\x00\xfd\x55\xa5\xe5\x1a\x42\x45\
\x40\xb8\xa9\x11\x71\xce\x39\xa9\xc4\x59\xec\x69\xcb\x16\x7b\x51\
\x71\x8e\x89\x71\x56\x14\x73\x51\x2a\xe2\x96\x6b\x88\xed\x62\x69\
\x66\x71\x14\x6b\xc9\x66\x38\xc0\xa2\xe0\x5b\x42\x00\xc9\xe8\x01\
\x39\x35\x35\xbb\xac\xaa\x19\x0e\xe5\x3d\x08\xef\x5c\xe5\x9d\xdc\
\xde\x24\x90\x98\xc3\x43\xa6\xa3\x63\x77\x46\x98\x8e\xc3\xfd\x9a\
\xe8\xe0\x8c\x46\xa1\x54\x6d\x5f\x6a\x4c\xa4\x5a\x41\xd6\xa7\x8b\
\xa6\x2a\x14\xef\x53\x27\x5a\x45\xa2\x74\x35\x3a\x9e\x2a\xba\x54\
\xe9\xf7\x6a\x6c\x58\xb4\x51\x45\x20\x0a\x28\xa2\x80\x0a\x28\xa2\
\x80\x0a\x28\xa2\x80\x0a\x28\xa2\x80\x0a\x28\xa2\x80\x0a\x28\xa2\
\x80\x0a\x28\xa2\x80\x0a\x28\xa2\x80\x0a\x28\xa2\x80\x0a\x0f\x4a\
\x29\x40\x06\x98\x15\x65\x19\xcf\x15\x4a\x55\x24\x1e\xf5\xa1\x28\
\xe4\x9a\xad\x22\x71\x54\x4b\x46\x6c\x88\x71\x50\x9b\x7d\xe7\x8a\
\xd1\x30\x6f\xe2\xac\x41\x62\x00\xc9\x14\xee\x4d\x8a\x76\xba\x7e\
\x48\x38\xe3\xde\xb5\xa1\x84\x43\xd3\x9a\x7a\xa0\x41\x81\x4b\x52\
\xd9\x69\x58\x28\xa2\x8a\x91\x85\x14\x51\x40\x05\x14\x51\x40\x05\
\x14\x0e\x6a\x96\xb3\xad\x5a\x78\x7f\x4f\x96\xf2\xfa\x65\x86\x18\
\xc7\x24\xf7\x3e\x83\xd4\xd3\xb0\x5f\xb9\x26\xa7\xa9\x5a\xe8\xf6\
\x52\xdd\xdd\xca\xb0\x5b\xc4\x32\xcc\xe7\xf4\x1e\xb9\xaf\x9e\xbe\
\x20\x7c\x42\xb9\xf1\x95\xdf\x97\x11\x30\x69\x91\x37\xee\xe0\xcf\
\x2f\xfe\xd3\x7b\xfa\x7a\x54\x1e\x3b\xf1\xf5\xdf\x8c\xef\x8e\x77\
\x41\xa7\xc6\x4f\x93\x6c\x0f\xfe\x3c\xde\xe6\xb9\x5e\xf5\xaa\x5d\
\x59\xcd\x39\xdf\x44\x1b\xa9\x28\xcf\x19\xab\x96\x36\x0d\x74\xd9\
\x6f\x96\x3e\xe7\xb9\xaa\x31\x19\x67\x65\x25\xec\x81\x63\x5e\xfc\
\xb1\xe8\x2b\xa8\xd3\xb4\xd8\xac\x63\xf9\x46\xe9\x0f\xde\x73\xd6\
\x96\xd2\x18\xed\xe3\x55\x45\xda\x3b\xd5\x94\x3c\x7e\x14\x01\x76\
\x3e\x45\x5c\x8b\x95\xfa\x55\x28\x4f\xc8\x0d\x5b\x8b\x95\x00\x1e\
\xd5\x23\x65\x91\xd2\xad\x40\x4b\x28\x1d\xaa\xa8\xe4\x56\xc7\x87\
\xf4\xe6\xd4\x6e\x82\x9c\xf9\x4b\xcb\x9a\x0d\x6c\x6f\x78\x5f\x49\
\x0c\x16\xee\x71\xf2\x8f\xf5\x6a\x7f\x9d\x75\xb1\x93\x81\xcd\x54\
\x89\x55\x23\x55\x50\x02\x81\xc0\x1d\xaa\xd4\x67\x91\x50\xf5\x3a\
\x22\xac\x8b\x51\x1a\xb7\x19\xcd\x52\x8b\xa9\xab\x90\x9e\x3f\x1a\
\x86\x6a\x8b\x43\xa5\x14\x80\x8e\xd4\xb5\x25\x05\x78\xbf\xed\x97\
\xe3\x4f\xf8\x40\x3f\x65\xdf\x89\x1a\xba\xc8\xd1\x4e\x74\xa9\x2c\
\xa0\x75\xe3\x12\xce\x44\x2b\xff\x00\xa3\x0d\x7b\x45\x7c\x67\xff\
\x00\x05\x5a\xf1\x27\xf6\x57\xec\xcf\x67\xa5\xac\x98\x7d\x63\x5f\
\xb5\x85\xa3\xfe\xf4\x71\xa4\x92\xb7\xea\xb1\xfe\x74\x01\xf9\x19\
\x1d\xbc\x4a\x00\x0a\x36\x8c\x01\xf8\x56\xea\x5b\x44\x0a\xfe\xed\
\x7f\x2a\x8e\x38\x62\x28\xb9\x45\xe8\x3b\x57\x48\x96\xd0\xee\x4f\
\xdd\xaf\x04\x76\xf7\x15\xe8\x61\xe8\xfb\x49\x68\x71\xe2\x2b\xf2\
\x21\x89\x65\x06\xf5\xfd\xd0\xea\x2b\x46\x3b\x38\x7c\xd5\xfd\xd2\
\xf5\x15\xa4\x96\xd0\x97\x5f\xdd\xaf\xde\xad\x58\xad\x61\xf3\x10\
\x08\xd3\xa8\xed\x5f\x75\x85\xcb\x5b\x5a\x9f\x23\x89\xc7\xeb\xb9\
\x1e\x8b\x1d\x94\x53\xc6\x8d\x1a\xab\x6f\xc9\x24\x57\x69\x61\x65\
\x6a\xf7\x31\x32\xc6\x85\x72\x30\x41\xf6\x35\x81\x15\xa4\x2b\x22\
\x7e\xed\x47\x3c\xf1\x5a\x96\x2d\xf6\x59\xd1\xa2\xc2\x15\x3c\x0e\
\xd5\xee\x2c\x9b\xda\xdd\xc5\xa4\xcf\x94\xc4\xe2\x1c\xdd\xee\x75\
\xb6\x1a\x7d\xb1\xbb\x4f\xdd\x2f\x7a\xe8\x6c\xb4\xfb\x73\x72\x83\
\xca\x5a\xc2\xd1\x7c\x4d\x0c\x57\x11\xfd\xae\xd5\x1c\x02\x72\xd1\
\x8e\x7f\x2a\xef\x34\x1b\xed\x2f\x50\xb8\x8c\xc2\x63\x27\xfb\x8d\
\xc1\xfc\xab\xcb\xc4\x65\x15\xe8\xeb\x28\x9f\x31\x88\xaf\x24\x26\
\x9b\xa7\xdb\x9b\xa1\xfb\xa5\xfb\xa6\xb7\x6d\x34\xab\x39\x9c\x89\
\x60\x8d\xd0\xa9\xc8\x71\x91\x8f\x53\x5a\x3a\x75\x9d\xbf\xda\x54\
\xf9\x2a\x38\x27\xa5\x72\x3f\x1f\xfc\x5b\x0f\xc3\xef\x84\x7e\x21\
\xd4\x62\x0b\x1d\xec\xf6\xff\x00\x62\xb6\x23\x82\x24\x97\xe5\xc8\
\xfa\x0d\xc7\xf0\xaf\x9d\xaf\x49\xd0\xbc\xf6\xb1\xe7\xe1\xb9\xf1\
\xb8\xa8\x61\xa1\xbc\x9a\x47\xc2\x7f\x1e\xfc\x6f\x6f\xe3\x4f\x88\
\x7a\x8b\xe9\xe3\xcb\xd1\xec\xdc\xdb\x59\x44\x84\xec\x08\xa7\x96\
\x1f\xef\x1c\x9f\xca\xbc\xd2\xa4\x77\x2c\x73\x51\xd7\xc7\xce\x4e\
\x72\x72\x7b\x9f\xd4\x38\x7a\x31\xc3\xd2\x8d\x18\x6d\x15\x60\xa2\
\x8a\x2a\x0e\x81\x77\x13\x4e\xdf\xc7\x26\x99\x45\x00\x3b\x76\x3b\
\xd1\xbb\xde\x9b\x45\x0b\x40\x14\xb6\x4e\x68\xfe\x94\x94\x50\x01\
\xce\x28\xa2\x8a\x00\x28\xa2\x8a\x00\x2a\xd5\x95\xdc\xb6\x53\xc5\
\x3c\x2e\x63\x92\x37\x0c\xae\xa7\x04\x10\x73\x9a\xab\x4b\x46\xe0\
\xd2\x6a\xc7\xe8\x37\xc2\x8f\x13\xda\x7c\x43\xf0\x1e\x9b\xab\x6c\
\x43\x74\xc9\xe5\x5d\x28\xed\x32\x8c\x36\x7e\xbc\x37\xe3\x55\xfc\
\x4b\xe1\x1b\x2f\x11\xe9\x72\xda\x4c\x5e\x05\x20\x9d\xd0\xb6\x39\
\xc7\x7f\x51\x5e\x43\xfb\x13\xf8\xb1\x20\xd7\x75\xaf\x0d\x5c\xb2\
\xb4\x57\x50\x7d\xb2\x0d\xe7\x80\xf1\xf0\xc3\xf1\x56\xff\x00\xc7\
\x6b\xde\x7c\x43\xe3\x1f\x0f\xe8\x49\x22\xcf\x34\x72\x4c\x01\xc4\
\x50\x7c\xcd\x9c\x71\x5e\x62\xc3\xd4\xf6\xb7\xa4\x8f\xc4\x33\x3a\
\x15\x72\xfc\xca\x74\xe9\x2d\x34\x6b\xd1\x9e\x1d\x0f\xc1\x5d\x3e\
\x24\x91\xae\x6e\x9a\x40\x01\x21\x51\x71\x55\x66\xf0\x6f\x87\x34\
\x4b\x19\x64\x92\xde\x15\x21\x0e\x1e\x76\xcf\x38\xad\x7d\x7b\xe2\
\x65\xd5\xe4\x4f\x1e\x9b\x60\xb6\xb1\x95\x3f\xbc\x65\x2c\xe4\x63\
\xf4\xaf\x35\xd4\xa2\xbc\xbc\x8e\x49\xee\x92\x59\x31\xd5\xa4\x07\
\x03\xe9\xe9\x5e\xb3\xc1\x62\x1d\xbd\xac\xac\x7d\x56\x0d\xe2\xab\
\x34\xeb\x54\xb7\x95\xc4\xd5\x7c\x4b\xa5\x5a\x5b\xc9\x15\x95\xa8\
\x91\xb6\x90\x19\x06\xd5\x15\x4f\x4c\xf8\xdb\xe3\x3f\x0f\xc6\x56\
\xc3\x5c\xb9\x86\x0e\x31\x6e\xcd\xbd\x31\xdb\x83\xda\xb3\x66\x82\
\x2f\x25\xff\x00\x76\xbd\x3d\x2b\x32\x68\x22\x30\xbf\xc8\x3a\x55\
\x3a\x2a\x07\xd8\x51\xa5\x4e\x2b\xbf\xa9\xea\x16\x3f\xb5\xc7\x89\
\xec\xe2\xc5\xfd\x85\x8d\xf8\x04\x12\xe1\x4a\x39\xfc\x45\x75\x3a\
\x3f\xed\x87\xa3\xdd\x85\x4d\x4b\x46\xb9\xb4\x6e\xef\x0b\x09\x14\
\x7e\x1d\x6b\xe7\x4b\x98\x23\xf2\x5b\xe4\x5a\xcb\xbb\x86\x34\x85\
\x88\x40\x3a\x74\xa3\x9a\x51\x3a\xfd\x95\x39\x74\x3e\xd9\xd2\x3e\
\x3e\x78\x23\xc4\x08\x82\x1d\x66\x3b\x69\x58\xff\x00\xab\xba\x06\
\x32\x3f\x13\x5d\x65\xbe\xa7\x67\xa9\x42\x92\x5a\x5d\xc3\x74\x8c\
\x33\xba\x19\x03\x0f\xd2\xbf\x3a\x9b\x00\x71\xc5\x5b\xd3\xb5\xab\
\xfd\x26\x41\x25\x9d\xe4\xf6\xac\x0e\x73\x14\x85\x69\xaa\xaf\xa9\
\x2f\x0d\x1e\x87\xec\x07\xec\x6f\xe2\x03\xa2\xfc\x6b\xb5\xb3\x76\
\xd9\x1e\xa9\x67\x35\xa9\x04\xf0\x58\x28\x95\x7f\x54\x20\x7d\x6b\
\xef\x69\xba\x0a\xfc\x09\xfd\x97\xbf\x69\x2f\x15\xf8\x4b\xe3\x8f\
\xc3\xf7\xbb\xd4\x0d\xfd\x8a\xeb\x96\xb1\xca\x93\x80\x58\xc6\xf2\
\x04\x6f\x9b\xe8\xc6\xbf\x7a\xa5\xd4\x42\x39\x8e\x45\xe5\x18\xa9\
\x61\xd3\x83\x8f\xe9\x51\x27\xcc\xee\x38\xc1\xd3\x56\x64\xae\x71\
\x50\xcb\xd4\x7d\x29\x45\xdc\x52\xe3\x6b\x8f\xe5\x4c\x94\xf2\x39\
\xeb\xdc\x53\x48\x1b\x44\x6f\xd6\xa9\xdf\xdb\xad\xd2\x14\x6c\x64\
\x8e\x3d\xaa\xdb\x75\x19\xa8\x65\xfb\xf9\xaa\xbd\x88\x67\x1d\x73\
\x1b\x41\x2b\x23\x0c\x15\xaa\x92\x77\xfa\x56\xf7\x88\x21\x01\x92\
\x61\xd4\xfc\xa7\xde\xb9\xf9\x0d\x51\xcb\x25\x62\xb4\xbf\xd2\xa8\
\x4c\x03\x70\x46\x41\xea\x0d\x5f\x9b\xfa\x55\x19\x7e\xf5\x52\x20\
\xe6\x75\x8f\x0f\x09\x43\x49\x6d\x85\x73\xc9\x8f\xb1\xfa\x57\x1f\
\x72\x8d\x13\xb2\xb8\x2a\xc0\xe0\x82\x2b\xd2\xde\xb1\xb5\x6d\x22\
\x2d\x49\x18\x9f\x92\x51\xd1\xff\x00\xc6\x9a\xd4\x86\x92\x38\x09\
\x8e\xe5\x1e\xf5\x4e\x74\x56\xcd\x69\x6a\x36\x72\x59\x4c\x63\x91\
\x48\xeb\x83\xd8\x8a\xce\x93\xa1\xe2\xa8\x86\x51\x74\x28\x7d\xa9\
\xb5\x3c\xbc\x93\xcd\x57\xde\x33\x8c\xe3\xda\x82\x4c\xdf\x14\xf8\
\x6e\xd7\xc5\x9a\x15\xde\x95\x7a\xb9\x82\xe5\x76\xee\x1d\x51\x87\
\xdd\x61\xee\x0f\x35\xe7\x1f\x06\xbe\x38\x6b\xbf\xb3\xf7\x8a\x9b\
\xc3\x7e\x21\x77\x93\x4c\x59\x36\xa4\x8e\x49\x53\x1f\x20\x1f\x75\
\xc6\x39\xed\x5e\xb6\x0f\x3d\x2b\x96\xf8\x83\xf0\xef\x4e\xf1\xfe\
\x98\x21\xb9\x02\x0b\xb8\xc1\x36\xf7\x4a\x39\x42\x47\x4f\x75\xf6\
\xa4\xd5\xcd\x21\x2e\x53\xed\x1f\x0a\xf8\xaf\x4d\xf1\x9e\x89\x6f\
\xaa\x69\x77\x09\x71\x6d\x32\x82\x36\x30\x3b\x4f\xa1\xad\x8c\x71\
\x9a\xfc\xc7\xf0\x47\xc4\x1f\x88\x3f\xb3\x26\xba\x44\x4a\x6e\x74\
\x99\x4e\x1a\xde\x6c\xbd\xb4\xcb\x9c\xe4\x1f\xe1\x35\xf4\x57\x87\
\xbf\xe0\xa0\x5e\x1d\xbb\xb5\x8c\xea\xde\x1e\xbf\xb5\x9f\x8d\xff\
\x00\x65\x75\x91\x73\xed\x59\xb4\xce\xb4\xd3\x3e\xad\xa2\xbe\x5e\
\xbf\xfd\xbd\x7c\x30\x81\xbe\xc3\xe1\xfd\x46\xe0\x8e\x57\xce\x65\
\x8f\x35\xc3\xeb\xdf\xb6\x87\x8c\x7c\x50\xe6\xd3\xc3\xba\x54\x1a\
\x6b\x39\xda\xa6\x25\x33\xcd\xcf\xa7\x60\x69\x28\xb6\x0e\x49\x1f\
\x63\xf8\x83\xc4\xfa\x57\x85\x6c\x1e\xf3\x57\xbf\x82\xc2\xd9\x7f\
\x8e\x67\x03\x3f\x41\xd4\x9f\x61\x5f\x36\xfc\x4a\xfd\xab\x26\xd5\
\x1d\xf4\xbf\x06\xc5\x24\x69\x21\xf2\xff\x00\xb4\x24\x5f\xde\x3f\
\x6f\xdd\xaf\x6f\xc7\x9a\xe0\x7c\x3f\xf0\x3f\xe2\x6f\xc6\x0d\x42\
\x3d\x47\xc4\x33\x5c\x5a\x5b\x3e\x18\xdc\xea\x8c\x77\x01\xfe\xc4\
\x75\xf4\xb7\xc3\x3f\x80\x1e\x19\xf8\x6e\x89\x71\x1c\x3f\xda\x5a\
\xa8\x1c\xde\x5d\x28\x24\x1f\xf6\x57\xa0\xa7\xa2\xdc\x86\xdc\xb6\
\x3c\x93\xe1\x77\xec\xef\xaa\xf8\xa6\x75\xd6\xbc\x5d\x24\xd0\x41\
\x21\xf3\x7e\xcf\x21\x3e\x7c\xfc\xe7\x2c\x7f\x84\x7e\xb5\xf4\x4d\
\xae\x8b\x6b\xa4\x59\x47\x67\x67\x6e\x96\xd6\xd1\x2e\xd4\x8a\x35\
\xc2\xa8\xfa\x56\xf1\x19\x1c\xd4\x53\x43\xb9\x49\xa1\x30\xe5\x4b\
\x53\x9c\xbc\xb3\x13\x47\x8e\x8c\x0e\xe5\x3e\x84\x53\x0c\x24\x75\
\xad\x79\xad\xfd\xaa\xac\x90\xe3\xde\x99\x2d\x14\x0c\x44\x74\xa0\
\x46\x41\xe9\x56\x4a\x63\xaf\x03\xd6\xbc\xff\x00\xc6\xbf\x14\xed\
\x34\x46\x7b\x3d\x35\x96\xee\xfb\x90\xd2\x67\x29\x19\xf7\xf5\x34\
\x58\x4f\x4d\xce\x8f\x5e\xf1\x1d\x8f\x87\x20\xdf\x72\xf9\x95\xbf\
\xd5\xc2\xa7\xe7\x63\xdb\x8a\xe5\xf4\x98\xb5\x0f\x1e\xde\x8b\x9b\
\xb2\xd0\xe9\x71\x9e\x23\x5e\x8c\x7d\x07\xaf\xb9\xac\x3f\x07\x78\
\x46\xff\x00\xc6\x77\xa7\x55\xd5\x5e\x4f\xb3\x13\xb8\xbb\xfd\xe9\
\xbd\x87\xa0\xaf\x5f\xb6\xb5\x8e\xd2\x14\x86\x18\xc4\x71\x20\xc2\
\xa2\x8e\x94\xf4\x12\xd4\x58\x20\x48\x23\x48\xa2\x50\xb1\xa2\x80\
\x14\x0e\x00\xf4\xab\x51\xaf\x1d\x29\xa8\x99\xa9\x91\x4d\x22\xc9\
\x10\x60\x0a\x99\x14\x8e\x9c\xd4\x4a\x33\x8e\x69\xf7\x17\x11\x58\
\xc0\xf3\x4c\xe2\x38\xd0\x65\x98\xf6\x15\x23\x43\x75\x0b\xd1\x61\
\x6b\xbf\xac\xae\xc2\x38\xd7\xfb\xce\x7a\x0f\xf1\xf6\x15\xa1\x1a\
\x94\x50\x09\xdc\xc3\x00\x9f\xc2\xb9\x1d\x0a\xe2\x4f\x15\x6b\x07\
\x52\x65\x65\xd3\xad\x4e\xcb\x64\x6f\xe3\x73\xd5\x8f\xe1\xc5\x75\
\xe0\x71\x43\xd0\xb4\xee\x14\x51\x45\x48\xc2\x8a\x28\xa0\x02\x8a\
\x28\xa0\x02\x8a\x28\xa0\x02\x8a\x28\xa0\x02\x8a\x28\xa0\x02\x8a\
\x28\xa0\x02\x8a\x28\xa0\x02\x8a\x28\xa0\x02\x8a\x28\xa0\x02\x8a\
\x28\xa0\x06\xb2\x66\x98\xd0\xf3\xeb\x52\xd1\x4e\xe0\x46\x90\x85\
\x39\xa9\x31\x45\x14\x5c\x36\x0a\x28\xa2\x80\x0a\x28\xa2\x90\x05\
\x14\x51\x40\x05\x14\x1e\x99\xae\x53\xc6\xdf\x11\x34\xff\x00\x07\
\x40\x50\xb0\xb9\xbf\x60\x76\x5b\x29\xe4\x7b\xb7\xa0\xa7\x66\x26\
\xed\xb9\xad\xe2\x4f\x13\x58\xf8\x57\x4f\x7b\xbb\xe9\x42\x2f\x44\
\x41\xf7\x9c\xfa\x01\x5f\x3b\xf8\xcf\xc6\xb7\xde\x31\xbe\x32\xdc\
\x93\x15\xb2\x12\x21\xb6\x53\xf2\xc6\x3f\xa9\xf5\x35\x43\xc4\x5e\
\x25\xbf\xf1\x46\xa0\xd7\x77\xd3\x19\x24\x3f\x75\x7f\x85\x07\x60\
\x05\x66\x31\xdd\xfc\xeb\x45\xa1\xcb\x3a\x8e\x5b\x01\x39\xa3\x3c\
\xf0\x29\x0b\x2a\x81\x96\xc1\x27\x03\x3d\x73\x56\xe0\x87\x68\x2c\
\x46\x4f\x61\xe9\x56\x66\x3a\xce\xc7\x71\xdf\x27\x03\xb2\xd6\xcc\
\x38\x50\x30\x2a\x9c\x3f\x36\x7f\x0a\xb7\x17\x6a\x06\x8b\xf1\x0c\
\x8a\x99\x6a\xbc\x27\x9a\xb1\x19\xcd\x01\x62\xe4\x1c\xa6\x2a\xdc\
\x23\x22\xa8\xdb\x3e\x72\x0f\x7a\xb9\x01\xc9\xeb\xef\x52\x0c\xbb\
\x12\xb4\x84\x2a\x8c\xb1\x23\x8f\x52\x6b\xd0\x74\x3b\x05\xd3\x6c\
\xd6\x10\x3f\x78\x46\x5d\xbd\x4f\x7a\xe5\xfc\x2b\x60\x26\x9d\xee\
\x1c\x65\x23\xe1\x73\xdd\x8f\xf8\x57\x67\x19\xc6\x29\x33\x74\x5b\
\x88\xe4\x7d\x6a\xc4\x67\x9a\xab\x11\xc7\x15\x65\x1b\x06\xa4\xd5\
\x32\xdc\x75\x66\x32\x30\x2a\xa2\x36\x3a\x55\xa4\x38\xc5\x43\x36\
\x45\xb8\xc8\xc5\x3e\xa2\x88\xf1\x52\xd4\x94\x15\xf9\xeb\xff\x00\
\x05\x78\xd5\x40\xf0\xdf\xc3\x3d\x28\x37\xcc\xf7\xb7\xd7\x4c\xbe\
\xaa\x22\x8d\x01\xfc\xf3\xf9\xd7\xe8\x55\x7e\x6c\xff\x00\xc1\x5c\
\x25\xcf\x8a\x3e\x19\xc2\x48\x2b\xfd\x9f\x7d\x26\xdc\x77\xf3\xa3\
\x19\xfe\x94\x22\x24\xec\x8f\x85\xa3\x8d\x3c\xb4\xf9\x07\x41\xda\
\xba\xf8\xed\xe2\xdc\x0f\x96\x3b\x76\xf7\xac\xc8\xe2\x5f\x2d\x4e\
\xd5\xfb\xa3\xb5\x76\x31\xc6\x03\x2f\xc8\x3a\x8e\xde\xf5\xf7\xd9\
\x2e\x13\xda\x37\xf2\x3e\x27\x32\xc5\x72\xec\x3e\x3b\x68\xc3\xa7\
\xee\xd7\x86\xc6\x31\x5a\xf1\xdb\xc6\x24\x5f\xdd\xae\x41\xf4\xab\
\xb1\x42\xbe\x6a\xfe\xec\x7d\xe1\xda\xb6\x62\x85\x7c\xd4\xc2\x0e\
\xa3\xf8\x6b\xf5\xec\x2e\x01\x25\xa9\xf9\xf6\x23\x17\x7d\xca\x36\
\x73\x79\x73\xc7\xfb\x98\x9c\x67\xa3\xa0\x35\xd1\xd8\xdf\x58\x7d\
\xa1\x3c\xfd\x36\x22\xb9\xe7\x68\xa9\x6c\xad\x56\x4b\x98\xd4\xa2\
\x2e\x4f\x75\xae\xa6\xcf\xc3\x72\xcb\x34\x7b\x63\x88\x82\xdd\xb1\
\xe9\x5e\x94\xf0\x94\x20\xbf\x79\xa1\xf3\xf5\xf1\x6a\xc4\x1a\x72\
\x78\x72\xe2\xe5\x37\xda\x47\x17\x3d\x19\x31\x5d\x3e\x9d\xe1\xad\
\x06\xe6\xe1\x0c\x51\x44\x72\x78\x28\xf8\xaa\xd0\x78\x42\xe1\xe5\
\x55\x09\x10\x3e\xb5\xa3\x0f\x82\xaf\x44\x83\xcb\x68\x51\x87\x4c\
\x1a\xf2\x2b\xd2\xc3\xc5\x7b\xb5\xec\x78\xb3\xae\xe5\xf6\x8e\xb7\
\x43\xd2\xa0\xb4\x9d\x51\x43\x32\x05\x38\x12\x1c\xe3\xf1\xaf\x96\
\x3f\xe0\xa1\xfe\x21\x5b\x4d\x1b\xc2\x3a\x04\x58\x51\x3c\xb3\x5f\
\x4a\xa0\x75\x0a\x04\x69\xfa\x99\x2b\xe9\x6d\x37\xc3\xfa\xed\xa4\
\x8b\xe4\xdf\x22\xff\x00\xb2\xdf\x30\xe9\x5f\x13\xfe\xde\xb7\xf7\
\xf2\xfc\x50\xd1\xec\xaf\xe4\x49\x24\xb5\xd2\x63\xda\x63\x1c\x61\
\x9d\xdb\xf3\xaf\xcc\x78\x86\x11\xa5\x41\xb8\xd4\x52\xbb\x3e\xb3\
\x82\xa8\x7b\x6c\xea\x13\x6e\xea\x29\xbf\xc2\xc7\xcc\x4c\x33\xed\
\xc7\xf5\xa6\x53\xdf\xf9\x53\x2b\xf3\x33\xfa\x58\x28\xa2\x8a\x04\
\x14\x51\x45\x00\x14\x51\x45\x00\x14\x51\x45\x00\x14\x51\x45\x00\
\x14\x51\x45\x00\x14\x51\x45\x00\x7a\x2f\xc0\x4d\x6d\x34\x2f\x8b\
\xde\x16\xb9\x94\x03\x6c\xf7\xb1\xdb\xcc\x1b\xee\x98\xe4\xfd\xdb\
\x67\xf0\x6c\xd7\xe8\x3d\xd7\x87\x74\x6b\x2b\x79\x64\x6d\x36\xd1\
\x55\x14\xe5\xfc\x90\x4f\x19\xfc\xeb\xf3\x13\x40\xba\x6b\x2d\x62\
\xc6\xe1\x4f\x31\x4f\x1b\xe7\xe8\xc0\xff\x00\x4a\xfd\x6e\xde\x97\
\x96\x9e\x78\x8d\x40\x99\x3c\xc0\x02\xf4\xdc\x33\xfd\x6a\xe9\xf3\
\x37\xa3\xd0\xfc\x87\x8e\x5b\xa1\x56\x85\x58\xbb\x5e\xeb\xee\xff\
\x00\x87\x3e\x6f\xf1\x2f\x8e\xec\xf4\xe8\x66\x83\x4c\xd1\xd5\xdf\
\x04\x19\xa4\x83\x6a\x8e\x3a\xe3\x15\xe4\x5a\xde\xad\x75\xab\x89\
\x1a\xe9\xf7\x0c\x10\x10\x0c\x28\xfc\x2b\xec\x2b\xab\x48\x64\xb7\
\x90\x49\x04\x6c\x36\x9f\xbc\x80\xf6\xae\x23\x50\xd1\x2c\x26\xb5\
\x9b\x7d\x85\xbb\x7c\xa7\xa4\x40\x57\xbd\x4b\x13\x46\x11\xb4\x69\
\xeb\xdf\x73\xe7\xf0\x19\xb5\x3a\x2f\x48\xfe\x27\xc9\xb7\x10\xa0\
\x81\xfe\x45\xc6\x0e\x38\xac\x8b\x98\x93\xec\xee\x76\x0e\x07\xa5\
\x7d\x05\xe2\x9f\x06\xe8\xf2\xd8\x4d\x28\xf2\xac\x65\x54\x24\x15\
\xe0\x1f\x4c\x8a\xf2\x2d\x5e\xc6\x3b\x41\x2c\x6a\xf1\xcc\xa0\x70\
\xf1\x8e\x3a\xd5\xca\x9a\xac\xb9\xa2\xac\x7e\x8b\x80\xcc\xe3\x88\
\x8e\xd6\x38\x5b\x88\x90\x40\xdf\x22\xfe\x55\x97\x77\x1a\x79\x07\
\xe4\x1d\x47\x6a\xeb\xee\xe3\x02\xdd\xbe\x55\xed\xda\xb1\xae\xd1\
\x4c\x07\x81\xd4\x76\xaf\x22\xad\x36\x9d\x8f\xaa\xa7\x51\x36\x72\
\x77\x88\xab\x09\x3b\x40\xe4\x0e\x95\x9c\xe0\x05\xcf\x15\xd4\x5e\
\x22\x88\x3e\xe8\x3f\x30\xed\x59\x17\xb1\x8f\x24\x60\x01\xcf\xa5\
\x72\xb5\x63\xb2\x32\xb8\xcf\x0f\x6a\x8f\xa1\x6b\xba\x76\xa3\x1e\
\x44\x96\x97\x11\xdc\x2f\xd5\x5c\x37\xf4\xaf\xe9\x32\xde\xe4\xde\
\xd9\x5b\xdc\x93\x96\x9e\x24\x94\x9f\xf7\x94\x37\xf5\xaf\xe6\x99\
\xb3\x9e\x9d\x8f\x5f\xa5\x7f\x48\x3e\x06\xd4\x1f\x54\xf0\x2f\x86\
\xef\x24\x00\x49\x3e\x97\x69\x2b\x01\xd3\x26\x14\xcd\x38\xb3\x2a\
\xbb\x1a\xae\xdb\x49\xa6\x0b\xb9\x22\x27\x6b\x90\x3d\xe8\x91\xaa\
\xbc\x9c\x74\xe7\xbd\x59\xca\x59\x3a\xd4\xa3\xef\x2a\xb7\xbf\x4a\
\x8a\x4d\x78\x93\xfe\xa4\x67\xeb\x54\xa4\x38\xe9\x55\x65\x34\x5a\
\xe4\xb9\x31\x6f\xf5\x09\x2f\x18\x17\x1b\x55\x7a\x28\xac\xd9\x2a\
\xc3\x9a\xad\x23\x53\x31\x6e\xe5\x69\x8e\x49\xaa\x33\x1c\x55\xb9\
\xbb\xd5\x29\x4e\xea\xa4\x22\xbc\x95\x52\x43\x80\x4d\x59\x90\xe0\
\x1f\xa5\x55\x94\xe1\x69\xad\x04\xfb\x19\xb7\xf6\x50\xdf\x42\x63\
\x95\x72\x3b\x30\xea\x2b\x86\xd5\xb4\xd9\x74\xd9\x36\xbf\xcc\x87\
\xa3\xf6\x22\xbb\xf7\x20\x0e\x2a\x8d\xfd\xbc\x77\x30\x34\x52\x28\
\x65\x7e\xde\x94\xd3\x33\x68\xf3\x87\x23\x3f\x5e\x6b\x3a\xf5\xf6\
\x65\x94\xf2\x39\xcd\x6e\xeb\x3a\x5b\xe9\xb2\x9f\xe2\x84\xf2\xad\
\xfd\x0d\x73\x9a\x83\x7c\xa7\xde\x99\x24\xb6\x5a\x92\x4e\xde\x5b\
\x90\xb2\x83\xc0\xfe\xf5\x5e\xe4\x74\x35\xc5\x5e\xca\xca\xd9\x56\
\xc3\x0e\xfe\x95\xb3\xe1\xff\x00\x10\xad\xf9\x16\xd7\x0c\x16\xe0\
\x0f\x94\x93\xf7\xff\x00\xfa\xf4\x05\x8d\x5b\xe4\x82\x4b\x49\x85\
\xcc\x2b\x34\x0a\xa5\x9a\x37\x5d\xd9\x00\x67\xa7\xad\x61\x69\x9f\
\x0c\xfc\x0d\xa8\xea\x16\xf7\xb7\x9a\x2c\x77\x36\x12\xf2\xe2\xd6\
\x42\x99\x52\x7a\xae\x3b\xf5\xae\x93\xf5\x1e\x95\xe7\xba\xfe\xa3\
\x73\xf0\xc3\x54\x6d\x45\x23\x92\xeb\xc2\xd7\xb2\xe6\xe2\x24\x19\
\x36\x52\x9e\xae\xbf\xec\x9e\xa4\x7a\xd3\xb9\x51\x6f\xa1\xf4\xd7\
\x86\xbf\x65\xef\x85\x12\x5a\xdb\xdf\x59\xe8\x49\x7b\x04\xab\xb9\
\x1a\x79\x99\xc1\xfa\xff\x00\x9e\xb5\xe9\x5e\x1f\xf0\x1f\x86\xfc\
\x2c\x81\x74\x9d\x12\xc6\xc3\x03\xef\x45\x0a\x86\xc7\xd7\xad\x78\
\x77\xc2\x0f\x8a\x90\xe9\x2f\x0e\xdb\x91\x75\xa1\x5e\x10\x77\xa1\
\xc8\x8d\x88\xfb\xe3\xf9\x11\x5f\x46\x45\x2a\x4d\x12\xc9\x1b\x07\
\x8d\xc0\x65\x65\x39\x04\x1f\x4a\xc9\x9d\x71\xd5\x0f\x27\x3d\x79\
\xa4\xa2\x8a\x86\x56\xc1\x45\x15\x1d\xc5\xcc\x56\x90\xbc\xd3\xca\
\x90\xc4\x83\xe6\x79\x18\x2a\x81\xdf\x93\x42\x00\x92\x1d\xc2\xb1\
\x3c\x41\xab\xd8\x78\x72\xc2\x4b\xdd\x46\xea\x3b\x5b\x78\xc1\xcb\
\x39\xeb\xec\x07\x7a\xf3\x7f\x88\x3f\xb4\xd6\x85\xe1\xc1\x2d\xa6\
\x85\x8d\x6b\x50\x1f\x2e\xf4\x38\x81\x0f\xb9\xef\xf8\x57\x8e\xe9\
\x96\x1e\x35\xf8\xef\xae\x99\xe5\x69\x27\x84\x37\x33\xc8\x0a\x5b\
\xc0\x3d\x87\xd3\xf1\xaa\x49\xf5\x33\x93\x4f\x44\x75\x1e\x34\xf8\
\xc9\x7d\xe2\xeb\x83\xa6\xe8\x31\xcb\x6f\x66\xed\xb0\x15\x19\x9a\
\x6e\x7d\xba\x7e\x15\xd3\xfc\x3e\xf8\x32\xf1\xf9\x57\xfe\x20\x5e\
\x7e\xf2\x59\xe7\x9c\xfa\xbf\xf8\x57\x73\xe0\x0f\x84\x3a\x4f\x80\
\x6d\xd6\x44\x5f\xb6\xea\x45\x70\xf7\x72\x2f\x3e\xe1\x47\x61\x5d\
\x93\x46\x47\xbf\x6a\xae\x6b\x6c\x47\x2b\xdd\x94\xa2\xb7\x58\x51\
\x11\x14\x2a\x28\xda\x14\x0c\x01\xe9\x52\x04\xe7\xa5\x4d\xb3\xd8\
\xd2\x85\x39\xa5\x73\x4b\x11\x04\x3d\x6a\x44\x5f\x4a\x90\x46\x71\
\x92\x2b\x9c\xf1\x07\x8d\x2d\x34\x70\xd1\x40\x45\xd5\xd0\x18\xda\
\xa7\x21\x4f\xb9\xa5\x6b\x89\xd9\x1b\x3a\x8e\xa3\x6b\xa4\x5b\x35\
\xc5\xcc\x82\x34\x19\xc0\x3d\x49\xf4\x15\xc2\xcb\x79\x7d\xe3\xfd\
\x50\x5a\xc4\x0d\xbe\x9f\x19\xdc\xde\x80\x7a\x9f\x7f\x41\x54\x2c\
\xad\x35\x4f\x1c\xea\x45\xe4\x72\xd1\xa9\x1b\xa5\x23\x09\x18\xf4\
\x1f\xe1\x5e\x9f\xa2\xe8\xd6\xfa\x2d\x9a\x5b\xdb\x2e\x14\x72\x58\
\xfd\xe6\x3d\xc9\xa7\xb2\x21\x5e\x5a\x16\x34\xfb\x08\x74\xfb\x58\
\xad\xe0\x40\x91\x46\x02\x85\xfa\x55\xaa\x3a\x0e\x28\x0e\xa1\xca\
\xe4\x6e\x03\x3e\xf8\xcf\x5a\x86\xee\x6e\xb4\x0a\x28\xa2\x90\x05\
\x14\x51\x40\x05\x14\x51\x40\x05\x14\x51\x40\x05\x14\x51\x40\x05\
\x14\x51\x40\x05\x14\x51\x40\x05\x14\x51\x40\x05\x14\x51\x40\x05\
\x14\x51\x40\x05\x14\x51\x40\x05\x14\x51\x40\x05\x14\x51\x40\x05\
\x14\x51\x40\x05\x14\x51\x9c\x53\x18\x74\xa6\x4f\x3c\x56\xb0\xbc\
\xb3\x3a\xc7\x12\x0c\xb3\xb9\xc0\x02\xb1\x3c\x57\xe3\x4d\x33\xc2\
\x36\x86\x5b\xc9\x73\x31\xce\xc8\x10\xe5\xd8\xf6\xe3\xd2\xbc\x23\
\xc6\x1f\x11\x35\x2f\x17\xcc\xcb\x2b\x7d\x9e\xc8\x7d\xdb\x68\xce\
\x17\xea\xc7\xbd\x35\x1b\x99\x4a\x6a\x27\x6f\xe3\x8f\x8c\xea\x37\
\xd9\xe8\x07\x71\xc6\xd6\xbc\x61\xc7\xfc\x04\x7f\x5a\xf2\x1b\x89\
\xe4\xb9\x99\xe6\x9a\x46\x96\x57\x39\x69\x18\xe4\xb1\x3d\xe9\x84\
\x02\x38\xa6\xbb\x6c\x19\xea\x6b\x6d\x8e\x77\x26\xf7\x17\x3c\xf2\
\x78\xaa\x1a\x86\xb1\x15\x92\x10\xbf\xbc\x93\xfb\xa3\xa5\x36\xee\
\x69\x1c\x60\x7c\xab\xed\x58\xf3\x43\xd7\x34\x12\x49\xa6\xde\xcb\
\xa8\x6b\x56\xed\x2b\x96\x0a\x4b\x01\xdb\x80\x7f\xc6\xbb\x38\xb9\
\x1f\x51\x5c\x66\x81\x1e\xdd\x55\x0e\x3a\x2b\x1a\xec\x61\x38\xa6\
\x81\x97\x21\x3c\x0a\xb7\x11\xed\x9e\x6a\x8c\x47\x15\x72\x21\x93\
\x9c\xd0\x08\xbf\x13\x7c\xc2\xac\xa7\x4a\xa5\x09\xe4\x55\xc4\x34\
\x86\x59\x81\xb0\xc2\xae\xc2\x19\xe5\x0a\x80\x96\x27\x00\x7a\xfa\
\x56\x7a\x1c\x11\x5d\x17\x85\xed\xbe\xd3\xa8\xac\x84\x65\x62\x1b\
\xbf\x1e\x82\x81\xa3\xb4\xd3\x2d\x56\xca\xce\x28\x40\xe5\x46\x58\
\xfa\x9e\xe6\xb4\x62\x6c\x8a\xa8\x8c\x2a\xc4\x46\xb2\x36\x2e\xc4\
\x70\x05\x59\x42\x3a\xd5\x38\x9b\xa6\x6a\xca\x1e\x3d\x68\x2d\x16\
\xe3\x6a\xb2\x87\x38\xaa\x71\x72\x2a\xca\x1a\x83\x62\xfc\x47\xe6\
\xc5\x4d\x55\x22\x20\x1a\xb2\xa4\x11\x49\x8d\x0e\xaf\xcd\xcf\xf8\
\x2b\x24\x04\xf8\xcf\xe1\xb4\xdd\x54\xe9\x57\xc9\xff\x00\x91\xd0\
\xd7\xe9\x1d\x7e\x7b\xff\x00\xc1\x56\xf4\xe3\xf6\xaf\x86\xd7\xc1\
\x78\xf2\xef\xad\xb7\x7b\xee\x8d\xf1\xf9\x1a\x11\x95\x67\x68\x33\
\xe3\x08\x13\xf7\x31\xfc\xbf\xc2\x3b\x57\x77\x1c\x5f\x32\x7c\x9e\
\x9d\xbd\xeb\x9f\xb7\x42\x61\x8b\x08\x7e\xe8\xed\x5e\x85\x14\x4c\
\x24\x4f\x90\x81\x91\xdb\xde\xbf\x69\xe1\xda\x0a\x5c\xcf\xd0\xfc\
\x6f\x35\xc4\xb4\x59\x8e\x1c\x48\x9f\x27\xf1\x0f\xe1\xad\xdb\x78\
\x0b\x5c\x26\x23\x24\x6e\x1f\xc3\xef\x57\xe3\x53\xe6\x29\xda\x0e\
\x08\xea\x2b\x62\x3b\xb6\x49\x01\xf2\xc7\x07\x3c\x0a\xfd\x55\xfe\
\xed\x7b\xa8\xfc\xfe\xae\x21\xc9\x90\x43\xa6\x4b\x2b\xa8\x58\x46\
\x49\x1d\x46\x2b\x73\x4c\xd2\x6e\xe0\xb8\x52\x26\x58\x86\x7a\x63\
\x35\x04\x7a\xb3\x09\x15\xbc\xa0\x70\x7d\x6b\x42\x2f\x10\x32\x48\
\xa4\xc1\xd3\xb6\x6b\xc4\xc5\x55\xc4\x4b\x44\x91\xc1\x27\x27\xb1\
\xd1\x59\x2b\x09\x23\xdc\x43\x11\x9e\x82\xb5\xad\xd4\x79\xeb\x81\
\x5c\xac\x1e\x29\x0b\x22\xb1\xb7\x24\x0c\xf4\x35\xa9\xa6\x78\x95\
\xee\xee\x91\x62\xb1\x92\x46\xf6\x23\x8f\xad\x7c\x26\x2f\x0f\x5d\
\x27\x29\x2d\x0e\x57\x07\xbb\x3a\xab\x71\xfb\xe1\x91\xce\x2b\xf3\
\xb7\xfe\x0a\x0d\x95\xf8\xe3\x07\x04\x0f\xec\x8b\x6e\x7d\x79\x7a\
\xfd\x19\xb3\x0c\x64\x52\xe9\xb4\x91\xd3\xae\x0d\x7c\x15\xff\x00\
\x05\x1f\xd1\xfe\xcd\xf1\x0b\xc2\xfa\x90\x53\x8b\xbd\x28\xc4\x58\
\x8e\x0b\x47\x2b\x0c\x7e\x01\x87\xe7\x5f\x9d\xe6\x92\xe6\x85\x8f\
\xd0\x38\x0a\xa2\x86\x6f\xca\xfe\xd4\x5a\xfd\x4f\x8f\xdb\xb0\xf6\
\xa6\xd3\x9b\xad\x36\xbe\x5c\xfe\x91\x0a\x28\xa2\x80\x0a\x28\xa2\
\x80\x0a\x28\xa2\x80\x0a\x28\xa2\x80\x0a\x28\xa2\x80\x0a\x28\xa2\
\x80\x0a\x28\xa2\x80\x2d\x58\x8d\xd7\x70\x01\xdd\xd4\x0f\xcc\x57\
\xec\x3e\x9b\x19\x5d\x1a\xd3\x29\xcf\xd9\x63\xc8\x23\xbe\xc0\x3f\
\xa5\x7e\x47\xf8\x0b\x49\x93\x5f\xf1\xb6\x85\xa6\x42\xbb\xe6\xbb\
\xbd\x82\x04\x50\x3a\x96\x90\x0c\x7e\xb5\xfb\x2f\x34\x41\x12\x44\
\x44\xc4\x63\x2a\xa3\x1d\x05\x7a\x78\x1a\x6a\x7c\xc7\xe2\xbe\x24\
\x56\x51\x58\x68\x75\xd7\xf4\x3c\xf2\xfa\x26\x36\x73\x88\xc2\xab\
\xec\x60\x0b\x2e\x40\xe3\xd2\xbc\xab\x5f\xd0\x3c\x41\x77\x6f\x28\
\x8b\x52\x8e\x28\xf6\x9f\x95\x63\xdb\x9e\x3a\x66\xbd\xca\xe2\x26\
\xfb\x34\xbf\x29\xfb\xa7\xf8\x6b\x95\xbd\x42\x2c\xe6\x1b\x0f\xdd\
\x3f\xc3\x5f\x41\x46\x32\xc3\xec\x93\xf5\x57\x3f\x2f\xc1\xe2\x9c\
\x25\x74\x7c\xd3\xac\x78\x0f\x59\x30\x4d\x24\xa0\x5c\x60\x12\x5b\
\x7e\x4f\xeb\x5c\x6e\xa5\xe1\x9d\x46\xde\xda\x42\xf6\x4f\x80\x07\
\x21\x73\x5f\x4c\xea\x31\x91\x63\x3f\xca\x49\xdb\xe9\x5c\x36\xbf\
\x79\x05\xa5\x94\xab\x34\xa2\x36\x61\x90\xad\xc6\x79\xeb\x5e\x87\
\xd6\x2b\xd4\xf7\x54\x53\xf4\x47\xdd\x60\xb3\x29\xa6\xac\x8f\x9e\
\x35\x0b\x29\x62\xb6\x7d\xf0\x32\xfd\x54\xd6\x05\xfc\x65\x6d\x8f\
\xc9\xd3\x1d\xbd\xeb\xdb\x35\x7d\x6a\xcb\xec\x52\xfc\xdb\xc9\x1d\
\x93\xde\xb8\xbd\x67\x52\xb3\x96\xc9\xd5\x6d\xcb\x12\x47\x3b\x3d\
\xeb\xc9\xc4\x50\x9b\xde\x27\xdf\xe0\xb3\x19\xd4\xb2\x71\x3c\xae\
\xf9\x33\x6e\x7e\x5e\x84\x56\x45\xe0\x1e\x50\xc8\x1f\x7b\xd2\xbb\
\x9d\x66\x48\x5e\xcc\x84\xb7\x28\xd9\x1c\xe2\xb9\x5d\x49\x7f\x70\
\x3e\x42\x0e\xef\x4a\xf9\xda\x91\xe5\x76\x3e\xc6\x8d\x4e\x74\x73\
\x17\xa3\xf7\x60\x81\xdc\xf6\xf6\xaf\xe8\xb3\xe1\xb6\x07\xc3\x6f\
\x09\x83\xff\x00\x40\x8b\x3f\xfd\x10\x95\xfc\xf0\x5c\xc4\xd2\x2a\
\x22\xae\x5d\xce\xd0\x31\xd4\x9e\x07\xf3\x15\xfd\x18\xe8\x76\xeb\
\x69\xe1\xfd\x2a\xdd\x10\x46\x90\xd9\x41\x18\x41\xdb\x11\xa0\x23\
\xf4\xae\x78\xf5\x37\xab\xb1\x69\xf9\x15\x5d\xcf\x5f\xa5\x4b\x21\
\xed\x50\x48\x40\x15\xa9\xca\xd9\x5d\xce\x0d\x54\x94\xf1\x56\x24\
\x3c\xd5\x69\x58\x6e\xe2\x83\x16\x42\xf5\x5a\x43\x9c\xf3\x53\xc8\
\xd5\x52\x42\x02\xd3\x44\x95\xa6\x38\xaa\x52\x9a\xb5\x3b\x55\x37\
\x3c\x7e\x35\x40\x57\x94\x76\xaa\x73\x9e\x31\x56\xa5\x3c\xd5\x39\
\xce\x5a\x82\x5e\xac\xae\xe7\xb5\x56\x94\xe4\x81\x56\x5c\xf0\x6a\
\x9c\x87\x92\x7a\xe2\x82\x59\x42\xf2\x24\xb9\x8d\xe3\x91\x77\x29\
\x07\x35\xe6\xfe\x22\xb0\x7d\x3a\x72\x0f\xcd\x11\x3f\x23\xff\x00\
\x4a\xf4\x99\x9b\x19\x27\xb5\x73\x5a\xcd\xba\x5d\xc4\xd1\x48\x32\
\xa4\x67\xe9\x4d\x08\xf2\xcb\xf7\xce\xea\xc0\xba\x99\xa3\x70\xf1\
\xb1\x47\x07\x72\xb2\xf5\x06\xba\x0d\x72\xd5\xac\xa7\x78\x9f\x3e\
\xcd\xea\x2b\x97\xbe\x71\x83\xef\xc5\x31\xee\x8e\xf7\xc2\x5e\x2b\
\x4d\x66\x2f\xb3\x5c\x10\xb7\xb1\x8e\xff\x00\xf2\xd0\x0e\xe3\xde\
\xb7\xef\x2c\xe0\xd4\x6d\x26\xb5\xb9\x8d\x67\xb7\x95\x0a\x3c\x6d\
\xc8\x20\x82\x0e\x7f\x3a\xf1\x38\x2e\x24\xb6\x99\x26\x8d\xca\x49\
\x19\xca\xb2\xf5\x04\x57\xaa\xf8\x57\xc4\xc9\xe2\x0b\x42\x1f\x09\
\x77\x18\xfd\xe2\x0e\x8d\xc7\xde\x1e\xd4\x10\xe3\x6d\x4f\x2c\xbf\
\xf0\xb7\x8a\xfe\x13\xdf\x4d\x73\xe1\xb9\x64\xd4\x34\x37\x7d\xc6\
\xd5\x86\xf2\x83\xd0\xaf\xb7\xa8\xaf\x4b\xf8\x71\xfb\x6f\x5c\xf8\
\x4b\x4c\x3a\x6e\xb7\xe1\xf9\x2e\x42\x7f\xaa\x68\xe6\xda\xd1\xfa\
\xae\x0f\x6f\x4a\xd2\xd7\xb4\xc9\xf5\x2b\x54\x36\x97\x4d\x65\x7b\
\x03\x6f\x86\x61\xc8\xce\x30\x55\x87\x75\x23\x8f\xc4\x57\x17\x75\
\xe2\x2d\x1f\xed\x62\xc7\xc6\x3a\x2c\x3a\x75\xe1\xe0\x5c\xb4\x61\
\xa0\x9b\xdd\x5c\x74\xcf\xa1\xa4\xd5\xcd\x63\x3b\x9e\xb8\x7f\x6f\
\x8d\x15\xc2\x88\xbc\x31\x7a\xdc\x7c\xdb\xa6\x51\x83\x4c\xff\x00\
\x86\xf0\xb5\x70\x76\x78\x4e\x4d\xc0\xf1\xba\xe8\x01\x5a\xdf\x09\
\xfe\x1a\x7c\x29\xf8\x81\xa7\x8b\x79\x74\x3b\x09\x35\x28\x01\x6d\
\xf0\x4a\x40\x99\x31\xf7\xb0\x0f\x5c\xf5\x15\xe9\x10\xfe\xcc\x9f\
\x0d\xad\xa4\xdc\x3c\x33\x09\x20\x11\x87\x76\x23\xf2\xa8\x76\x46\
\xeb\x99\xea\x78\x26\xaf\xfb\x6b\xf8\x8f\x53\x0d\x1e\x91\xa3\xd9\
\x58\x16\xfb\xae\xe4\xca\xe3\x3c\x74\xef\x58\x51\x59\xfc\x54\xf8\
\xdb\x70\x86\x64\xd4\x2e\xed\xdc\xf5\x93\x30\xdb\xa8\xfa\x70\x31\
\x5f\x5f\xe8\xbf\x0a\xfc\x21\xe1\xc2\x0e\x9f\xe1\xcd\x3e\xdd\x80\
\x18\x61\x08\x63\xfa\xe7\x15\xd4\x2a\x88\xd0\x22\x80\xa8\x3a\x22\
\x8c\x01\xf8\x52\xba\x5b\x15\xcb\xdc\xf9\xf7\xe1\xdf\xec\x9f\x63\
\xa4\x34\x57\x7e\x26\xbc\x1a\x8c\xe3\xe6\xfb\x1d\xbf\xcb\x10\x3e\
\x84\xf5\x35\xef\x3a\x7e\x99\x6b\xa4\xd9\xc7\x69\x65\x04\x76\xd6\
\xd1\x00\x16\x28\x97\x68\x51\xf4\xab\x26\x97\xbe\x3f\x41\x53\x7b\
\x82\x8a\x5b\x0d\x2a\x0f\xd6\xa3\x68\xba\xf5\xfc\x29\x97\x9a\x8d\
\xa6\x9b\x11\x92\xee\xe6\x2b\x64\x1d\x4c\xae\x14\x0f\xce\xb8\x1f\
\x10\xfc\x79\xf0\xbe\x8b\xbd\x2d\xa7\x6d\x52\xe0\x74\x5b\x61\xf2\
\xe7\xfd\xe3\x45\x84\xe4\x96\xe7\x7c\x54\xe7\xa5\x61\x6b\xfe\x32\
\xd2\x7c\x34\xa7\xed\x77\x49\xe7\x75\x10\x47\xf3\x39\xf6\xaf\x12\
\xd7\xbe\x37\xeb\xde\x25\x63\x05\x92\x8d\x3a\x06\x38\x09\x00\xdd\
\x23\x7e\x3d\x6a\xdf\x85\x7e\x16\x6b\xde\x25\x90\x5d\x5d\x86\xb2\
\x81\xfe\x66\x9e\xe7\x97\x61\xec\x3a\xd6\x9c\xab\xa9\x9b\x9d\xf4\
\x8a\x35\xb5\xbf\x89\x7a\x86\xbf\x29\xb7\xb4\x0d\x69\x6c\xcd\x80\
\x91\xfd\xf7\xfa\x9f\xf0\xad\x9f\x0a\x7c\x3c\xba\xbf\x11\xdc\x6a\
\x39\xb6\xb7\xce\xed\x87\xef\xb7\xf8\x57\x69\xe1\x9f\x00\xe9\x5e\
\x18\x40\xf0\x45\xe7\xdc\x91\xfe\xbe\x5e\x5b\xf0\xf4\xae\x92\x87\
\x25\x6b\x21\xc6\x2d\xea\xca\xd6\x3a\x74\x1a\x6d\xb2\x43\x6f\x1a\
\xc5\x12\xf4\x55\xef\xee\x6a\xc8\x18\x14\x52\x3c\x8b\x12\x17\x90\
\x84\x45\x04\x92\xdd\x00\x1d\xf3\x59\xee\x6b\xb0\x93\x4a\x90\x44\
\xf2\x48\xc1\x23\x8c\x65\x99\xba\x01\xdc\xd6\x2f\x85\xef\x5b\x59\
\x4b\xbd\x50\x82\x20\x9e\x4d\x96\xe0\xf5\xf2\x97\x8c\xfe\x27\x35\
\xc7\x6b\x9e\x24\x9b\xe2\x06\xb7\x1f\x87\xf4\x77\x22\xc0\x1d\xd7\
\x57\x2b\xd1\x94\x1e\x71\xec\x3f\x52\x6b\xd1\xed\xad\xe1\xd3\xec\
\xe2\x82\x20\x23\x82\x14\x08\xab\xe8\x00\xa6\x4a\xde\xe4\xd4\x52\
\x9e\x29\x2a\x4a\x0a\x28\xa2\x80\x0a\x28\xa2\x80\x0a\x28\xa2\x80\
\x0a\x28\xa2\x80\x0a\x28\xa2\x80\x0a\x28\xa2\x80\x0a\x28\xa2\x80\
\x0a\x28\xa2\x80\x0a\x28\xa2\x80\x0a\x28\xa2\x80\x0a\x28\xa2\x80\
\x0a\x28\xa2\x80\x0a\x28\xa4\x77\x48\xd5\x9d\x98\x22\x28\x24\xb3\
\x1c\x00\x07\x5c\x9a\x00\x5c\x80\x09\x3c\x00\x39\x3e\xd5\xe6\xde\
\x3e\xf8\xb9\x6f\xa2\x99\x2c\x34\x82\x97\x37\xc0\xed\x79\xfa\xa4\
\x47\xb8\x1e\xa6\xb9\xcf\x89\x1f\x16\x24\xd4\xda\x5d\x33\x46\x90\
\xc7\x68\x09\x59\x6e\x57\x86\x93\xd8\x7a\x0a\xf3\x2b\x5b\x39\xae\
\xdb\x11\xae\xe1\xea\x78\x15\xaf\x29\x84\xea\x3d\x90\xed\x43\x51\
\xb9\xd4\xee\xde\xe6\xea\x67\x9e\x79\x0e\x59\xe4\x3c\x93\xfe\x14\
\xd8\xac\xe4\x94\x70\xa7\x69\xee\x6b\x6a\xd3\x42\x58\x86\xf7\xfd\
\xe3\x55\xf4\xb1\x69\x08\x44\x5d\xcc\x4e\x02\x81\xc9\xab\x7a\x18\
\x59\xb3\x9d\x36\x21\x07\xa9\xaa\xd2\xdb\x63\xb5\x7a\x3c\x3f\x0f\
\xae\x27\x8b\x33\x4c\x90\xb1\xfe\x11\xce\x2b\x9f\xf1\x07\x85\xee\
\xb4\x3d\xa6\x55\x0f\x13\x74\x95\x3a\x1f\x41\xed\x42\xd4\x56\x38\
\xb9\xe1\xf6\xac\xdb\x88\x7a\x9c\x62\xba\x0b\x88\x48\xcd\x66\x5c\
\xc7\xd6\x80\x28\xe8\xe8\x53\x52\x0d\x8f\xe1\x6a\xe9\x61\x3c\xf5\
\xae\x7e\xcc\x79\x77\xc9\xcf\x50\x56\xb7\x22\x23\xd2\x80\x2e\xa1\
\xce\x39\xab\x71\x3e\x00\x22\xa8\xc7\xd2\xad\xc6\x78\xc7\xe3\x40\
\xd1\x7a\x26\xcd\x5c\x8c\xf7\xc7\x4a\xa3\x09\x07\xe9\xd3\x35\x6e\
\x17\xca\x91\x9a\x06\x5a\x52\x79\xe9\xc5\x77\x5e\x13\xb6\xf2\x74\
\xdd\xe4\x7c\xd2\x1d\xdf\x87\x6a\xe1\x23\x05\xdd\x50\x72\x58\x80\
\x3e\xa4\xd7\xa5\xd8\xc6\xb6\xf0\x47\x10\xe8\x8a\x17\xf2\xa5\x72\
\xa2\x68\xc4\x78\xfa\x55\x98\xdb\x06\xa9\xc6\x6a\xca\x9c\x8a\x86\
\x59\x72\x33\x56\x63\x39\xaa\x71\xb6\x7a\x55\x98\xda\x91\xa2\x65\
\xc4\x35\x62\x3e\x45\x53\x46\xab\x51\xb7\x15\x36\x34\x4f\xa1\x6e\
\x23\x83\x56\xe3\x3c\xe2\xa8\x46\xe6\xad\xc4\xdc\xe6\x91\xa2\x2c\
\x57\xc5\x7f\xf0\x54\x9d\x15\xae\xfe\x15\x78\x43\x54\x03\x2b\x63\
\xac\xbc\x2c\x7d\x3c\xd8\x0e\x3f\x58\x8d\x7d\xa6\x0e\x45\x7c\xef\
\xfb\x7e\x78\x67\xfe\x12\x3f\xd9\x7b\xc5\x12\xaa\x97\x93\x4a\x96\
\xdb\x52\x50\x3b\x04\x94\x07\x3f\xf7\xc3\xbd\x4d\xec\x65\x5f\xf8\
\x6c\xfc\xe1\xb6\xc8\x82\x1e\x3f\x84\x7f\x2a\xf4\xb8\x7e\xf2\x83\
\xed\xfc\xeb\xce\x6d\x8f\xee\x61\xcf\xf7\x57\xf9\x57\xa4\x45\x9d\
\xc9\xf5\x1f\xce\xbf\x6a\xe1\xdc\x44\x61\x19\x7c\x8f\xc1\x73\x54\
\xdc\x8e\x9d\x41\x2c\x0e\x3b\xd5\xb5\x07\x70\xfa\xd3\x06\x77\x70\
\x3b\xd5\xc5\x46\xdc\x38\x3d\x6b\xf4\x29\xd7\xba\xb9\xf1\x4d\x6a\
\x35\x41\xdd\x8c\x54\xa1\x4e\xee\x9f\xa5\x4a\xaa\xdb\x87\x15\x3c\
\x71\xb1\x71\xc1\xfa\x0e\xf5\xe3\xd7\xc4\x58\x11\x10\x8d\x81\x1f\
\x2f\xe9\x5b\x7a\x66\xbd\x71\xa7\xec\x48\xa0\x8c\xe3\xae\x17\x04\
\xd1\x61\xa1\xdc\xdf\x3a\x8c\x18\xe3\xeb\xb8\xf6\xae\xaf\x47\xd0\
\x6d\xec\x66\x43\xe5\xef\x71\x9c\xbb\x57\xca\xe3\xf3\x0a\x3c\xbc\
\xb3\xd4\x99\x34\x91\x67\xc3\xfa\x8d\xf5\xfc\x8a\xf2\xd9\x88\x62\
\x3f\xc4\x5b\x07\xf2\xaf\x9c\x3f\xe0\xa2\xbe\x0d\x6d\x6b\xe1\x56\
\x8d\xaf\xc7\x19\x79\x34\x7b\xff\x00\x2e\x42\x07\xdd\x8e\x65\xc1\
\x3f\xf7\xd2\x27\xe7\x5f\x54\x5b\x27\xef\x57\xdc\x1a\xc3\xf8\x9b\
\xe0\x08\x7e\x27\x7c\x3c\xf1\x17\x86\x27\x00\x0d\x4a\xc9\xe2\x8d\
\xdb\xf8\x25\x1f\x34\x6d\xf8\x38\x5f\xcc\xd7\xe6\xb8\xfa\xaa\xb3\
\x7c\xaa\xc7\xa3\x91\xe3\x56\x5f\x99\x51\xc4\x3d\x12\x6a\xfe\x8f\
\x46\x7e\x2c\x1f\xbb\xd3\x14\xca\xd1\xd6\x74\xcb\x9d\x13\x52\xbc\
\xb0\xbd\x85\xa0\xbb\xb6\x99\xa1\x96\x27\xea\xac\xa4\x82\x0f\xe2\
\x2b\x3a\xbe\x6d\x1f\xd6\x89\xa9\x24\xd7\x50\xa2\x8a\x29\x80\x51\
\x45\x14\x00\x51\x45\x14\x00\x51\x45\x14\x00\x51\x45\x14\x00\x51\
\x45\x14\x00\x51\x4b\x4a\x14\xe7\x18\xa0\x0f\x7c\xfd\x88\xfc\x14\
\xde\x30\xfd\xa1\x7c\x38\xec\x9b\xed\xb4\xad\xfa\x9c\xa7\x3f\x77\
\xca\x19\x43\xff\x00\x7d\x94\xaf\xd4\xa6\xce\xc6\xfa\x1c\xfe\xb5\
\xf2\x67\xfc\x13\x7f\xe1\x7b\x68\xbe\x0e\xd6\xfc\x6d\x79\x16\xd9\
\xf5\x67\x16\x56\x65\x87\x22\x18\xce\x5d\x87\xb1\x7c\x0f\xf8\x05\
\x7d\x68\xff\x00\x2a\xb0\xf6\x35\xee\xe5\xeb\x96\x2d\xf7\x3f\x99\
\x38\xf7\x1e\xb1\x99\xab\xa5\x07\xee\xd3\x49\x7c\xfa\x98\x17\x44\
\xa5\xa4\xc4\xa9\x6f\x91\xb8\x5e\xa7\x8a\xf3\x9d\x4f\xc6\x1a\x74\
\x16\xf7\x08\xfe\x70\x70\x84\x10\x62\x39\xaf\x4c\x91\x73\x1b\x7f\
\xba\x7a\x57\x2b\xe2\x3f\x0e\x5b\x6b\x16\x33\x6f\x4d\xb3\x04\x3b\
\x64\x4f\xbc\x0f\xbf\xad\x7d\xf6\x5f\x1c\x34\xe5\xfe\xd3\xb7\x91\
\xf0\xd8\x79\xc6\x2d\x73\x1e\x53\xa8\x78\xd6\xc7\xec\xb3\x28\x8e\
\x72\x4a\xf5\x09\x5e\x6b\xe3\x4d\x45\x35\x85\x49\x21\x8a\x45\xd8\
\x85\x4e\xf1\x8e\xa4\x57\x7b\xe2\x3f\x0b\x5f\xe9\x10\x4b\xbe\x26\
\x78\x8a\xe5\x64\x41\x91\xf8\xfa\x7d\x2b\x8a\xbf\xb7\x98\x59\xcb\
\xf2\x37\x2b\xc7\x1e\xf5\xf7\x94\xb2\x7c\x1c\x3f\x7d\x87\x6d\x9f\
\x65\x82\xa9\x04\xd3\x47\x01\x7d\x0c\x82\xd6\x40\x10\xf1\x8e\xd5\
\xcf\xea\x51\x39\xb4\x6f\x90\x8e\x9d\xab\xbe\xbe\xb7\x97\xec\xf2\
\x7e\xed\xbb\x57\x3b\xaa\x5b\xc8\x2c\xdc\xec\x3d\xbb\x57\x85\x98\
\xe0\xad\x16\xfc\x8f\xb8\xc1\x62\xac\xd7\xa9\xe7\xda\xac\x6e\xb6\
\x64\x95\x3f\x78\x76\xae\x6f\x54\x53\xf6\x60\x70\x47\xcd\xe9\x5d\
\xd6\xb7\x13\xad\x83\x12\xa4\x72\x3b\x57\x25\xab\xa1\x16\xa3\x20\
\x81\xba\xbf\x24\xcc\x29\x72\x4e\xc7\xe8\xb8\x0a\xbc\xf0\xb9\x5f\
\xc0\x1a\x23\xf8\x8b\xe2\x27\x84\x74\xa5\x8c\xc8\x6f\x75\x8b\x4b\
\x7d\x80\x75\xdd\x32\x03\xfa\x66\xbf\xa1\x09\x95\x61\x66\x48\xc6\
\x11\x49\x55\xcf\xa0\x3c\x7e\x95\xf8\x99\xfb\x11\x78\x59\xfc\x59\
\xfb\x57\x7c\x37\xb7\xdb\xba\x3b\x3d\x41\xb5\x39\x37\x0e\x02\xdb\
\xc6\xd2\xf3\xf5\x2a\xa3\xea\x45\x7e\xd6\xb9\xc0\x1c\xd7\x87\x1d\
\x8f\x62\x72\xbd\x88\x9d\x8d\x41\x21\xcd\x4d\x23\x73\x55\xa4\x63\
\x5a\x9c\xef\x42\x19\x4d\x54\x7e\xb5\x62\x66\xe3\x15\x55\xce\x05\
\x06\x77\x20\x95\xb9\xaa\xb3\xb6\x45\x58\x94\x8e\x78\xaa\x73\x35\
\x34\x49\x04\xad\x54\xe5\x6c\x0a\x9e\x56\xcd\x55\x94\xf1\x8a\xa0\
\x21\x90\xe4\x93\x54\xe4\x39\x35\x66\x46\xc2\x9c\xd5\x36\x6e\xa6\
\x82\x48\x64\x39\xf6\xaa\x72\xb6\x14\xfa\x9a\xb5\x2b\x60\x55\x1b\
\x93\xc6\x01\xa0\x8e\xa5\x2b\x83\xb6\x36\x39\xeb\x5c\xee\xa1\x27\
\x2d\xed\x5b\x97\xcf\x85\xc7\x4e\x2b\x99\xd4\x24\xeb\x4d\x0a\xe7\
\x33\xaf\xda\x2d\xf5\xbb\x2b\x1f\x9c\x72\x87\xde\xbc\xcf\x51\x56\
\x89\xd9\x18\x60\x86\x20\x83\x5e\x9b\xa8\xcb\xc1\xae\x17\xc4\xb6\
\x62\x6c\xce\x83\xe7\x5f\xbc\x07\x71\x4c\x68\xe7\x6a\xce\x9d\xa8\
\x4f\xa5\xde\x45\x71\x03\x14\x92\x36\xe3\xdf\xd8\xfb\x55\x6e\xa7\
\x34\x50\x59\xec\x9a\x0e\xb7\x0e\xbd\xa7\xad\xc4\x5c\x38\xe2\x48\
\xfb\xab\x7f\x87\x71\x4f\xd7\x2d\xf4\xeb\xbb\x06\x8f\x53\x86\x39\
\xad\x1f\xe5\x61\x22\xe4\x0c\xf7\xf6\xfa\xd7\x96\x78\x7b\x5d\x97\
\x40\xbf\x59\x93\xe6\x88\xf1\x2c\x67\xa3\x0c\xff\x00\x31\x5e\xbb\
\x69\x77\x15\xf5\xac\x77\x10\xbe\xf8\xa4\x19\x07\xae\x47\xa7\xe0\
\x68\x33\xb3\x5a\x9e\x61\x2f\xc2\xa4\x86\x61\xa8\x78\x37\x5d\x97\
\x4f\x94\x64\xaa\xc5\x39\x20\x73\xd0\x10\x72\x3f\x1a\xdd\xd3\x7c\
\x67\xf1\xdf\xc2\x16\x1f\x6a\x86\xef\x51\xd4\xb4\xe4\x62\x86\x50\
\x82\xe5\x72\x3b\x1e\xe3\xd6\xb9\xef\x1f\x7c\x32\xbc\xb3\x9e\x5d\
\x6b\xc2\xb3\xcd\x69\x30\x3e\x64\xf6\x50\x48\x54\x36\x3f\x89\x07\
\x4c\xfb\x54\x7f\x0b\xff\x00\x68\x4f\x1d\x78\x22\xea\x61\xa7\xdc\
\xdb\xea\xe1\xc6\xcb\x8d\x3a\xfd\x76\xc8\x71\xfc\xcf\xd2\xa5\xa3\
\x78\x33\xb8\xb1\xfd\xb2\xfc\x7f\xa6\x90\x9a\x85\x95\x84\xc5\x4e\
\x18\x4d\x6e\xd1\x1e\x3a\xd7\x47\x6b\xfb\x6f\x6b\x8e\x3f\x7b\xe1\
\xed\x3c\xf4\xc1\x59\x5b\xa5\x4b\x6f\xfb\x5a\xf8\x63\x50\x95\x6d\
\xfc\x79\xf0\xf7\xec\x57\x0c\x00\x69\x3c\x85\x71\x8c\x72\x70\xc0\
\x1f\xca\xbb\x0d\x0b\xc5\x5f\xb3\xdf\x8c\x02\x84\xb7\xd2\xad\x65\
\x7e\x4c\x77\x91\x18\x4f\xf3\xc5\x27\x64\x5e\xa7\x13\x71\xfb\x64\
\x78\x9e\xe9\x3f\x71\xa5\xe9\xd6\xac\x47\x53\xb9\xff\x00\x9d\x64\
\x5d\x7c\x7e\xf1\xff\x00\x89\x89\x8e\x2b\xf7\x89\x5c\xe3\x65\x94\
\x18\xfe\x59\xaf\xa5\x74\x2f\x87\x9f\x0c\xae\x52\x37\xd2\xf4\xbd\
\x12\xe1\x48\x01\x4c\x4e\xaf\xfd\x6b\xb5\xb0\xf0\xfe\x99\xa6\x8c\
\x59\x69\xb6\xb6\xc0\x7f\xcf\x18\x54\x7f\x4a\x57\x5d\x82\xdd\xd9\
\xf1\xee\x97\xe0\x0f\x1f\xf8\xe2\x65\x96\x7b\x3d\x42\xe1\x5b\x1f\
\xbd\xbd\x72\xab\xfa\xd7\xa7\xf8\x5b\xf6\x64\xb9\x1b\x24\xd6\xf5\
\x34\x8d\x07\x26\x0b\x41\x93\xf8\xb1\xaf\xa0\x8f\xbe\x71\xef\x49\
\x9e\xd9\xa5\xcc\xc6\xa9\xad\xce\x73\xc3\x5f\x0e\xf4\x0f\x09\xc6\
\xa2\xc6\xc2\x3f\x38\x0c\x1b\x89\x46\xf9\x0f\xe2\x7a\x57\x47\xcd\
\x18\x27\xa0\xa6\x4f\x73\x0d\xb2\x96\x9a\x44\x89\x7f\xbc\xec\x14\
\x7e\x75\x3a\xb3\x4d\xb6\x1f\x45\x71\x7e\x21\xf8\xc3\xe1\x3f\x0e\
\x2b\x09\xf5\x68\xa7\x94\x71\xe4\xda\x9f\x31\xb3\xf8\x57\x95\x78\
\x8b\xf6\x8b\xd4\xf5\xd9\x5e\xcb\xc3\x76\x0d\x6c\x1b\xe5\x59\x58\
\x6f\x99\xb3\xe8\xa3\xa5\x35\x16\x66\xe4\x91\xee\x1e\x24\xf1\x7e\
\x95\xe1\x2b\x63\x36\xa3\x72\x91\x93\xf7\x62\x07\x2e\xe7\xb0\x02\
\xbc\x83\x51\xf1\x8e\xbb\xf1\x63\x53\xfe\xcc\xd2\xa0\x6b\x6d\x3c\
\xb7\xcc\xa0\xf1\x8c\xf5\x91\xbf\xa5\x53\xf0\xa7\xc1\x8d\x7f\xc5\
\x57\x4b\xa8\xf8\x96\xe6\x5b\x58\x9f\xe6\x65\x95\xb7\x4e\xff\x00\
\x81\xfb\xb5\xee\x5e\x1f\xf0\xe5\x87\x86\x6c\x16\xcf\x4f\xb7\x58\
\x21\x03\x04\x8f\xbc\xc7\xd4\x9e\xe6\xab\x44\x85\xef\x4b\xd0\xa9\
\xe0\xff\x00\x08\x5a\xf8\x43\x4c\x5b\x68\x3f\x79\x3b\x7c\xd3\x4e\
\x7a\xb9\xff\x00\x01\xd8\x53\xf5\x4b\xf1\x71\xab\xd9\xe9\x31\x1c\
\xbb\x91\x3d\xc6\x3f\x82\x35\xec\x7e\xa7\x02\x9b\xe2\xdf\x16\x5a\
\xf8\x53\x4e\x69\xe5\x60\xf3\xbe\x44\x30\xe7\x97\x3e\xbe\xc0\x63\
\xaf\xe1\x54\x3e\x1e\xe9\xb7\x22\xd2\x7d\x63\x51\x25\xaf\xf5\x12\
\x1c\xe4\x63\x6c\x7f\xc2\xb8\xec\x3b\xfe\x54\xad\x75\x76\x56\x8b\
\x44\x75\x99\xcf\x38\xc1\xef\x9a\x4a\x5a\x4a\x82\x82\x8a\x28\xa0\
\x02\x8a\x28\xa0\x02\x8a\x28\xa0\x02\x8a\x28\xa0\x02\x8a\x28\xa0\
\x02\x8a\x28\xa0\x02\x8a\x28\xa0\x02\x8a\x28\xa0\x02\x8a\x28\xa0\
\x02\x8a\x28\xa0\x02\x8a\x28\xa0\x02\x8a\x28\xa0\x02\xbc\x4b\xe2\
\xcf\xc4\x67\xd4\x6e\x1f\x45\xd3\x25\x22\xd1\x0e\xd9\xe5\x43\xfe\
\xb5\x81\xfb\xa3\xd8\x1f\xcc\xd7\x67\xf1\x6b\xc6\x0f\xe1\xbd\x0d\
\x6d\x6d\x64\xd9\x7f\x7d\x98\xd1\x87\x54\x4e\x8c\xdf\xae\x07\xbd\
\x78\x55\x8c\x03\x70\x63\xcb\x63\x3c\xd6\xb1\x57\x30\xab\x2d\x34\
\x1d\x63\xa4\x99\x40\x69\x46\x17\xb2\xf7\xae\x8e\xda\xd9\x63\x50\
\x15\x78\x1d\x85\x57\xb5\x51\x90\x6b\x6f\x48\xb0\x6d\x46\xfe\xde\
\xd9\x0e\x1a\x57\x54\x07\xd3\x27\x9f\xd2\xac\xc2\xd7\x2b\xa5\xab\
\x11\x9a\xda\xf0\xc5\x9a\xff\x00\x68\xb4\x8e\x3e\xe2\x12\xa0\xfa\
\xe7\x19\xaf\x4a\xb7\xf0\x6e\x93\x6f\x6e\x22\x36\xc2\x42\x06\x0b\
\xb7\x52\x7d\x6b\x8a\xd6\xac\x3f\xe1\x1a\xd7\x59\x62\x25\xa2\x2b\
\xbd\x41\xfe\xe9\xea\x3f\x0a\x9b\xdc\xd6\x51\x71\x57\x36\x33\xda\
\xa8\x6b\xf6\xf1\xdd\xe8\xb7\xb1\xc8\x01\x06\x27\x61\x9e\xcc\x07\
\x1f\xae\x28\x87\x5c\xb2\x91\x72\x66\x58\xcf\x70\xde\xb5\xcf\xf8\
\xab\xc4\xd1\x4d\x68\xf6\xb6\x8c\x58\xc9\xc3\xb8\xe8\x05\x24\x9d\
\xc9\xbe\x87\x9b\x5c\xa7\x15\x97\x70\x83\x26\xb6\xae\xd0\x0c\xfb\
\x56\x55\xc2\x80\x4f\xd2\xac\xcc\xc9\x27\xcb\x9e\x37\xf4\x22\xb6\
\xa3\x63\x58\xb7\x43\xaf\xad\x69\x59\xcd\xe6\xc2\x8d\xdc\x8e\x7e\
\xb4\x08\xd2\x89\xf2\x2a\xc4\x4f\xcf\xb5\x52\x8c\xe6\xac\xc6\x70\
\x38\xa6\x87\x72\xfc\x67\xb5\x5c\x85\xf0\x7a\xf1\xd6\xa8\x23\x67\
\x06\xad\xc4\xd9\x14\x5b\xa0\xfa\x1b\x7a\x24\x22\x7d\x4a\xdd\x4f\
\x4d\xc5\x8f\xe0\x33\xfc\xf1\x5d\xfc\x44\xf1\x5c\x4f\x85\x93\x75\
\xeb\xb8\x1f\x71\x33\x9f\x72\x45\x76\x50\xb5\x43\x2e\x2b\x43\x42\
\x26\xc8\xab\x31\x36\x6a\x94\x2f\x9f\x6a\xb5\x13\x73\x52\xcb\x2d\
\xc4\x70\x6a\xe4\x6d\x54\x11\xb9\xcd\x5a\x89\xb8\x1c\xd2\x2d\x17\
\x10\xe6\xac\x46\xdd\x2a\xa4\x6d\x83\xed\x53\xab\x63\x14\x1a\x22\
\xea\x30\xef\x56\x23\x6c\xd5\x28\xdb\x8c\x55\x88\xdb\x06\xa5\x9a\
\x26\x5e\x8d\xb1\x5c\xf7\xc4\xcf\x09\xa7\x8e\xfe\x1d\xf8\x9f\xc3\
\x8e\xbb\xc6\xad\xa6\xdc\x59\x85\x3d\xd9\xa3\x60\xbf\xf8\xf6\xda\
\xdc\x8e\x4a\xb0\x8f\x80\x0f\x71\x50\xc1\xae\x64\xd1\xf8\xb0\x81\
\xad\x4a\xc1\x31\xc4\xd1\x1f\x2e\x40\x78\xc3\x2f\x0d\xfa\xe6\xbd\
\x36\x09\x17\x74\x7c\x8e\xdf\xce\xa2\xfd\xa9\x7c\x1c\xbf\x0f\xfe\
\x3d\x78\xab\x4f\x0b\xe5\xda\xdc\x5c\xff\x00\x68\x5b\x00\x30\x3c\
\xb9\xfe\x7e\x3e\x8c\xcc\x3f\x0a\x86\x09\xa3\x0f\x18\xdc\x0f\x2a\
\x3f\x5a\xfb\x3c\x9b\x18\xe3\x26\xaf\xd8\xfc\x53\x37\xc3\xba\x72\
\xb3\x5d\xce\xfd\x0e\x64\x1f\x51\x5a\x8b\x13\x6e\x1c\x77\xac\x98\
\xf1\xe6\xaf\xbb\x0a\xe9\x63\x4f\xde\xaf\x1d\xc5\x7e\x98\xb1\x97\
\x86\xe7\xe7\xb5\x22\xd3\x19\x6d\x63\x24\xf2\x81\x8d\xb9\x3d\x4d\
\x74\x16\x1a\x6c\x70\x4c\x9f\x2f\x98\xd9\xea\x6a\x18\x14\x89\x50\
\xe3\x82\x6b\x5a\xdd\x58\x4c\xa4\x83\xd6\xbe\x77\x19\x8b\x94\x9d\
\xae\x63\xca\xcb\xf6\xc3\xf7\xea\x71\xc7\xd2\xb4\xa0\xe6\x41\xde\
\xa8\xc0\x76\xca\x33\xc0\xe4\xe4\xf1\x52\x36\xad\x6f\x69\x26\x37\
\x79\x84\x76\x4a\xf9\x0a\xdc\xd3\x77\x48\xc9\xc1\xbd\x91\xb3\x6b\
\xfe\xb4\x0a\xd1\x80\x1f\x33\x1d\x33\xc0\x07\xbd\x71\xb2\x78\x8e\
\xe3\x7f\xee\x23\x11\x82\x31\x96\xe4\xd3\xb4\xa8\x75\x4d\x6a\xf9\
\x18\x4e\xea\x13\x93\x21\x38\x0b\x5c\x15\x70\xd3\x49\xce\x6d\x24\
\x52\xa3\xd6\x4e\xc7\xc2\x9f\xf0\x50\x8f\x81\xd2\x78\x47\xc7\x29\
\xe3\x9d\x32\xdb\x6e\x8f\xaf\x1c\x5d\x6c\x1c\x45\x76\x07\xcd\x9f\
\x4d\xe0\x6e\xfa\xe6\xbe\x40\x2a\x47\x5a\xfd\xc4\xf8\x8f\xf0\xdb\
\x49\xf8\xaf\xe0\x5d\x4f\xc2\xda\xe4\x66\x5b\x3b\xd8\x76\xf9\xa0\
\x7c\xf1\xc8\x39\x59\x17\xdc\x1e\x7f\x4a\xfc\x76\xf8\xbf\xf0\x9b\
\x5a\xf8\x37\xe3\x9d\x43\xc3\x7a\xdc\x05\x2e\x2d\xd8\xf9\x53\x01\
\xf2\x4f\x1f\xf0\xc8\x87\xb8\x23\xfc\x2b\xe6\xb9\x95\xec\x8f\xe8\
\x4e\x0f\xce\xa3\x98\x61\x16\x16\xab\xfd\xe5\x35\x6f\x55\xd1\x9c\
\x19\x1b\x4e\x0f\xe9\x49\x4f\x70\x43\x74\xed\x4c\xab\x3f\x42\x0a\
\x28\xa2\x80\x0a\x28\xa2\x80\x0a\x28\xa2\x80\x0a\x28\xa2\x80\x0a\
\x28\xa2\x80\x14\x75\xae\xc7\xe1\x5f\xc3\xcd\x47\xe2\xaf\x8f\x74\
\x7f\x0c\xe9\x51\x19\x2e\xef\xa7\x08\x5b\x1c\x46\x9f\xc4\xed\xec\
\xa0\x12\x7e\x95\xca\x5b\x40\xf3\xc8\x11\x14\xb3\x92\x00\x55\x19\
\x39\xcf\x03\xf9\x57\xe9\x6f\xec\x6f\xfb\x31\x6a\x5f\x0a\xfc\x19\
\xff\x00\x09\x75\xe2\x8b\x6f\x17\x6a\x71\x65\x2d\xe6\x5c\xfd\x9e\
\xd8\xe0\x84\x39\xe8\xed\x8c\x9f\x41\x81\xeb\x5a\x53\xa7\xed\x66\
\xa1\x7b\x5c\xf9\xcc\xfb\x38\xa7\x93\xe0\xe5\x5a\x4f\xdf\x7a\x45\
\x79\x9e\xfb\xe1\x5b\x5d\x13\xe1\xae\x83\xa4\xf8\x56\xdd\x5a\xca\
\xcf\x4f\xb6\x5b\x7b\x76\x91\x70\xb2\x01\xd5\xf3\xea\xc4\x92\x7d\
\xc9\xad\x45\x9a\x3b\x84\x2f\x13\xac\xab\x83\xf3\x29\xcd\x72\xfa\
\x87\x89\x62\xd5\x60\x93\x4f\xd7\x2c\x5a\xda\x65\x3c\x49\x10\xc9\
\x46\xec\x71\xe9\x5c\x54\x73\xdd\x69\x93\x30\xb6\xb8\x60\xbd\x99\
\x0f\xca\x7d\x0e\x2b\xf4\xac\x16\x4e\xab\x53\xd1\xda\x4b\xee\x7e\
\x87\xf2\xa5\x48\x4f\x11\x39\x55\xa8\xfd\xe9\x3b\x9e\x9b\x27\x11\
\xb7\x4e\x86\xb2\xa6\x23\xc9\x71\x9e\xc6\xb9\xab\x3f\x1b\xde\xc5\
\x1e\xcb\x98\x84\xe3\x04\x16\x1c\x35\x5d\x83\xc4\x56\x77\xb1\x91\
\xbc\xc2\xc4\x74\x93\x8a\xf4\x56\x5d\x89\xc3\xbb\xb8\xdd\x77\x31\
\x74\x9c\x77\x22\xd4\xe1\xf3\xf4\xeb\x84\x28\x1f\x72\x91\x83\x5e\
\x61\xe2\x6f\x07\xc8\x6c\xe7\x96\xd1\x0f\x4c\x98\xcf\xd7\xb5\x7a\
\x9c\xd2\x07\xb7\x90\xab\x06\xc8\xe0\x83\x9a\xc5\xd4\x94\xb5\x84\
\xc0\x0e\x48\xc5\x7d\x3e\x0e\xb5\x5a\x4e\xf1\x6f\xd0\xe9\xa1\x56\
\x54\xe4\x8f\x9f\xb5\x2b\x1b\x88\xad\xa4\x57\x89\x95\x86\x38\x23\
\xa7\x35\xcc\x6a\xd6\xf2\xad\x83\xe5\x08\x00\x8e\x7f\x1a\xf6\xef\
\x13\x69\x06\xef\x4b\x9c\x94\xd9\x20\x03\x0d\xdf\xa8\xaf\x29\xf1\
\x0d\x9c\xb0\x58\xcc\x8e\x84\x10\x57\xf1\xe7\xad\x7a\x98\xaa\xb1\
\xc4\x51\x72\xb5\x9d\x8f\xb5\xcb\xf1\x2e\x4d\x7a\x9e\x6b\xe2\x08\
\xdf\xfb\x39\xbe\x53\xf7\x96\xb8\x8d\x7d\x58\x59\x2e\x41\xfb\xe2\
\xbd\x0f\xc4\x71\xb0\xd3\x1b\x70\xc7\xcc\xb5\xc1\x78\x84\xe6\xc9\
\x7d\xdc\x0a\xfc\x47\x38\x6b\xda\xbb\x1f\xae\xe5\x13\xe6\xa6\x8f\
\xae\xff\x00\xe0\x95\x5e\x09\x3a\x9f\xc5\x4f\x16\x78\xaa\x48\xb3\
\x16\x8f\xa5\x2d\x9c\x2e\x46\x47\x9b\x70\xe0\x90\x3d\xf6\x44\x4f\
\xd1\x8d\x7e\x9a\xb9\xdd\x5f\x2a\xff\x00\xc1\x36\x7e\x1f\x1f\x07\
\x7e\xce\x51\xeb\x13\x46\x52\xef\xc4\xd7\xf2\xea\x04\x91\x82\x60\
\x4c\x45\x0f\xe1\x85\x72\x3f\xde\xaf\xa9\xdd\xab\xe6\x22\xb4\x3e\
\x99\xb2\x29\x0e\x2a\xbc\x8d\xcd\x4a\xed\x9e\xb5\x56\x46\xc5\x59\
\x9b\x64\x6e\xd9\x6f\x5a\xad\x23\x54\xae\x7b\xf4\xaa\xd2\xb5\x06\
\x64\x72\x36\x07\xad\x52\x99\xaa\x79\x1e\xa9\xcc\xf5\x40\x57\x91\
\xbd\x2a\xb4\xcd\x53\xbb\x05\x15\x55\xdf\x9c\xd3\x07\xa1\x5e\x76\
\xe3\x15\x59\xcf\x15\x34\xad\x93\x55\x9c\xe3\x34\x10\xc8\x2e\x1b\
\x9c\x55\x09\xd8\x96\x35\x6a\x46\xe0\x93\x54\x26\x7c\x21\x27\xad\
\x34\x49\x9b\xa8\xc9\xc3\x73\x5c\xc5\xfc\x99\xcd\x6d\xea\x13\xe4\
\x91\x5c\xd6\xa3\x2f\x0d\xcd\x32\x59\x87\xa9\x49\x8c\xd6\x04\xd8\
\x77\x6c\x8c\x83\x5a\x9a\x94\xd9\xcd\x64\x9e\x68\x29\x1c\xce\xa1\
\x68\x6c\xee\x59\x07\xdd\x3c\xaf\xd0\xf6\xaa\xb5\xd0\x6b\x76\xfe\
\x6d\xb0\x94\x7d\xe8\xce\x7f\x0a\xe7\xe8\x2c\x2b\xaa\xf0\x37\x89\
\x7f\xb2\xee\x7e\xc5\x70\xff\x00\xe8\xb3\x30\xc1\x3f\xc0\xfe\xbf\
\x43\x5c\xad\x18\xcd\x02\x6a\xe7\xba\xe7\x80\x7a\x7a\xd7\x0d\xe3\
\xbf\x85\x76\x1e\x2d\xdd\x77\x6c\x45\x86\xac\xbc\x89\xd3\x80\xe7\
\xfd\xac\x7f\x3a\xd0\xf0\x2f\x88\xbf\xb5\x6c\xfe\xc7\x3b\x66\xea\
\x01\xc1\x27\xef\xa7\xaf\xd4\x57\x53\x45\x88\x4d\xc5\x9e\x4b\xa3\
\x7c\x5c\xd7\xfc\x04\x22\xd0\x3c\x73\xa0\x5a\x78\xab\x44\x8c\x04\
\x58\xb5\x08\xc3\x48\xa9\xff\x00\x4c\xa6\xeb\xf4\x06\xbd\x33\xc3\
\xbf\x0d\x3e\x08\xfc\x68\x45\x3a\x06\xa7\x75\xe1\x5d\x59\xfa\xe9\
\xd7\x12\x0e\x1b\xd1\x43\x70\x46\x7b\x83\x4f\xd5\x74\x8b\x1d\x6e\
\xdf\xec\xf7\xf6\xb1\xdd\x43\x90\x76\x38\xfe\x47\xb5\x62\xf8\x97\
\xf6\x49\xbc\xd4\x34\xa8\xbc\x45\xe0\x0b\xbf\xb7\x5b\x32\x92\xda\
\x6c\xef\xb6\x78\x1c\x63\x2a\xad\xdf\x1f\x9f\x4a\x93\x75\x2e\x63\
\x7b\x50\xfd\x8a\x3c\x4f\xa3\xc8\x64\xf0\xff\x00\x8a\xa0\x95\x73\
\x95\x0e\xcf\x0b\x74\xe3\x91\xc5\x51\x5f\x84\x7f\x1d\x7c\x28\x73\
\x67\x7b\x7b\x34\x6a\x70\x1a\xde\xfc\x3f\x4f\x63\xcd\x72\x1e\x12\
\xf8\xff\x00\xf1\x23\xe1\x1d\xe8\xd3\x35\x17\x9e\x78\xa1\x6d\xad\
\x61\xab\xa1\x24\x7f\xba\xc7\x91\xfa\xd7\xbe\xf8\x1b\xf6\xcc\xf0\
\xc6\xb4\xa9\x16\xbd\x65\x36\x85\x72\x48\x06\x55\xfd\xe4\x39\xf5\
\xc8\xe4\x7e\x34\xac\xd1\x7a\x1e\x79\x0e\xb1\xfb\x40\xe8\xe3\x98\
\x75\x67\x51\xc6\x5a\x15\x90\x55\x98\xbc\x6b\xf1\xe5\x88\x1f\x67\
\xd4\xb7\x13\x8f\xf8\xf3\x5a\xfa\x9b\xc3\xfe\x3b\xf0\xff\x00\x89\
\xe2\x59\x74\xad\x66\xd2\xed\x58\x67\x11\xcc\x03\x7e\x5e\xb5\xb7\
\xf3\x7b\xfb\x7a\x52\x29\x46\xfd\x4f\x92\x12\x1f\x8e\xba\xd9\xdb\
\x28\xd4\xe0\x04\xf7\xdb\x15\x5c\xb6\xf8\x03\xf1\x1f\xc4\x87\x76\
\xb1\xaa\x79\x0a\xdf\x7b\xed\x17\x6c\xe7\xf2\x1c\x57\xd5\x65\xb8\
\x20\xf7\xa5\x03\x18\xe3\xfa\x53\xb8\x72\x2e\xe7\x84\xf8\x6f\xf6\
\x56\xd3\x2c\x99\x5f\x57\xd5\x66\xbd\x61\x82\xd1\xdb\xaf\x96\xa7\
\xdb\x3d\x6b\xd6\x7c\x39\xe0\x5d\x0b\xc2\x51\xaa\x69\x7a\x6c\x16\
\xcc\x07\xfa\xc0\xb9\x76\xfa\xb1\xe7\x35\xb5\x34\xd1\xdb\xa1\x69\
\x24\x48\xd4\x7f\x13\xb6\x00\xfc\xeb\x8b\xf1\x3f\xc6\x3f\x0c\xf8\
\x64\x3a\x9b\xe5\xbd\xb9\x1c\x79\x16\xa7\x79\xcf\xb9\xe9\x52\xee\
\xc7\x68\xa4\x76\xd5\xc4\xf8\xd7\xe2\x96\x9b\xe1\x50\xf6\xf6\xee\
\xb7\xda\x89\xc8\x11\xa3\x7c\xa8\x7d\x58\x8a\xf2\x1f\x12\xfc\x6d\
\xd6\xfc\x57\x23\x5a\x69\xe8\x74\xeb\x59\x0e\xd1\x1c\x19\x32\x49\
\x9e\x9c\xff\x00\x85\x74\x7f\x0f\x3e\x0d\x5c\x5f\x48\x9a\x87\x88\
\x03\x45\x09\xc3\x2d\xa1\x3f\xbc\x93\xdd\xcf\x61\x4d\x2b\x6a\xcc\
\xf9\xdc\x9d\x91\x77\xc0\xfe\x1d\xd4\x3c\x7f\xab\x9d\x77\x5b\x66\
\x7b\x24\x6c\xa0\x71\x81\x21\xf4\x51\xd9\x46\x3f\x1a\xf6\x5e\x00\
\x00\x0c\x54\x70\xc0\x96\xd0\xa4\x71\x22\xc7\x1a\x00\xaa\x8a\x30\
\x14\x0f\x4a\x7d\x4b\x95\xcb\x4a\xc1\x45\x14\x54\x94\x14\x51\x45\
\x00\x14\x51\x45\x00\x14\x51\x45\x00\x14\x51\x45\x00\x14\x51\x45\
\x00\x14\x51\x45\x00\x14\x51\x45\x00\x14\x51\x45\x00\x14\x51\x45\
\x00\x14\x51\x45\x00\x14\x51\x45\x00\x14\xbf\x81\xa4\xa4\x79\x44\
\x28\xd2\x11\xc2\x82\x71\xf4\xa6\x33\xe6\xef\x89\x7a\xe1\xd7\x7c\
\x6f\x7e\xc1\xb7\x43\x6a\xdf\x66\x88\x76\x01\x38\x3f\x99\xc9\xac\
\x7b\x62\x38\xac\x96\xb9\x79\xae\xa6\x95\xdb\x73\x3c\x8c\xcc\x7d\
\xc9\x39\xad\x0b\x69\x38\x1c\xd6\xeb\xc8\xe0\x96\xac\xdd\xb5\x61\
\x81\xcf\x7a\xd9\xd3\x6f\x1e\xc6\xea\x29\xe3\x38\x78\xd8\x38\xfc\
\x0e\x45\x73\x96\xd2\x7b\xf4\xad\x28\x26\x04\x01\x9a\x2d\x71\x9e\
\xc3\x6f\xf1\x13\x4f\x96\xdc\x34\xa9\x22\x4d\x8e\x50\x0c\xe7\xe9\
\x5c\x67\x88\x35\xb6\xd6\x75\x09\x2e\x18\x6c\x04\x05\x45\xf4\x51\
\xd3\xf3\xae\x71\x2e\x08\xc7\x3c\x50\xf7\x0c\x47\x5a\x9e\x5b\x14\
\xe4\xd8\xeb\x87\x0c\xc4\xd6\x5d\xcb\x83\x9a\xb1\x34\xa2\xb3\x6e\
\x65\xe0\xf3\xcd\x52\x24\xa3\x72\xd9\x27\x26\xb2\xae\x8f\x5a\xbf\
\x73\x26\x73\x59\x77\x0f\x9c\xf3\x41\x26\x6d\xd1\x38\x35\x36\x8f\
\x3e\x55\xe3\xee\xbc\x8f\xc6\xaa\xdd\xb8\x3d\xea\xad\x95\xd8\xb7\
\xbe\x46\x27\x0a\xc7\x69\xfa\x50\x3b\x1d\x5c\x47\x04\x55\xa8\xce\
\x00\xaa\x31\xb6\x46\x73\x56\xa2\x7e\x31\x4c\x4c\xbd\x13\x64\x91\
\x56\xa2\x6e\x47\xd7\x9a\xa1\x13\x73\x81\x56\xa3\x6e\x9c\xf0\x7b\
\xd0\x3e\x87\x63\xe0\xfe\x97\x2d\xfe\xe8\xfe\x66\xba\xa8\x9b\x02\
\xb9\x5f\x07\x1f\xf4\x69\xcf\xfd\x34\x03\xff\x00\x1d\xae\x99\x1b\
\xe6\xc8\xc5\x43\xdc\xd2\x3b\x17\xe2\x7a\xb7\x1b\x70\x2b\x3e\x27\
\xf7\xab\x91\xbf\x15\x2c\xa2\xec\x67\x35\x62\x36\xe6\xa9\xc4\xf8\
\xa9\xd1\xa9\x0c\xbc\x8f\xda\xac\xa3\x71\x54\x63\x6a\xb3\x1b\x50\
\x5a\x65\xd8\xdf\x9a\x9d\x1b\x1d\x39\xaa\x71\x37\x3c\xd4\xf1\xbd\
\x26\x69\x12\xf2\x35\x58\x8d\xaa\x8a\x31\x06\xac\x24\x80\x77\xa9\
\x35\x47\xc5\xbf\xf0\x52\x5f\x00\x03\xa7\x78\x5b\xc7\x30\xc7\xfe\
\xa1\xce\x93\x7a\xe0\x74\x56\x3b\xe1\x27\xdb\x3b\xd7\xf1\x5a\xf9\
\x92\xde\xea\x3d\xd1\x61\xbb\x8e\xde\xf5\xfa\x81\xf1\x93\xe1\xd5\
\xbf\xc5\xbf\x85\xbe\x21\xf0\x9c\xe0\x6e\xd4\x6d\x4a\xc0\xc7\xfe\
\x59\xce\xbf\x34\x4d\xf8\x32\xaf\xe6\x6b\xf2\xbe\x67\x3a\x5e\xa2\
\xd6\x57\x71\xb4\x37\x56\xd3\x18\x25\x8d\x97\x05\x1d\x5b\x0c\x3f\
\x30\x6b\x4c\x3d\x67\x87\xa9\x7e\xe7\xc0\x71\x0e\x16\xed\x4d\x1e\
\xb3\x6f\x32\x79\xd1\xf3\xfc\x4b\x5d\x72\xb0\xf3\x00\x1d\x73\x5c\
\x15\xad\xe4\x66\xe6\x21\x93\xf7\x87\x6f\x71\x5d\xc4\x32\xa3\x4e\
\x8a\x3a\x92\x07\x35\xfa\x26\x1b\x1b\xcd\x13\xf2\x1c\x4d\x17\x16\
\x6a\x46\x65\x56\x5d\xbd\x6b\x41\x6e\xae\x37\x2e\x14\x02\x0f\x5a\
\xad\x1c\x27\xcc\x53\x8c\x7d\x6a\xdc\x71\x96\x71\x81\xc9\xa2\xb5\
\x48\xbd\x4e\x05\x11\xac\xd3\x4a\xe0\xb3\x16\xc9\xef\x52\x47\x03\
\x96\xc1\x00\x8f\x7a\x99\x2d\xdf\x7a\x8c\x62\xb6\xb4\x9d\x24\xb4\
\xaa\xf3\x8c\xae\x78\x4f\x5a\xf2\xab\xd7\x8d\x34\xcd\x6d\xcb\xaa\
\x20\xd1\xb4\x19\x2f\x65\x46\x94\x6c\x87\x93\xee\x6b\xb4\xb0\xb7\
\x5b\x5c\x22\x28\x55\x03\x8c\x55\x7b\x45\xc4\xab\xfc\x2a\x06\x07\
\xb0\xa6\x5d\xea\xeb\x6a\xfb\x61\x1e\x74\xa7\x80\x07\x4c\xfb\xd7\
\xc9\xe2\x2b\xd4\xc4\xcb\xc8\xc5\xa7\x3d\x0d\xe8\x59\x77\x63\x80\
\x48\xe3\xde\xbc\x93\xf6\x95\xfd\x9b\xb4\x8f\xda\x1f\xc2\x0d\x6d\
\x26\xcb\x2f\x10\xd9\xa9\x6d\x3b\x51\xc7\x28\x4f\x3e\x5b\xfa\xc6\
\xdf\xa1\x39\xaf\x4d\xd1\xed\xe5\x5c\xcf\x72\x77\x5c\x3a\xfe\x0b\
\xcf\x6a\xd4\xf3\xd2\xd9\x5e\x49\x18\x2a\x01\xc9\x35\xe1\xcd\xb5\
\x2e\x58\x9d\x58\x3c\x45\x6c\x0d\x78\xd7\xa0\xed\x28\x9f\x86\x3f\
\x10\xbe\x1d\xeb\x9f\x0c\x3c\x51\x79\xa1\x78\x8b\x4f\x96\xc3\x51\
\xb5\x62\xad\x1c\x83\x86\x1d\x99\x4f\xf1\x03\xea\x2b\x95\x23\x15\
\xfb\x45\xf1\x6f\xe0\x4f\x86\xff\x00\x69\x0d\x26\xe2\xcf\x5e\xb5\
\x16\xcf\x6e\xbb\x6c\xb5\x18\x14\x79\xf0\xb9\xef\x9f\xe2\x5f\xf6\
\x4f\x15\xf9\x9f\xf1\xf7\xf6\x4d\xf1\xb7\xc0\x9b\xf9\x64\xbd\xb2\
\x7d\x4b\x42\x24\xf9\x3a\xb5\xa2\x96\x89\x87\xfb\x5d\xd4\xfb\x1a\
\xe9\x8d\x48\xdf\x96\x4f\x53\xfa\x0f\x25\xe2\x2c\x3e\x67\x05\x0a\
\x8f\x96\xaf\x6e\xfe\x87\x86\x51\x4e\x28\xc3\xa8\xa4\xfa\xd6\xe7\
\xd7\x09\x45\x2e\xd3\xef\x49\x40\x05\x14\xb8\xa0\x8c\x50\x02\x51\
\x4a\x32\x4f\x19\xcd\x01\x49\x3c\x0e\x68\x01\x2a\x78\x60\x69\x5c\
\x2a\xa9\x76\x62\x00\x51\xd4\xfa\x62\xb7\xfc\x13\xf0\xfb\x5f\xf8\
\x89\xac\x43\xa5\x78\x7b\x4a\xb8\xd5\x2f\xa4\x60\x04\x70\x21\x3b\
\x7d\xd8\xf4\x03\xdc\xfa\x57\xe8\xcf\xec\xdb\xfb\x0a\xe9\x7f\x0a\
\x44\x1e\x29\xf1\xac\x71\x6b\xbe\x21\x87\x12\x25\x8a\xe1\xe0\xb4\
\xf5\x3f\xf4\xd1\x87\xe4\x31\x51\x29\x25\xa2\x3e\x7f\x36\xce\xf0\
\x99\x45\x37\x3a\xf2\xf7\xba\x45\x6e\xce\x0f\xf6\x29\xfd\x8c\x24\
\xb7\x9e\xcb\xc7\xbe\x3a\xb1\xd9\xb7\x12\xe9\x9a\x44\xeb\xce\x7b\
\x4b\x2a\x9e\xdd\xc2\x9f\xa9\xaf\xba\xd9\xf0\xc4\xe7\x39\x35\x3c\
\x53\x47\x32\x2b\xc6\xe1\xe3\x6f\x98\x11\xd0\xe6\xb2\xd3\x50\x86\
\x5b\xb9\x20\x27\x64\xe8\x49\x28\xdd\xc7\xad\x69\x4a\x12\x93\x67\
\xf3\x5e\x75\x9a\xe2\x33\xac\x43\xab\x5f\x65\xb2\xe8\x91\x85\xe2\
\x2f\x0f\x5b\x6b\xd1\x12\x71\x15\xc8\xfb\x92\x81\xfc\xfd\x45\x79\
\x7e\xa1\xa4\xdc\xe9\xb3\xb4\x53\xc7\xb5\xb9\xc1\xec\xc3\xd6\xbd\
\x91\xbb\xfd\x4e\x2b\x1b\x52\xb1\xb6\xd4\xed\x9a\x19\xd3\x23\x07\
\x0d\xdd\x6b\xed\xf2\xac\xce\xa6\x16\xd0\x96\xb1\x3c\x4a\x73\x70\
\xd0\xf1\xf3\x03\x85\x24\x8e\x31\xeb\x55\x1d\x1b\x69\xe3\x3c\x1a\
\xe8\xb5\x4d\x1e\x5d\x39\x98\x30\xdf\x19\x07\x6c\x83\xb8\xff\x00\
\x1a\xc5\x78\x98\x2b\x74\xe9\x5f\xaa\xe1\x71\x31\xab\x1e\x64\xee\
\x8e\xc4\xee\xae\x51\x59\xe7\x8d\x08\x8d\xd9\x46\x3a\x06\xa4\x97\
\x54\xbc\x48\x1b\x2f\x91\x8c\xf3\x53\x3c\x67\x6b\x7d\x2a\xa5\xca\
\x95\x89\xc9\xe0\x60\x57\xd0\x52\x54\xe5\xab\x48\x56\x4d\x99\xda\
\xc6\xad\x33\x69\xb3\x86\x88\x1c\x81\xd0\xfb\xd7\x01\xe2\x99\x12\
\x7d\x1e\x52\xc8\x51\xc1\x5f\x9b\x3e\xf5\xda\xeb\x0c\x06\x9f\x37\
\xd3\xfa\x8a\xe1\x3c\x50\xea\x74\x69\xbb\x72\x3f\x9d\x79\xf9\xa2\
\xa5\x0a\x52\x92\x7a\xd9\x9e\xee\x5e\xad\x35\x6e\xe7\x9a\x78\xa4\
\x81\xa4\x31\xe8\x4c\x8b\x5c\x7d\x9f\x85\xef\x7c\x71\xae\x68\xbe\
\x1d\xd3\x50\xc9\xa8\x6a\xd7\xf0\xd9\x40\xaa\x3f\x8e\x46\xda\x0f\
\xe1\x9c\xfe\x15\xd4\xf8\xb6\x74\x5d\x19\x89\xfe\xfa\xd7\xd0\xff\
\x00\xf0\x4e\x4f\x85\x2b\xe2\xef\x89\xb7\xbe\x37\xbc\x84\xb6\x9f\
\xe1\xa8\xf6\x5b\x33\x8f\x95\xaf\x25\x56\x55\xc7\xba\xa1\x63\xf5\
\x65\xf5\xaf\xc0\x73\x4a\xdc\xf5\xec\x8f\xdb\x32\x78\xb5\x45\x33\
\xf4\x4f\xc2\x7e\x18\xb3\xf0\x47\x85\x74\x6f\x0f\x69\xe8\x12\xcb\
\x4a\xb3\x86\xca\x10\x07\xf0\x46\xa1\x73\xf8\xf2\x7f\x1a\xd0\x91\
\xb1\x4f\x72\x31\x83\x50\x3b\x0c\xd7\x8e\x8f\xa6\x64\x72\x3f\x15\
\x56\x46\xc9\xa9\x64\x7a\xac\xed\xce\x69\x99\xb7\xa8\xd9\x1b\x8c\
\x55\x59\x5b\x83\x52\xca\xc4\x74\xaa\x92\x35\x32\x48\x66\x72\x2a\
\xa4\x8d\x9a\x9a\x56\xaa\xb2\x1f\x7a\xa0\x21\x99\xb0\x2a\xb4\xad\
\xf2\xd4\xb2\xb6\x73\xe9\x55\x66\x7c\x9c\x0e\xd4\x12\xc8\x1c\xf7\
\xaa\xf3\x3e\x2a\x57\x38\x15\x56\x56\xf9\x88\xed\x41\x0f\x72\xbc\
\xed\x85\xc7\xe3\x59\xb7\xb2\xed\x5c\x55\xd9\x9f\x24\x9f\x4e\x95\
\x8b\xa8\xcd\x9d\xdd\x79\x34\xd0\x19\x17\xf3\x7d\xe3\x9e\x6b\x9b\
\xd4\x66\xeb\x5a\xfa\x84\xc0\xe7\x1e\x95\xcd\xea\x33\x64\x9e\x69\
\x81\x8f\x7b\x26\xe6\xc5\x54\xa7\xcc\xdb\x9c\xd3\x28\x01\xb3\x27\
\x9b\x13\xa1\xe8\xca\x47\xe9\x5c\x89\x18\x38\xf4\xae\xbd\xb9\x53\
\xcf\xbd\x72\x0d\xc9\x27\xdc\xd0\x58\x51\x45\x14\x01\x63\x4e\xbf\
\x97\x4c\xbe\x86\xe6\x03\x89\x23\x6f\xcf\xd4\x1f\x63\xd2\xbd\x97\
\x4b\xd4\x61\xd5\x6c\x22\xba\x84\xfc\x92\x28\xe3\xba\x9e\xe3\xf0\
\x3c\x57\x89\x57\x5d\xf0\xff\x00\x5d\xfb\x1d\xeb\x58\x4c\xe4\x43\
\x70\x77\x26\x7a\x07\xff\x00\xeb\xd0\x4c\x91\xe9\x1d\x7f\x2a\xf4\
\x2f\x83\xbe\x2f\xfe\xc2\xd7\x4e\x9d\x70\xfb\x6c\xaf\x88\x19\x27\
\x84\x97\xa2\x9f\xc4\x70\x7f\x0a\xf3\xdc\xd2\xab\x94\x2a\x41\xda\
\xc3\x90\xc3\xa8\xff\x00\x3f\xd2\x86\x89\x8c\xb9\x59\xf5\x0f\x8a\
\xfc\x09\xa0\x78\xde\xcd\xad\xb5\xcd\x26\xdb\x52\x8d\x86\x01\x95\
\x32\xe3\xe8\xc3\x90\x6b\xc2\x3c\x61\xfb\x14\x68\x97\xce\xf3\xf8\
\x6f\x54\x9f\x4b\x73\xd2\xda\xe4\x79\xb1\xe7\xd0\x1e\xa2\xbd\xb7\
\xe1\xcf\x8a\x47\x8b\x3c\x33\x05\xc4\x84\x1b\xb8\x7f\x75\x70\xa3\
\xfb\xc0\x70\xdf\x88\xc1\xfc\xeb\xa8\xcd\x65\x7b\x1d\xaa\xcd\x5c\
\xf8\x47\x57\xfd\x98\x7e\x22\x78\x52\x56\x96\xd6\xcc\x5f\xaa\x93\
\x89\x74\xf9\xbe\x63\xef\x8e\x0d\x55\xb7\xd7\x7e\x29\x78\x41\x9a\
\x23\x36\xbf\x66\x17\xaa\x48\x1d\x87\xe6\x41\xaf\xbd\xe9\x58\x07\
\x5d\xac\xa0\x83\xd9\x86\x69\xf3\x12\xe1\x77\x73\xe2\x0b\x3f\x8f\
\x1f\x12\x2d\x72\xa7\x53\xb9\x24\x0c\x7e\xf2\xd7\x27\xf5\x15\x68\
\xfc\x65\xf8\x8b\xa9\x92\xa3\x52\xbc\x24\x9e\x90\xc1\x83\x93\xf4\
\x15\xf6\x63\x69\xd6\x8c\x72\x6d\x6d\xc9\xf5\x31\x2f\xf8\x53\x92\
\xca\xda\x36\xca\x5b\xc2\x87\xfd\x98\xd4\x7f\x4a\x2e\x83\x95\xf5\
\x67\xc6\xf6\xda\x27\xc4\x1f\x1a\xc9\xfb\xc8\x35\x6b\xc5\x6e\x09\
\x9c\xb2\xa7\xeb\x8a\xef\x3c\x2b\xfb\x35\xeb\x37\x6e\x92\x6b\x37\
\x71\x69\xd1\x1e\x5a\x38\xfe\x77\xff\x00\x0a\xfa\x4e\x92\x97\x30\
\xb9\x11\xcb\x78\x4b\xe1\xae\x83\xe0\xd4\x53\x63\x66\x1a\xe7\x18\
\x37\x33\xfc\xce\x7f\xc2\xba\xaa\x4a\x2a\x6f\x73\x4b\x2e\x81\x45\
\x14\x52\x00\xa2\x8a\x28\x00\xa2\x8a\x28\x00\xa2\x8a\x28\x00\xa2\
\x8a\x28\x00\xa2\x8a\x28\x00\xa2\x8a\x28\x00\xa2\x8a\x28\x00\xa2\
\x8a\x28\x00\xa2\x8a\x28\x00\xa2\x8a\x28\x00\xa2\x8a\x28\x00\xa2\
\x8a\x28\x00\xa3\xa8\xc7\x6a\x28\xaa\x41\xb9\xf3\xd7\xc4\x5f\x85\
\x37\xde\x1b\xbd\x9b\x50\xd3\xe1\x6b\xad\x22\x46\x2e\x3c\xb1\xb9\
\xa0\xcf\x25\x48\xf4\xce\x79\xae\x22\xde\x62\x38\x3e\xb8\xc7\xa1\
\xaf\xaf\xd1\xcc\x67\x1f\x78\x63\x04\x11\xd4\x57\x2f\xe2\x1f\x85\
\x3e\x1b\xf1\x31\x69\x45\xb7\xd8\xae\x88\x3f\xbd\xb6\xf9\x7f\x31\
\xd0\xd5\x29\x59\x98\xca\x95\xf5\x47\xcf\x30\xcf\x8c\x60\xd5\xf8\
\xae\x80\x20\x13\x5d\xb6\xaf\xf0\x17\x55\xb1\x0c\xfa\x75\xd4\x57\
\xd1\xe4\xed\x47\xf9\x1c\x7b\x7a\x1a\xe3\x35\x4f\x0b\x6b\x3a\x2b\
\x11\x7b\xa7\x5c\x42\x47\xf1\x6c\x24\x1f\xc4\x56\x97\x4c\xc9\xc5\
\xa6\x4a\xb7\x58\x1d\x68\x37\x47\x1d\x6b\x1f\xed\x25\x09\x52\x70\
\x73\x8c\x1e\x31\x41\xba\xe3\x93\x4e\xc4\xec\x68\x4b\x76\x39\xe6\
\xa8\x4d\x3e\x41\x27\xad\x42\xf7\x18\x07\x35\x52\x59\xf3\x9e\x68\
\x25\x3b\x8e\x9e\x5e\xb5\x97\x71\x27\x5a\x96\x79\xeb\x3a\x79\xc1\
\xcd\x20\xb1\x5e\xe2\x4c\xe6\xb2\xae\x1f\x2d\xc1\xab\x57\x33\x60\
\xf5\xaa\x04\xee\x34\xca\x3b\x1d\x1e\xec\x5d\xd9\xa3\x93\xf3\x63\
\x0c\x3d\xc7\xff\x00\x5a\xb4\xe2\x62\x2b\x90\xf0\xed\xe7\x93\x72\
\x62\x73\xf2\x48\x38\xfa\xd7\x59\x19\xc0\x1c\xe6\x82\x59\x71\x5f\
\x18\x22\xad\xc4\xd9\x00\x7e\x15\x41\x1b\x8f\x6a\xb3\x1b\x60\x8a\
\x04\x76\xde\x0f\x6f\xf4\x3b\x83\x9e\x04\x83\xff\x00\x41\xae\x96\
\x36\x1d\x6b\x93\xf0\x74\x80\xc3\x70\xbe\xac\x0f\xe9\x8f\xe9\x5d\
\x44\x6c\x73\x83\x52\xcd\xa2\x5d\x8d\xaa\xec\x4f\xc0\xac\xe8\xda\
\xad\x44\xf8\xc5\x22\x8d\x08\x9a\xad\x46\xd5\x42\x37\x15\x66\x37\
\xa9\xb0\x17\x23\x6c\x1a\xb4\x8f\x54\x51\xc9\x15\x3c\x6f\xcf\x4a\
\x45\x2d\xcb\xe8\xfc\xd4\xe8\xd8\xaa\x51\xb7\x35\x62\x37\xcd\x06\
\x89\x97\x11\xc7\xad\x4c\x8d\xcf\xbd\x53\x57\xc5\x58\x8d\xcf\x14\
\x9a\x34\xb9\x75\x1f\x15\xf9\xed\xfb\x75\xfc\x33\x8f\xc0\xbf\x12\
\x2d\x3c\x59\x67\x6e\xc9\xa5\x78\x89\xc3\x4b\xb1\x7e\x58\xee\xd7\
\x1b\xc7\xb6\xf5\xf9\xbe\xa1\xab\xf4\x05\x5c\xf6\xae\x2f\xe3\x67\
\xc2\xdb\x3f\x8c\xdf\x0e\x35\x3f\x0d\x5d\x6c\x49\xe4\x0b\x3d\x9c\
\xec\x3f\xd5\x5c\x21\xcc\x6d\xf4\xcf\x07\xd8\x9a\xe6\xad\x17\x25\
\xa7\x43\x8b\x19\x41\x62\x28\xca\x2f\x7e\x87\xe7\x6d\xae\xa3\x10\
\xbb\x87\x86\xc9\x70\x0f\x1e\xe2\xbd\x1a\xd6\xe9\x1a\xea\x2e\xbc\
\xb8\xed\xef\x5e\x3f\x79\x34\x9a\x0f\x88\x65\xd3\x35\x0b\x69\x6d\
\xaf\xad\x6e\x7c\x89\xe1\x71\x82\x8e\xae\x03\x0f\xcf\xfa\x57\xa3\
\xd8\xea\x91\x9b\xeb\x71\xb5\xb9\x90\x7f\x3a\xf4\x30\x58\xfb\x5d\
\x49\x9f\x89\xe3\xb0\x92\x8c\xb5\x47\xa3\x21\x0c\xe8\x3a\xe4\xe2\
\xaf\xc1\x6c\xfe\x72\xf4\x3c\xd6\x3d\xa5\xea\x3d\xd4\x2a\x14\x8c\
\xb5\x74\x16\x84\x19\xd3\xdc\xd7\xbd\x2c\x45\xd3\xb3\x3e\x65\xc1\
\xc4\xd1\xb0\xb4\xdb\x2a\x96\x00\xb5\x6a\x2c\x82\xdd\xc3\x39\x1e\
\xbc\x56\x7a\xc8\xc9\x26\x57\x19\xf5\x34\xa2\x37\x96\x40\x59\x81\
\x27\xde\xbc\xaa\xb2\x72\x77\x6c\x4a\x2d\x93\x4f\x7b\x2d\xcb\x85\
\x43\xb1\x33\xdb\xa9\xad\x2d\x0f\x49\x26\x51\x71\x28\x1c\x7d\xd5\
\x3f\xce\xaa\x69\xd6\x26\x5b\xa0\x1f\x1b\x40\xdc\x7d\xc7\xa5\x74\
\x3f\x68\x5b\x50\x77\x76\x18\x55\x15\xe5\xd7\xa9\xca\xb9\x20\x6a\
\xe1\x65\x64\x59\x69\x56\xd5\x19\xe5\x21\x40\x1f\x99\xac\x0b\xdb\
\xa9\xf5\x09\x72\xdc\x46\x39\x54\xcf\x41\xeb\x4e\xb8\x33\x5d\xcc\
\x59\xd8\x63\x1c\x2f\x6a\x97\x4e\xb1\x69\xaf\x62\x42\x46\xd2\x72\
\xdf\x41\x5c\x2b\x96\x9c\x79\x9b\xd4\xd2\x34\x92\x57\x3a\x4d\x0a\
\xcc\xd9\xd8\xc6\x84\x61\x8a\xee\x6f\xa9\xab\x57\x7a\x7d\xbe\xa9\
\x67\x35\xb5\xe4\x11\x5d\x5a\xcc\xbb\x64\x82\x64\x0c\x8e\x3a\x60\
\x83\xda\xa4\x88\x60\x9a\x65\xed\xd7\xd8\xed\x99\xf8\x32\x74\x5c\
\xfa\xd7\x89\x29\xba\x93\xe6\xee\x10\x8b\x52\xe6\x8e\x8f\xb9\xf2\
\x67\xc6\x2f\xf8\x27\xaf\x81\x7e\x21\xea\x97\x13\x78\x5a\x47\xf0\
\x9e\xa4\x50\xbc\x8b\x0a\xef\xb5\x2d\xd8\x6d\xea\xbe\xa7\x15\xf2\
\x0f\xc4\x5f\xd8\x0b\xe2\xc7\x81\x64\x67\xb6\xd2\x17\xc4\x56\x40\
\x9c\x5c\x69\x6f\xbc\xe3\x27\xaa\xf5\x1e\xb5\xfa\xd1\xe1\xcb\x77\
\x5b\x79\x67\x90\xe6\x49\x5b\x76\x7d\x87\x1f\xe3\x5a\xfb\x79\xcf\
\x7a\xdf\xeb\x93\xa4\xf9\x77\x3e\xcf\x05\xc4\xf8\xfc\x1a\x50\x93\
\xe7\x8a\xef\xbf\xde\x7e\x04\x6b\x5e\x09\xd7\xbc\x37\x33\x43\xa9\
\xe8\xf7\xb6\x32\x2b\x10\x45\xc4\x0c\x9c\x8e\xbd\x45\x63\x18\x5d\
\x4f\x2a\x7d\xfd\x6b\xfa\x04\xd4\x34\x1d\x3b\x59\x50\xb7\xfa\x75\
\xad\xf2\x81\x81\xf6\x98\x12\x41\x8f\xc4\x1c\x57\x1f\x7d\xf0\x13\
\xe1\xcd\xec\x86\x5b\x8f\x05\xe8\xb2\x3b\x11\x92\x6d\x14\x67\x9f\
\x6a\xe8\x8e\x61\x17\xf1\x23\xea\x29\xf1\xb5\x36\xbf\x79\x45\xfc\
\x99\xf8\x54\x63\x6e\xb8\x22\xac\xda\xe9\x77\x77\xf2\x2c\x76\xd6\
\xd3\x4e\xe4\xf0\xb1\xa1\x62\x7d\x80\x15\xfb\x8a\x9f\xb3\xcf\xc3\
\x48\x9c\x30\xf0\x3e\x88\x31\x9e\x7e\xca\x0f\x7a\x7f\x81\x7c\x11\
\xe1\xbd\x19\xaf\x22\xb1\xd0\x34\xcb\x4c\x38\x91\x4c\x56\xa8\x08\
\xe4\x8e\x0e\x33\xe9\x5b\xac\x5c\x5c\x5c\x92\xd8\xb9\xf1\xb5\x04\
\xbd\xca\x4d\xfc\xcf\xc8\x7f\x02\xfe\xcb\x5f\x13\xfe\x21\xce\x9f\
\xd9\x1e\x12\xbf\x10\xb1\xc7\xda\x2e\x63\x30\xc6\x3f\x16\xaf\xab\
\x3e\x12\xff\x00\xc1\x30\xca\xc9\x15\xef\x8f\xf5\xd5\x0b\x90\x4e\
\x9b\xa5\xf2\x4f\xfb\x2d\x21\xfe\x95\xfa\x08\x46\x06\x07\x03\xd0\
\x74\xa4\x23\x2c\x71\x5c\xcf\x17\x39\xec\xac\x7c\xae\x3f\x8c\xb1\
\xd5\xd3\x8d\x04\xa0\xbc\xb5\x67\x1b\xe0\x1f\x85\x1e\x13\xf8\x5b\
\xa3\x1d\x2f\xc3\x1a\x2d\xb6\x93\x6e\xcb\xb6\x46\x89\x7f\x7b\x21\
\xc6\x32\xcf\xd4\x9a\xd4\xd3\x75\x33\x24\xb3\xd9\xce\x7f\xd2\x6d\
\xdb\x69\xff\x00\x6d\x3b\x30\xfa\x8e\xb5\xae\xce\x32\x7b\x8a\xe5\
\x3c\x4f\x14\x96\x97\x90\x6a\x36\xdc\x3a\x36\xc7\xf7\x1d\x46\x7f\
\x0e\x2b\xab\x0e\xbd\xab\xe5\x96\xe7\xe7\x75\xaa\x54\xc4\xcd\xce\
\xab\x6e\x4f\xb9\x4a\x7b\x99\x3c\x2f\xaa\xb2\xe0\xb6\x9b\x70\xc5\
\x82\x8f\xf9\x66\x7b\x81\xfc\xe9\x35\xed\x3b\xfb\x56\xcd\x2e\xac\
\xdb\x17\x31\xe5\xa3\x74\x3c\xb0\xf4\xad\x2b\x85\x87\xc4\x7a\x4b\
\x05\x38\x2d\xca\xe7\xaa\x3f\x6a\xe4\xb4\x9d\x4e\x6d\x16\xe1\xe0\
\x9f\x98\x37\x10\xcb\xdd\x4f\xa8\xaf\xa3\xa0\x9c\xfd\xf8\xab\x4e\
\x3b\xf9\x9c\xdc\x97\xd5\x6e\x87\x68\xfe\x28\xdf\xfb\x9b\xef\x95\
\xc7\x02\x5f\x53\xe8\x7d\xeb\x40\xb0\x64\x24\x1c\x8d\xbd\xba\x1a\
\xc3\xf1\x0e\x9a\xa2\x41\x79\x06\x1a\x19\x7a\xe3\xb1\xf5\xac\xdd\
\x37\x53\xb8\xb0\xf9\x49\xf3\x21\x20\xe5\x4f\x6f\xa5\x7b\xf1\xc3\
\xc6\xa4\x7d\xa5\x3d\x1f\x62\x65\x4d\x49\x5d\x1a\xd7\x11\xa4\xf0\
\x34\x72\x20\x64\x20\xe7\x75\x71\x5a\xb6\x8c\xf6\x60\xba\x7c\xf0\
\xe3\x3e\xeb\x5d\x7c\x57\xf0\xdc\xc6\x7c\xb9\x06\x70\x4e\xd3\xc1\
\xaa\x73\x38\x6b\x77\x04\x64\x10\x7a\xd7\xb9\x81\xc4\x54\xc3\x4a\
\xdd\x0c\x93\x71\xd0\xf3\xe7\x8c\xac\x6c\x4f\x6a\xa1\x7c\xe1\x6d\
\x64\x27\x9c\x01\x5d\x26\xad\x60\x23\x82\x59\x62\xe8\x17\x71\x53\
\xfd\x2b\x93\xd5\x2e\x02\x58\xcc\xc4\x1c\x63\x91\xf8\xd7\xdf\x51\
\xc6\xc7\xd9\xb9\x27\xa9\xd3\x4e\x3c\xcd\x59\x18\x7a\xd5\xd2\x0d\
\x32\x72\x73\xc0\x1f\xce\xbc\xfb\xc5\x37\xf1\x7f\x62\xcd\xc3\x75\
\x5e\xdf\xed\x57\x57\xae\xea\x51\x8d\x26\x73\x86\xc6\x07\xf3\xaf\
\x37\xf1\x5e\xaf\x10\xd0\xe7\x25\x5c\x80\xcb\xc6\x3d\xeb\xe4\x73\
\x9c\xd9\xf2\x38\xf3\x2d\x8f\xb2\xca\xf0\xce\x53\x4d\xae\xa7\x1b\
\xe2\x47\x6b\xfd\x3e\x3b\x6b\x68\x64\x9e\xe2\x69\xe3\x8a\x28\x91\
\x72\xce\xc5\xb0\xaa\x3d\xc9\x20\x7e\x35\xfa\xcf\xfb\x34\xfc\x23\
\x8f\xe0\x97\xc1\xdd\x0b\xc3\x8f\x1a\x8d\x50\xa7\xda\xf5\x29\x17\
\xf8\xae\x9f\x97\x1f\xf0\x10\x15\x07\xfb\xb5\xf1\xbf\xec\x21\xf0\
\x62\x3f\x88\xbe\x36\x7f\x19\xea\x96\x85\xb4\x4f\x0e\xcc\x1a\xd5\
\x65\x5f\x96\x7b\xdc\x12\xbf\x50\x83\xe6\xfa\xed\xaf\xd1\x69\x1b\
\x27\xdf\xd6\xbf\x28\x94\xdd\x59\xf3\xb3\xf6\x5c\x05\x2f\x63\x4a\
\xcd\x0d\x91\xaa\xbb\xb5\x3e\x47\xaa\xce\xfc\xe0\xd0\x7a\x0d\x8c\
\x76\xc9\xa8\x24\x6c\x0a\x74\x8d\x8c\xd4\x0e\xf4\x12\x32\x46\xc7\
\x35\x4e\x57\xc5\x4b\x2b\x8c\xf5\xaa\x92\xb1\x35\x62\x22\x95\xb2\
\x6a\xac\x8d\x9a\x9a\x46\xaa\xb2\x36\xe3\x9a\x00\x8e\x46\xda\xa6\
\xa9\xbb\x64\xe6\xa6\x95\xf3\xc7\x6a\xac\xcd\xd7\xe9\x41\x0d\xd8\
\x8a\x56\xc2\x73\x54\xe7\x90\x81\x56\x25\x7c\xd5\x29\x9f\x71\xa1\
\x12\x55\xb9\x90\x2a\x1e\x7a\xd7\x3d\xa8\x4f\x92\x7d\xab\x52\xfe\
\xe3\x00\x8c\xf4\xae\x6e\xfa\x7e\x5b\x9e\xb5\x42\x66\x65\xf4\xfb\
\x77\x7b\x57\x35\x7f\x36\x72\x2b\x57\x50\x9f\x3b\x87\xf5\xae\x76\
\xe9\xcb\x39\xa0\x11\x05\x14\x51\x40\xc8\xae\xdc\x47\x6d\x2b\x9e\
\xca\x6b\x94\x1d\x30\x6b\x7f\x5c\x9b\xcb\xb4\x08\x3a\xc8\x71\xf8\
\x56\x06\x73\x41\x61\x45\x14\x50\x01\x4a\xae\xd1\xb8\x65\x3b\x19\
\x4e\xe0\x7d\x08\xa4\xaf\x48\xf8\x11\xf0\xc2\x4f\x89\x3e\x33\x85\
\x27\x8d\xbf\xb1\xac\x48\x9e\xf6\x4c\x70\xcb\x9f\x96\x3c\xfa\xb1\
\x1f\x96\x69\xbd\x02\xd7\x3d\x2f\x41\xf8\x7b\xe2\x8d\x53\xc3\xfa\
\x75\xf3\x69\x52\x7f\xa4\x40\x92\xe3\x20\x12\x08\xc8\x38\xed\xc6\
\x2a\x49\xbe\x1f\x78\x8a\x11\xce\x91\x72\x7e\x8b\x9a\xfa\x75\x55\
\x51\x42\xaa\x85\x00\x60\x01\xd0\x0a\x76\xef\xf3\x9a\xc9\xcc\xd7\
\xd9\x45\x9e\x17\xf0\xa9\x35\x8f\x0b\x78\xa1\x62\xba\xd3\xee\xa2\
\xb3\xbc\x1e\x4c\xbb\xa3\x38\x56\xcf\xca\xdf\xa6\x3f\x1a\xf7\x3a\
\x07\x1c\xf5\xfa\xd1\x52\xdd\xcb\x8a\xe5\x56\x0a\x28\xa2\xa4\xa0\
\xa2\x8a\x28\x00\xa2\x8a\x28\x00\xa2\x8a\x28\x00\xa2\x8a\x28\x00\
\xa2\x8a\x28\x00\xa2\x8a\x28\x00\xa2\x8a\x28\x00\xa2\x8a\x28\x00\
\xa2\x8a\x28\x00\xa2\x8a\x28\x00\xa2\x8a\x28\x00\xa2\x8a\x28\x00\
\xa2\x8a\x28\x00\xa2\x8a\x28\x00\xa2\x8a\x6b\x7f\x4a\x60\x05\xf0\
\x71\x8a\x6b\xc8\x7b\x71\x4d\x66\xc5\x46\x5c\x62\x9d\x85\x72\x4f\
\x37\x34\x79\x84\x76\xaa\xef\x21\x3d\x29\x86\x5c\x70\x4d\x16\x0b\
\x97\x44\xd8\xeb\x4e\x59\x80\x3d\x7a\x56\x79\x97\x14\x79\xd8\xef\
\x45\x85\xcc\xd1\xb3\x1d\xd8\xfe\x2e\x47\xaf\x7a\xb0\xb3\x47\x32\
\xe0\x10\x57\xfb\xa4\x7f\x4a\xc2\x59\xc7\xad\x3d\x27\xf7\xa2\xc5\
\xf3\x2e\xa3\xb5\x3f\x04\xe8\x5a\xc2\xb0\xba\xd3\x2d\xe4\x24\x70\
\xca\x9b\x5b\xf3\x15\xc8\xea\x7f\x01\xf4\x1b\xcc\x9b\x59\xae\x6c\
\x98\xf3\x80\xdb\x94\x7e\x06\xbb\x58\xb5\x17\x4c\x0c\xe4\x7a\x35\
\x5a\x8a\xfe\x37\xfb\xc0\xaf\xbd\x17\x68\x2d\x16\x78\x7e\xad\xfb\
\x3d\xea\xd0\x82\xd6\x1a\x84\x17\x43\xfb\xb2\x02\x87\xfc\x2b\x88\
\xd6\xfe\x18\x78\xab\x47\x0c\x65\xd2\x66\x91\x47\x3b\xe0\xf9\xc6\
\x3f\x0a\xfa\xc1\x64\x57\x19\x07\x34\xa7\xa9\x23\x3f\xe3\x4f\x9d\
\xa2\x1d\x28\xbd\x8f\x85\xf5\x08\xe7\xb4\x66\x49\xe1\x92\x16\x19\
\xe2\x45\x2b\xfc\xeb\x2a\x79\xfb\x9e\x9f\x5e\x0d\x7d\xe1\xa8\xe8\
\x3a\x76\xb3\x11\x8e\xfa\xc6\xde\xed\x5b\xa8\x96\x30\x4d\x79\xd7\
\x89\x7f\x67\x3f\x0a\xeb\x8b\x23\x5a\xc7\x2e\x93\x3b\x74\x6b\x76\
\xca\x83\xee\xa6\xa9\x4d\x19\xba\x2f\xa1\xf2\x34\xaf\xb8\xfb\x54\
\x75\xea\xbe\x35\xfd\x9d\xbc\x49\xe1\x90\xf3\xd9\xa0\xd6\x6c\xd7\
\x9d\xd6\xe3\xf7\x8a\x3d\xd7\xfc\x2b\xcb\x65\x85\xed\xe4\x68\xe5\
\x46\x8e\x45\x38\x65\x65\xc3\x29\xfa\x56\x89\xa6\x62\xd3\x4e\xd6\
\x12\x37\x28\xea\xca\x70\x54\xe4\x7d\x6b\xb3\xd3\x2e\xc5\xdd\xb2\
\x48\x08\xc9\xeb\xec\x45\x71\x55\xad\xe1\xfb\xef\x22\xe0\xc4\xc7\
\x09\x27\x4f\x63\x43\xd4\x4d\x1d\x82\x37\xbf\x5a\xb2\x8d\x59\xe8\
\xd9\xab\x71\xbe\x68\x20\xea\xbc\x21\x3e\xd9\xe7\x4c\xf2\x50\x11\
\xf8\x1f\xfe\xbd\x76\x28\xf9\x00\x8a\xf3\xdf\x0c\x4f\xe5\x6a\xb1\
\x8c\xe0\x38\x2b\xfa\x71\xfa\xd7\x75\x03\x85\x20\x54\xb3\x58\x9a\
\x11\xbd\x59\x8d\xf2\x6a\x8a\x31\x04\x55\x98\xdc\x52\x2d\x1a\x11\
\xbe\x4d\x5a\x8d\xf7\x0a\xcd\x8a\x4e\x6a\xdc\x6f\x8c\x60\xf5\xeb\
\x40\x17\xd1\xaa\xc2\x37\xcd\xd6\xa8\xa3\xe4\x66\xac\xc6\xf9\xa8\
\x19\x72\x37\xc9\xeb\x56\x51\xc0\xac\xf5\x6c\x1e\x2a\xc4\x6d\xef\
\x41\x49\x97\xd0\xe7\x8c\xd4\xc9\x27\x35\x49\x1f\xa5\x4e\xaf\xef\
\x41\x69\x97\x51\xaa\x64\x61\xfa\x62\xa9\x24\x98\x38\xa9\x92\x40\
\x78\x3c\x54\xb5\x62\xee\x7c\x81\xfb\x70\x7c\x19\x30\x4f\x6b\xf1\
\x23\x46\xb4\x69\x55\x65\x8e\x1d\x62\x38\x87\x3f\x78\x04\xb8\xc7\
\xe4\xa4\xfd\x0d\x78\x16\x9f\xe2\x08\x9b\x50\xb6\x51\x13\x83\xe6\
\xa8\xed\xc7\x22\xbf\x4e\xae\xec\xed\xf5\x4b\x1b\x8b\x2b\xd8\x23\
\xb9\xb5\x9d\x0c\x72\x45\x22\xee\x57\x52\x30\x41\x1e\x95\xf9\xd1\
\xf1\xfb\xe1\x85\xdf\xc1\x2f\x88\xd6\xb0\x47\x69\x2c\xfe\x1d\xd4\
\x26\x12\x69\xf7\x79\xcf\x19\xe6\x26\x3f\xde\x5e\x9e\xe3\x06\xbc\
\x7c\x4c\x5e\x1e\x5e\xd2\x1b\x33\xe3\xb3\x9c\xb7\x9d\xfb\x58\x2d\
\x0e\x9b\x4c\xd5\xe3\x7d\x42\xdc\x04\x6e\x64\x1d\x6b\xb5\xb3\xb9\
\x0f\x75\x12\x80\x46\x4e\x2b\xc7\xf4\x7f\x10\x2f\xf6\xad\xaf\xee\
\x48\xcc\xa3\xf8\xab\xd1\xf4\xbd\x61\x64\xd4\x2d\xd4\x44\x72\x5b\
\xd7\xda\xbd\x1a\x18\xe4\xd3\xd4\xfc\xc2\xbe\x1b\x95\xec\x76\xb1\
\xa6\xf9\x55\x7d\x4d\x5c\x8e\xd9\xb7\x8f\x98\x56\x6d\xa5\xe0\x7b\
\x88\xd7\x69\xe4\xff\x00\x4a\xda\xb7\xf9\xe5\x50\x38\x26\xb5\x9d\
\x7b\xa3\xcd\x50\x68\xb3\x65\xfe\x8e\x59\x89\x05\xbb\x0a\x5d\xb2\
\x49\x31\x76\x6c\x9a\x74\x70\x9d\xd9\xdc\x2a\xcc\x76\xe5\x89\xe4\
\x0e\xf5\xe6\x4e\xa1\xb2\xa7\xd4\xaf\x1c\x0c\x7b\x8a\xb7\x66\xd2\
\x5a\xb3\x34\x65\x43\x11\xb4\x13\xda\x9c\x96\x87\x3c\x30\xa9\x56\
\xd4\x83\xd4\x1e\x31\x5c\x93\xa8\x8d\xe3\x0b\xe8\x69\xe9\x3e\x63\
\x2c\xb2\x4a\xe5\x8b\x74\x3d\x80\xef\x54\xaf\xe5\x6b\xeb\x9f\x95\
\xb2\x83\xe5\x51\x56\xd9\x4c\x16\x8b\x02\x3f\xcc\x46\x58\xfa\x53\
\x74\xdb\x4d\xd7\x40\x96\x18\x51\xbb\x15\xe7\xf3\xa5\x76\xca\x54\
\xec\x6b\x5a\xc2\x20\x85\x23\x1d\x02\x81\x53\x85\xe3\xad\x01\x7f\
\x1a\x70\xe0\x73\x5e\x7c\xaa\x5f\x52\x79\x2e\x46\xf2\xf9\x72\xc6\
\x80\xe4\xbe\x7f\x20\x2a\x0d\x4a\x5f\x2e\x28\x82\x9e\x5a\x54\xff\
\x00\xd0\xb3\x4c\x62\x64\xd5\xd3\x9e\x11\x18\x7e\x24\x54\x1a\xc9\
\x26\x4b\x75\x1c\x60\xee\xfd\x6b\x58\xfc\x48\x3d\x9e\xa5\xf9\x9f\
\x11\xc8\xdd\x30\xa4\xfe\x95\xcb\x68\x24\xc3\xa9\x80\x4f\xcb\x22\
\x95\x23\xf9\x57\x4d\x7f\x94\xb4\x99\x81\xfe\x0f\xe7\x5c\xbc\x08\
\x6d\xee\xd2\x40\xdf\x75\x85\x77\x61\xdf\xb9\x24\xcc\xf9\x34\x67\
\x50\xd5\x9f\xae\x4d\x2c\x1a\x6c\xef\x0b\x05\x70\x3a\xfb\x67\x9a\
\xd1\x6f\xce\xa9\xea\x71\xf9\xb6\x17\x31\xfa\xa1\xfe\x54\xa9\x49\
\x29\xab\x9c\x12\x83\x4c\xe6\xf4\x1d\x4d\x92\x46\xb5\x9d\xf7\x64\
\xfc\x8c\x7f\x95\x6a\x5f\x5b\x2d\xe5\xbc\xd0\xb7\x47\x04\x67\xfc\
\xfb\xe2\xb9\x67\x84\xef\xdc\x1b\x07\xef\x71\xeb\x5b\xfa\x5e\xa1\
\xf6\x98\x8a\x37\x32\xaf\x07\xdf\xde\xbd\xc9\x47\x96\x5e\xd2\x26\
\x55\x69\xeb\xcc\x8e\x4f\x4a\xbb\x93\x47\xbe\x60\xe7\x31\x16\x2a\
\xeb\xfd\x69\x7c\x47\xa7\x89\x94\x5e\xc3\x8c\x1f\xbf\x8e\xfe\x86\
\xac\xeb\xf6\x82\x3b\xd3\x32\x00\x16\x4e\xbf\x51\x50\xe9\x57\x61\
\x50\xda\xce\x77\x46\xd9\x00\x9e\xde\xd5\xef\x53\xa8\xbd\xda\xb0\
\x33\x71\xb7\xbc\x8c\x4d\x3e\xec\xc0\x8d\x6f\x3f\xcf\x6c\xe0\x82\
\x3d\x0f\xa8\xac\xbb\xab\x63\x04\xac\xa0\x86\x53\x92\xa7\xb1\x1d\
\xab\x4e\xf6\xd4\xda\xcc\xf1\x9e\x9f\xc3\xf4\xac\xf3\x96\x87\x61\
\x6d\xc3\x9d\xbe\xde\xa2\xbe\x97\x0d\x35\xcd\xcc\xba\x90\xd7\x54\
\x65\x34\x4c\xaa\x4e\x70\x70\x69\x89\xa8\x4b\x04\x2c\xae\x7c\xc4\
\x00\x9c\x1e\xa2\xac\x48\x98\x8d\xdb\x3c\x00\x6b\x1a\xe6\xe4\x2d\
\xb4\x87\x69\x20\x29\x35\xef\x46\xa4\x6d\xef\x19\xf2\x39\x31\x6f\
\xf5\x58\x8e\x9f\x70\x48\x3c\x21\xe0\xd7\x05\xe2\x1d\x4e\x13\xa6\
\x5c\x48\xa8\xc0\x80\x38\xcf\x5f\x98\x56\x9e\xa9\xab\x81\xa6\xdc\
\x13\x19\x3f\x21\xef\x5c\x16\xbd\xae\x20\xd2\x2e\x4f\x92\x7e\xe8\
\xef\xfe\xd0\xae\x3a\xf8\xe8\x51\x4d\x46\x47\xad\x84\xc2\xb9\x49\
\x33\x13\xc4\x3a\xd4\x63\x47\xb9\x3e\x5b\xe0\x01\xfc\xeb\x99\xf0\
\xdf\x86\x35\x3f\x8b\x3a\xfe\x9f\xe1\x5d\x0e\xd5\xe5\xd4\x35\x1b\
\x85\x8d\x58\xfd\xd8\xd7\x39\x79\x1b\xd1\x54\x64\x9a\x87\xc4\x1a\
\xe1\x9b\x4a\x9e\x38\xed\xdd\xe4\x72\x15\x51\x39\x2c\x49\x18\x00\
\x77\xeb\x8a\xfb\xff\x00\xf6\x3c\xfd\x9e\xff\x00\xe1\x52\x78\x44\
\x6b\xda\xe5\xb0\x4f\x16\x6b\x11\x29\x91\x1b\x93\x67\x07\xde\x58\
\x47\xa3\x1e\x0b\x7b\xe0\x76\xaf\x84\xc5\x63\x2a\x62\xe7\xa3\xd0\
\xfd\x53\x28\xcb\xf9\x7d\xe6\xb6\x67\xb1\x7c\x31\xf8\x77\xa5\x7c\
\x27\xf0\x2e\x93\xe1\x6d\x19\x00\xb3\xb0\x87\xcb\x32\x63\x0d\x34\
\x9d\x5e\x46\xf7\x63\xcf\xff\x00\xaa\xba\x39\x1c\xfa\xd2\xbb\xd5\
\x79\x1f\xad\x73\xa4\x96\xc7\xdc\x6c\xac\x24\x8f\x91\x81\x50\x3b\
\xf3\x4e\x76\xaa\xf2\x3d\x51\x23\x64\x7e\xc2\xab\x4a\xf9\x14\xf7\
\x7c\x0a\xab\x2c\x94\xec\x22\x39\x5e\xab\x48\xf9\xa7\x48\xe4\x93\
\x55\x9d\xb0\x0d\x50\x0d\x99\xf9\xe2\xab\xca\xc0\x03\x4e\x76\xc9\
\x26\xaa\xca\xc4\x9a\x09\xb9\x1c\x8d\x92\x6a\x07\x6c\x64\xe7\xf0\
\xa9\x19\xb1\xcd\x55\x99\xf3\xf8\x50\x4b\xd4\x86\x69\x30\xa7\xde\
\xb3\xee\x25\xd8\xa7\xd4\xd5\x89\xe4\xdc\x48\xec\x2b\x26\xfe\xe7\
\x19\x20\xd5\x58\x93\x3b\x51\x9f\x93\x8f\x7a\xe7\x6f\xa7\xe0\xe4\
\xd6\x8d\xed\xc7\x5e\x7a\x57\x39\xa8\x5c\xe0\x1a\x01\x19\x97\xf3\
\xd6\x4b\x9d\xcd\x9a\x9e\xf2\x62\xec\x40\xaa\xf4\x0c\x28\xa2\xa9\
\xea\x97\xbf\x64\xb6\xc0\xff\x00\x58\xe0\x85\xfe\xa6\x80\x31\xf5\
\x6b\x93\x73\x76\x76\x9f\x91\x38\x1f\xe3\x54\xe8\xa2\x82\xc2\x8a\
\x09\xc5\x69\x78\x7b\xc3\x9a\x8f\x8a\xf5\x78\x34\xcd\x26\xd9\xee\
\xef\x27\x38\x44\x4f\x4f\xef\x13\xd8\x7a\x9e\xd4\x02\x57\x26\xf0\
\xa7\x85\x75\x0f\x19\xeb\xd6\xba\x4e\x97\x01\x9e\xee\xe1\xb0\x07\
\xf0\xa2\xe7\x96\x6f\x40\x3d\x6b\xef\x4f\x86\xbf\x0f\xac\x3e\x1a\
\xf8\x56\xdb\x48\xb2\xc4\x8c\xb8\x7b\x8b\x8c\x61\xa6\x97\xbb\x7d\
\x3d\x3d\x00\xac\x4f\x83\x3f\x07\xec\x7e\x15\xe8\x98\x60\x97\x3a\
\xdd\xc0\xff\x00\x4a\xbb\x03\xff\x00\x21\xa7\xfb\x23\xf5\xaf\x45\
\x3d\x6b\x36\xee\x6f\x18\xd8\x4a\x3b\x52\xf5\xac\xfd\x5b\x5f\xd3\
\x34\x3b\x73\x36\xa5\xa8\xda\x69\xf0\xaf\x26\x4b\x99\xd6\x30\x3b\
\xf7\x35\x99\x65\xfc\xe6\x8a\xf1\xff\x00\x12\x7e\xd7\x7f\x08\xbc\
\x2c\xe6\x3b\xbf\x1a\xd8\x4d\x28\x38\x29\x66\x4c\xcc\x0f\xfc\x06\
\xb9\xc8\xff\x00\x6f\x1f\x83\x52\x9c\x2f\x89\x2e\x0f\x38\xff\x00\
\x8f\x29\x29\xa4\x55\x8f\xa0\xe8\xaf\x3f\xf0\x77\xed\x01\xf0\xf7\
\xc7\x81\x46\x8f\xe2\xad\x3e\x79\x98\x7f\xa9\x92\x51\x1b\xf3\xd3\
\x86\xae\xfd\x58\x38\x56\x52\x0a\x9e\x84\x1c\x82\x29\xd8\x42\xd1\
\x45\x15\x22\x0a\x28\xa2\x80\x0a\x28\xa2\x80\x0a\x28\xa2\x80\x0a\
\x28\xa2\x80\x0a\x28\xa2\x80\x0a\x28\xa2\x80\x0a\x28\xa2\x80\x0a\
\x28\xa2\x80\x0a\x28\xa2\x80\x0a\x28\xa2\x80\x0a\x28\xa2\x80\x0a\
\x28\xa2\x80\x0a\x28\xa2\x80\x0a\x6b\xf1\x4e\xa6\xb8\xe0\x9a\x00\
\x81\xcf\xcd\x8a\x89\xcf\x39\xa9\x9c\x73\x9a\x81\xf3\x54\x84\x44\
\xed\x8a\x89\xdf\x34\xf7\xeb\x55\xe4\xa6\x4b\x07\x93\x9e\x29\xbe\
\x6b\x7b\x54\x67\x00\x75\xa6\x34\x84\x50\x66\xc9\xfc\xe3\xea\x29\
\xe2\x72\x3a\x55\x03\x29\xa3\xce\xdb\xd6\xaa\xc1\x73\x49\x6e\x0d\
\x48\xb7\x39\xac\x8f\xb4\xfa\x1a\x91\x6e\x05\x26\x87\x76\x6d\x47\
\x76\x54\xf5\xc6\x3d\x2a\xec\x3a\xa3\x2e\x03\x7c\xca\x7a\xd7\x38\
\x97\x3c\xf5\xc5\x4a\x97\x67\xfb\xd5\x36\x45\x29\xb4\x75\xb0\x5d\
\x47\x38\xf9\x4f\x3f\xdd\x35\x36\x7d\x2b\x92\x8a\xeb\x6e\x0e\x70\
\x6b\x4e\xd7\x58\x29\x81\x21\xdc\x3d\x47\x5a\x87\x13\x68\xcc\xda\
\xae\x3b\xc6\xbf\x09\xbc\x39\xe3\x98\x58\xdf\x59\x2c\x37\x78\xe2\
\xee\xdc\x6d\x90\x7d\x7d\x7f\x1a\xeb\x22\xb8\x49\xc6\x63\x7d\xc3\
\xf9\x54\xa0\xf7\xa6\x9d\x8b\xb2\x91\xf2\x27\x8f\x3f\x67\xaf\x10\
\x78\x4f\xcd\xb9\xb0\x5f\xed\x9d\x3d\x49\x3b\xa1\x1f\xbd\x51\xfe\
\xd2\xff\x00\x85\x79\x73\x23\xc1\x29\x0c\x0c\x72\x21\xe4\x11\x82\
\x0d\x7e\x86\x63\x3c\x57\x0d\xe3\x8f\x83\x9e\x1c\xf1\xd2\xbb\xdc\
\xda\xfd\x92\xf8\x8e\x2e\xed\x86\xd7\xfc\x47\x46\xad\x14\xd2\xdc\
\xe6\x95\x1e\xa8\xf9\x67\x49\xbd\x17\x96\xc8\xc4\xfc\xc0\x61\x87\
\xbd\x6a\x23\x60\xd6\xcf\x88\xbe\x06\xf8\x8f\xc0\x97\x4f\x71\x6e\
\xbf\xda\xfa\x5f\xf1\x49\x6e\x3e\x74\x1d\x8b\x2f\x6f\xc2\xb0\x23\
\x27\x24\x10\x41\x19\x05\x48\xfd\x2b\x4b\xf6\x39\x65\x17\x0d\xcd\
\x3b\x4b\x91\x6f\x71\x0c\xbd\x76\x3a\xb7\xe4\x6b\xd1\x62\x7c\xed\
\x23\xb8\x18\x23\xd2\xbc\xbe\x37\xe9\x5d\xef\x87\xee\xc5\xde\x99\
\x0b\x67\xe6\x51\xb0\xfe\x1f\xfd\x6a\x4c\x13\x37\xa2\x7c\x8a\xb1\
\x1b\xe3\x8a\xcf\x49\x30\x6a\xd4\x6f\x91\xc5\x22\xf5\xb9\x7e\x37\
\xc5\x58\x8a\x5c\x55\x08\xdf\xb5\x58\x47\xc7\x34\x16\x68\xc5\x25\
\x5a\x47\xc1\xcd\x66\xc5\x25\x5a\x8e\x4a\x40\x5f\x47\xcd\x4c\xad\
\x8e\x9d\x2a\x92\x3e\x07\x5a\xb1\x1c\x99\xa9\x19\x75\x1b\x23\xad\
\x4e\x8f\x54\x55\xf6\xd4\xc9\x27\xd2\x82\x91\x7d\x1f\x23\xde\xa5\
\x56\xc5\x53\x47\xa9\x51\xfd\x68\x2c\xb8\xb2\x60\x73\x5c\xff\x00\
\xc4\x3f\x87\xfa\x47\xc4\xef\x0c\x4f\xa1\xeb\x30\x09\x6d\xdc\x89\
\x22\x90\x0f\x9e\x19\x14\xfc\xae\xa7\xd4\x71\xf5\xad\x95\x6a\x99\
\x24\xc5\x67\x38\x46\x4b\x95\xec\x39\x45\x4e\x2e\x32\xd8\xfc\xd5\
\xf1\xc6\x81\xac\xfc\x29\xf8\x8a\x9a\x16\xb1\x63\x86\x49\x41\x82\
\xe5\x4f\xee\xee\x23\xcf\x0e\xa7\xf2\xcf\xa1\xae\x9b\x44\xf1\x36\
\xed\x52\xd4\x08\x31\x96\xfe\xf7\xb5\x7d\xa1\xf1\x63\xe1\x3e\x8d\
\xf1\x6f\x40\x4b\x2d\x45\x04\x77\x96\xcd\xe6\xd9\x5e\xa8\xf9\xe0\
\x90\x0e\x3e\xaa\x7a\x11\xde\xbe\x10\xf1\x26\x97\xaf\xfc\x32\xf1\
\xfc\x7a\x1e\xb9\xa6\x08\x27\x49\x0f\x97\x30\x27\xcb\x9d\x39\x01\
\xd0\xf7\x07\x8a\xf9\x4c\x4c\x2a\x60\xe5\x7b\xfb\xac\xf8\x0c\xcf\
\x2a\x70\x7c\xd0\x5a\x1e\xc1\xa5\x6b\x7e\x6d\xfc\x0b\xe4\xe3\x24\
\xe7\x9f\x6a\xeb\xac\x2f\x7c\xcb\xb4\x5d\x98\x07\x3c\xe7\xda\xbc\
\x63\x42\xf1\x54\x8f\xab\x5b\xa8\xb7\x5e\x58\xff\x00\x17\xb5\x7a\
\x26\x91\xaf\xbc\x9a\x84\x6a\x62\x5e\x87\xbf\xb5\x55\x3c\x5a\x92\
\xb5\xcf\x8a\xa9\x86\x71\xe8\x77\xf6\xe4\xc9\x22\xa8\xef\x57\xa2\
\x87\xe6\xea\x39\x15\xcf\xe9\x7a\x9b\x4d\x76\xaa\x50\x0e\x09\xe0\
\xfb\x57\x41\x6b\x31\x79\xb6\xe3\x68\xc1\xa5\x3a\xc9\xf5\x39\xd4\
\x1a\xdc\x9d\x20\x0a\x4f\xcd\x52\xc7\x0e\x5c\x7c\xdc\x53\xe1\x8f\
\x73\xe3\x3d\xaa\x74\x80\x06\xfb\xd5\xc7\x3a\xa8\xde\x34\xfb\x11\
\x79\x3b\xdd\x89\x6a\xd1\xd3\x6d\xf6\x23\xb9\x3c\xb5\x42\x90\xe7\
\x3f\x35\x69\xc5\x0f\x94\x81\x41\xc8\x00\x57\x05\x4a\xad\xab\x1b\
\xb8\x69\x60\x09\x83\xd4\x50\xcb\xb5\x49\x27\xa0\xcd\x4a\x23\x1d\
\x33\xcf\xa5\x47\x74\xb8\x84\x8d\xdd\x78\xae\x75\x32\x3d\x91\x9b\
\x65\x19\x92\xfb\x71\x23\x90\xc7\xf9\x54\x3a\xb4\x5e\x65\xd1\xc1\
\xce\xd0\x3f\x3a\xbf\x69\x0e\xcb\x81\x86\x3d\x0d\x55\xba\x41\x24\
\xee\xd9\xea\x73\x5d\x50\xa9\xef\x07\xb3\xd4\x97\x50\x1b\xac\x58\
\x67\xef\x28\x15\x81\x2d\xb9\xdc\x40\x6a\xe8\x2f\x54\x1b\x68\x80\
\x6e\xb8\xfe\x55\x93\x24\x38\x7c\x92\x71\x5d\x74\xaa\xdb\x43\x17\
\x03\x4e\xde\x42\xd0\x23\x7b\x0f\xcc\x71\x4c\x99\x83\x19\x14\x8c\
\x83\x91\xfa\x54\x76\x4f\xb6\x12\xbf\xdd\x6f\xe6\x29\xcf\xcb\x9a\
\xd2\x2f\xde\x38\x6a\x42\xc7\x1d\x24\x3b\x5d\x86\xee\x84\x8a\xae\
\x8a\xf1\xcb\xb9\x5f\x69\x07\xa8\xad\x4b\xb8\x40\xb9\x94\x7f\xb4\
\x6a\x91\x8c\x06\x3c\xf7\xaf\xa4\xa5\x3b\xa4\x99\x8c\xa2\x9a\x19\
\x35\xc8\xbd\x81\xe2\x97\x02\x50\x72\x1b\xd4\x8a\xc2\xda\x55\xb8\
\x3d\xcd\x69\xb4\x58\x7e\xbd\xcd\x50\x28\x73\xc1\xef\x5e\xc5\x06\
\x96\x87\x33\x87\x42\x39\x41\xbd\xb6\xda\xdf\xeb\xa3\xcf\x3e\xa2\
\xb0\xd8\x6d\x56\x27\xa0\x06\xb4\x84\xcf\x0b\x6e\x1d\x46\x6b\x0a\
\xeb\x51\xca\x3b\xac\x63\x1b\x4f\x19\xe9\x5e\xad\x3a\xaa\x0f\x73\
\x2f\x66\xca\x17\x17\xd8\x82\x43\xb4\x72\xa7\xbd\x72\xb7\xfa\xa9\
\x4b\x0b\x83\xe5\xe7\x08\x4f\x5f\x6a\xb3\x73\xad\xb2\xda\xcc\x7c\
\xa1\xc2\x31\x1c\xfb\x1a\xe1\xb5\x1f\x13\xc9\xfd\x9d\x70\x7c\x85\
\xff\x00\x54\xdd\xfd\xab\x4a\xb9\x82\x82\xb5\xce\xfa\x18\x67\x29\
\x2d\x0a\x9a\xc7\x88\x76\xe9\x57\x47\xc8\xce\x23\x3f\xc5\x5e\x6d\
\xe2\x1f\x15\x15\xd1\x6e\x8f\xd9\xc7\x0b\xcf\xcd\xee\x2a\xf6\xb7\
\xe2\xb9\x06\x93\x77\xfe\x8e\xbc\x47\xfd\xea\xfa\x0b\xf6\x4f\xfd\
\x98\x65\xf1\x9c\x16\xde\x30\xf1\xc6\x9a\x21\xd1\xf2\xb2\xd8\x69\
\x73\x02\x0d\xc9\x04\x11\x24\x83\xfe\x79\xfa\x0e\xff\x00\x4a\xf9\
\x9a\xd8\xd9\xe2\x67\xcb\x4d\xdc\xfb\xdc\xb3\x2b\x73\x7c\xcd\x1a\
\xbf\xb1\x97\xec\xe2\xf7\x90\xda\xf8\xff\x00\xc5\xfa\x77\x94\xa7\
\x12\x69\x1a\x7d\xc0\xfa\x11\x70\xea\x7f\xf1\xc1\xf8\xd7\xda\x12\
\x3e\x0f\xbd\x37\x2b\x18\x54\x45\x08\x88\x02\xaa\x81\x80\x00\xe8\
\x2a\x17\x92\xb5\xa7\x4f\xd9\xab\x1f\xa2\xc2\x94\x68\xc7\x96\x28\
\x24\x93\x07\xb5\x40\x4f\xad\x0c\xd9\x3c\xd4\x4e\xf8\xef\x5a\x14\
\x24\x8e\x7a\x62\xa0\x76\x1d\x68\x76\xe3\xad\x56\x92\x4a\x69\x08\
\x49\x5f\x9a\xa9\x2c\xb4\xe9\x64\xaa\xee\xe0\xd5\x00\xd7\x7c\x55\
\x79\x1f\xf1\xa7\x4a\xe3\xa0\xaa\xee\xd8\x1d\x68\x01\x92\xc8\x0a\
\x90\x2a\xb3\xb0\x14\xae\xf9\x3d\x6a\x19\x0f\xbd\x04\x32\x39\xa4\
\xc0\x35\x4e\x79\x3f\x36\xa9\xa4\x70\x72\x4d\x51\x9a\x4e\xac\x7f\
\x0a\x09\x20\xb9\x9b\xcb\x4c\xf7\xae\x7e\xfe\xe4\x92\x7d\x2a\xee\
\xa1\x74\x72\x46\x7b\xd7\x3f\x7d\x73\xc1\xe6\xa8\x0a\x37\xf7\x1f\
\x78\xd7\x39\xa8\x5c\x67\x23\x35\x7f\x50\xb9\x04\x11\x9a\xc0\xb9\
\x97\xcc\x6c\x67\xa5\x00\x40\xcd\x92\x4d\x14\x63\x14\x8c\xe9\x1a\
\x33\xbb\x6d\x50\x32\x49\xa0\x06\xcd\x2a\xc1\x1b\x3b\x9d\xaa\x3f\
\x5a\xe6\x2e\xee\xda\xee\x73\x23\x70\x0f\xdd\x1e\x82\xa6\xd4\xb5\
\x06\xbc\x93\x03\x88\x97\xa0\xaa\x74\xec\x50\x51\x40\xe4\x8f\xeb\
\xeb\x5e\xbf\xf0\x9b\xf6\x73\xd6\x7c\x7c\xf1\x5f\xea\x62\x4d\x27\
\x43\xce\xe3\x23\xae\x25\x98\x75\xc2\x03\xeb\xea\x69\x37\x62\x92\
\x6c\xe1\x3c\x09\xf0\xff\x00\x59\xf8\x8b\xac\x26\x9f\xa3\xdb\x19\
\x4e\x73\x2c\xcd\xc4\x70\xaf\x72\xc7\xfa\x75\xaf\xb5\xfe\x15\x7c\
\x22\xd2\x3e\x16\x69\x42\x2b\x55\x17\x3a\x94\xab\xfe\x91\x7c\xeb\
\xf3\xbf\xb0\xfe\xea\x8f\x4a\xe8\x7c\x27\xe0\xed\x23\xc0\xfa\x4c\
\x5a\x6e\x8d\x68\x96\xb6\xcb\xc9\xc7\xde\x73\xfd\xe6\x3d\x49\x35\
\xb4\x4e\x7b\x56\x2e\x57\x36\x51\xb0\x94\x51\xdf\x14\x99\xcb\x63\
\x9f\xf0\xa5\x72\xc5\x24\x90\x06\x0e\x48\xae\x43\xc5\xff\x00\x08\
\x7c\x1d\xe3\xd9\x4c\xbe\x21\xd0\x2d\x75\x67\x3b\x49\x37\x39\x6e\
\x9d\x38\xce\x2b\xaf\x51\xb0\x70\x49\x23\xb9\xa3\x00\x74\xa4\x3d\
\x8f\x1d\xbc\xfd\x90\x3e\x0f\x5f\x86\xf3\x3c\x09\xa6\xa9\x6f\xe2\
\x8f\x72\x10\x7f\x03\xc1\xae\x4f\x59\xfd\x80\xfe\x13\x6a\x4a\xc6\
\xdb\x4e\xbe\xd2\xe4\x3d\x1a\xda\xe8\xe1\x7f\x03\x5f\x47\x51\xd6\
\x98\x5c\xf8\x93\xc5\x5f\xf0\x4e\x7f\xb1\xab\xcf\xe1\x3f\x14\x16\
\x91\x49\x29\x06\xa3\x1e\xd2\x78\xfe\xfa\xf4\x35\xcb\x68\xfe\x2d\
\xf8\xcb\xfb\x31\xea\x31\x5a\x6b\x29\x73\x71\xa4\x86\xc0\x86\xf5\
\x8c\xd6\xf2\x2f\x7d\x92\x7f\x0f\x15\xfa\x09\x8c\x55\x4d\x5b\x47\
\xb1\xd7\xf4\xf9\x6c\x35\x2b\x48\xaf\x6c\xe6\x5c\x3c\x13\x2e\xe5\
\x23\xe9\xfd\x69\xdc\x47\x9f\xfc\x1f\xf8\xf7\xe1\xef\x8b\xd6\x8b\
\x1d\xb3\xff\x00\x67\xeb\x0a\xb9\x97\x4e\x9c\xfc\xdf\x54\x3f\xc4\
\x2b\xd2\xc6\x78\xe3\xad\x7c\x7d\xf1\x7b\xf6\x77\xbb\xf8\x5f\xa8\
\x8f\x15\xf8\x2a\x59\xd7\x4e\x85\xfc\xc7\x8a\x36\x26\x5b\x33\x9c\
\xee\x07\xba\x67\xf2\xaf\x70\xf8\x19\xf1\x85\x7e\x25\xe8\xa6\xda\
\xff\x00\x6c\x5a\xf5\xa2\x03\x3a\xaf\x02\x65\xe9\xe6\x28\xfc\xb2\
\x3b\x53\xb5\xc9\xe6\xe8\xcf\x51\xa2\x94\xf5\xa4\xa8\x28\x28\xa2\
\x8a\x00\x28\xa2\x8a\x00\x28\xa2\x8a\x00\x28\xa2\x8a\x00\x28\xa2\
\x8a\x00\x28\xa2\x8a\x00\x28\xa2\x8a\x00\x28\xa2\x8a\x00\x28\xa2\
\x8a\x00\x28\xa2\x8a\x00\x28\xa2\x8a\x00\x28\xa2\x8a\x00\x28\x7e\
\x86\x8a\x0f\x39\xa0\x08\x1a\xa1\x93\x26\xa7\x7c\xe4\xd4\x2f\xd2\
\xa9\x09\x95\x5f\xad\x57\x94\x60\xd5\xa7\x19\x3f\x8d\x57\x95\x7b\
\x8a\x64\x32\xbb\x0e\x2a\xbc\x8d\x56\x58\x71\x8a\xad\x2d\x04\x32\
\x19\x1b\x68\xe2\xa0\x69\x48\x19\x35\x34\xb5\x52\x53\xc6\x2a\xc4\
\x29\x9f\x07\xad\x20\x9c\xf7\xaa\xf2\x0d\xca\x79\xc1\x1c\x8f\xad\
\x56\x17\x44\x39\x8d\xfe\x57\xea\x33\xd1\x87\xb5\x00\x6a\x8b\x9f\
\x5a\x7a\xdd\xf3\x8c\xe2\xb2\xcc\xa4\x50\x26\xf7\xc5\x00\x6d\xa5\
\xd7\xa1\x15\x3a\x5d\x7a\x56\x0a\xdc\xfb\xd4\xab\x73\xc7\x06\x81\
\x9d\x14\x17\xad\x13\x02\x8e\x55\x87\xbd\x6c\xd9\x6b\xe1\x8e\xd9\
\xc6\xd3\xd3\x78\xe9\x5e\x6d\xe2\x4f\x19\xe9\xbe\x0e\xd1\xe7\xd4\
\xf5\x5b\x95\xb6\xb3\x84\x12\x58\x9e\x49\xec\x14\x77\x27\xb5\x78\
\xad\x86\xa3\xe3\x9f\xda\x27\x50\x79\x52\xee\xe7\xc1\x9e\x01\x56\
\xc2\x98\x3e\x5b\xbb\xe5\xf4\x0d\xd8\x1f\x51\xc0\xa9\x6a\xe5\x29\
\x34\xcf\xaf\xec\xf5\xdd\x3b\x51\xba\x96\xda\xd2\xfa\xde\xe6\xe2\
\x21\xba\x48\xa1\x90\x3b\x20\x3d\x32\x07\x4a\xbc\x4f\x18\xaf\x2b\
\xf0\x1e\x81\xa5\x7c\x3b\xd3\x63\xb0\xd0\x6d\x12\xce\x05\x00\x3b\
\x1f\x99\xe5\x3e\xae\xc7\x96\x27\xd4\xd7\x7b\x61\xe2\x28\x27\x01\
\x65\x1e\x53\x93\xd4\xf2\xb5\x0e\x2c\xd9\x4d\x3d\x19\xaa\x57\x27\
\x35\xc5\x78\xb7\xe1\x8e\x87\xe2\x16\x69\x25\xb6\x16\xf7\x07\xa4\
\xf0\x7c\xa7\x3e\xe3\xbd\x76\xca\xc1\x80\x20\x82\x3a\x8c\x1c\xd3\
\x65\x8c\x4a\x85\x71\xee\x3e\xb4\x93\xb3\x29\xc5\x48\xf9\xd3\xc4\
\x7f\x07\x75\x8d\x18\xbc\xb6\x58\xd4\xad\x87\x20\xc7\xc3\x81\xf4\
\xac\x6f\x0c\x5c\x3d\x9d\xec\xb6\x93\x23\x44\xee\x32\x15\xc1\x04\
\x11\xd7\x83\xeb\x5f\x4a\x90\xca\x76\x9e\x30\x6b\x33\x55\xf0\xd6\
\x99\xad\x32\xbd\xdd\x9c\x6f\x2a\x9d\xc2\x50\x30\xc0\x8f\x7a\xd3\
\x98\xe6\x74\xba\x9e\x52\x8c\x0f\x7c\xd4\xf1\xc9\xb4\xe2\xba\xbd\
\x47\xe1\xe6\x09\x6b\x09\xb9\xff\x00\x9e\x52\x9f\xe4\x6b\x9a\xbd\
\xd2\xef\x34\xd7\x2b\x71\x03\xa0\x1f\xc5\x8e\x3f\x3a\x77\x21\xa6\
\x89\x11\xfb\xd5\x88\xdf\x9c\x66\xb3\xa3\x93\x1d\x79\xab\x28\xd9\
\x39\x06\x98\x5e\xc5\xf4\x7c\x55\x98\xe4\xc8\xeb\x59\xf1\xc9\xc6\
\x2a\x74\x7a\x06\x68\xa4\x98\xf7\xab\x28\xf8\xac\xe8\xa4\xe2\xac\
\x47\x27\xbd\x4b\x03\x41\x1f\xde\xa7\x47\xc5\x50\x57\xa9\xd2\x5c\
\xd2\x02\xea\x4a\x4f\x7a\x99\x5b\x22\xa9\x07\xc7\x43\x52\xa4\x9e\
\xf4\x17\x72\xf2\x49\x8a\x95\x5b\x8e\xb5\x45\x25\xcf\x35\x32\x49\
\x91\x9a\x0a\xb9\x71\x5f\xde\xb9\x7f\x88\x9f\x0d\x74\x3f\x89\xba\
\x40\xb3\xd5\xed\xc1\x96\x22\x5e\xda\xe9\x47\xef\x20\x7c\x75\x53\
\xe9\xea\x3b\xe2\xba\x15\x92\xa4\xdf\x9e\x6b\x2a\x94\xa3\x56\x3c\
\xb2\x44\xca\x31\xa9\x1e\x59\x2b\xa3\xf3\xeb\xc7\x9e\x0f\xf1\x4f\
\xc1\xff\x00\x1a\xdb\xd9\xea\x96\x31\xcb\x61\x24\x87\xec\xba\x8c\
\x60\x98\xa6\x5c\x13\xd7\xb3\x7f\xb2\x6b\x43\xc3\xde\x33\xb8\x93\
\x56\x84\x18\x63\x0b\x86\xee\x7d\x2b\xee\x8d\x77\x41\xd3\x7c\x51\
\xa6\x49\xa7\xea\xb6\x91\xde\xd9\xcb\x9d\xd1\xca\xb9\xc7\xb8\x3d\
\x8f\xbd\x7c\x8f\xf1\x53\xf6\x7a\xf1\x2f\xc3\xfd\x60\x6b\x1e\x18\
\x8d\x35\x9f\x0f\x8c\xb3\xc3\xb4\x9b\x8b\x5f\x94\xe4\x11\xfc\x43\
\xdc\x57\xc5\xe3\x72\xea\xb8\x67\xed\x69\x3b\xc7\xb1\xf2\x98\xec\
\xa9\x6b\x2a\x68\xd1\xd0\x3c\x4d\x3b\xea\x0a\xbe\x4c\x7f\x70\xf7\
\x3e\x95\xd9\xe9\x5a\xe4\x93\x5d\x90\x63\x51\xf2\x9e\xf5\xf3\xcf\
\x87\x7c\x73\xa8\x7f\x6b\x85\x68\x62\x52\x15\x81\x05\x48\xc1\x1d\
\x6b\xd0\xfc\x3f\xe3\x1b\xc9\x75\x02\xa6\x38\xb1\xb0\x9e\x86\xbc\
\x25\x8a\xbe\x87\xca\x54\xc2\x72\xbd\x51\xec\x96\x37\xad\x2c\xc7\
\x2a\x06\x17\xfa\xd6\xb5\xb3\xf9\x8e\x72\x31\x81\x5e\x75\xa1\xf8\
\x9a\xe6\x6b\xa7\x0c\x91\xfd\xc3\xf7\x47\xbd\x75\x1a\x5e\xb7\x3c\
\x92\xbe\x55\x78\x19\xe9\x49\xe2\x2e\xcc\x23\x42\xc7\x4f\x14\x41\
\x89\xe4\xe3\xd2\xaf\xc4\x36\xa7\x5e\x07\x6a\xc3\xb1\xd4\x64\x91\
\x98\x15\x5e\x00\xe8\x2b\x46\x0b\x96\x72\xd9\x00\x63\x15\x8c\xab\
\x26\x6a\xa8\x96\xa3\x4f\xdf\x6e\x2c\x5a\x9d\x34\x61\xc8\x04\x9e\
\x3d\x29\x21\x62\xec\x73\xda\x9e\x57\x2d\xf5\xac\x95\x55\x71\xfb\
\x22\xbc\x68\x23\x97\x39\xfe\x13\x55\x9e\x15\x27\x93\xd6\xaf\xb2\
\x0e\x99\xea\x31\x51\x49\x10\x04\x1c\x9c\x8a\xde\x15\x35\x33\x95\
\x3b\x15\x67\x5c\xc7\x10\xcf\x4e\x6a\x8c\x91\x7c\xd8\xcd\x68\xce\
\xb9\xc0\xcf\x41\x54\xe5\x40\x1a\xbb\xa9\xcc\xe5\x94\x08\xad\x90\
\x2c\xae\xbc\x9c\x80\x71\x52\x48\x76\xb1\xe3\xa5\x42\xcc\x63\x97\
\x70\xeb\x8a\xad\x75\x7a\xc5\xe4\x5c\x01\xce\x2b\xba\x2e\xec\xe0\
\xa9\x0b\x94\xef\x11\x65\xba\x91\x81\x38\x2d\x59\xce\xa0\x48\xc3\
\x3d\xcd\x4f\x3d\xd3\x2c\xce\x30\x30\x0d\x64\x49\xa8\x49\xe7\xb8\
\xc0\xfb\xc4\x57\xb1\x4a\xaa\x47\x3b\xa7\xd0\x8d\xa5\x21\xcf\x19\
\xc1\x35\x92\xf7\x4c\x18\xe1\x47\x53\x50\x4d\xac\x4e\xb3\xba\xed\
\x4c\x6e\x23\xa7\xbd\x73\x6f\xe2\x3b\x9d\xe4\x04\x8f\xa9\xed\x5e\
\x94\x71\x51\x8e\xb7\x21\x51\xb9\x3b\xeb\x72\x02\xc3\xcb\x5e\xfd\
\xeb\x95\x97\xc4\x33\x2c\x12\x7e\xe9\x39\x53\xdc\xfa\x56\x7c\x9e\
\x29\xba\xcb\x9d\x91\xf7\xed\x5c\x35\xc7\x8c\xef\x7c\x99\x30\x90\
\xfd\xd6\xec\x7d\x2a\x27\x98\x28\xf5\x3b\xe9\x60\x9c\xb6\x45\xbb\
\xdf\x15\xce\xb6\x53\x93\x0c\x67\xf7\x64\xf5\x3e\x86\xbc\xee\xef\
\xc5\x57\x97\x56\x92\xc3\x0d\xa2\xcb\x34\x88\x55\x11\x01\x62\xcc\
\x7b\x01\xdc\x9a\xd9\xf0\x5e\x99\xe2\xff\x00\x8a\x1a\x89\xd2\x7c\
\x3d\xa5\x0b\xeb\x99\x17\x6b\x32\x82\x23\x8b\x23\x1b\x9d\xba\x01\
\x5f\x6b\xfc\x04\xfd\x97\xf4\x8f\x84\xf6\xd0\x6a\x7a\xcf\x91\xad\
\xf8\xa4\xae\x5a\xe3\x67\xee\x6d\xce\x3e\xec\x6a\x7b\xe7\x3f\x37\
\x5a\xc2\x12\xab\x8c\x77\x8e\xc7\xda\xe0\x32\x9b\xd9\xc9\x68\x79\
\x87\xec\xd3\xfb\x27\x5c\x49\x6f\x6b\xe2\x6f\x88\x96\x31\xa3\x38\
\x12\x5a\x68\x8c\x33\x8e\x84\x3c\xc3\xeb\x8c\x2f\xe7\x5f\x60\x12\
\xb1\xa8\x54\x01\x51\x70\x15\x54\x60\x00\x3a\x01\xf9\x52\x33\xf5\
\xe7\x35\x0b\xbe\x6b\xda\xa5\x4a\x34\x95\x96\xe7\xd9\xd2\xa3\x0a\
\x0b\x96\x0a\xc3\x9e\x4e\xdc\x54\x2c\xdd\xe9\x8c\xe0\x71\x51\x34\
\xa4\x74\xe6\xb5\x36\x1d\x24\x9d\xaa\x07\x7f\x5a\x47\x7e\xf5\x5e\
\x49\x33\x4d\x08\x24\x93\x9a\xad\x24\xb8\xa2\x49\x31\x55\xdd\xf3\
\xd6\xa8\x01\xde\xab\xc9\x26\x3a\x51\x24\x98\xe2\xa0\x77\xc6\x49\
\xa0\x1b\xb0\x48\xc0\x55\x47\x7d\xc6\x9d\x24\xb9\xa8\x19\xa8\x21\
\x88\xe7\x92\x6a\xac\xae\x49\x23\xa8\x14\xe9\x25\xed\xeb\xd6\xaa\
\x4d\x29\xce\x3a\x50\x48\xc9\x9f\x24\x8c\xe0\x56\x6d\xed\xce\x01\
\xf6\xe9\x53\x5c\xce\x11\x48\x06\xb0\x6f\xae\xce\x08\x26\xa9\x0a\
\xe5\x6b\xeb\xac\xe4\xe6\xb9\xeb\xeb\x9c\x67\x9f\x6a\xb9\x7f\x72\
\x39\xe6\xb9\xdb\xeb\x91\xcf\x39\xcd\x02\x48\xa9\x7f\x71\x92\x45\
\x67\x1e\x7b\x73\x4f\x92\x42\xe7\x35\x52\xee\xf6\x3b\x34\xdc\xe7\
\x9f\xee\x8e\xa6\x82\x89\xa5\x91\x61\x42\xee\xc1\x54\x77\x35\xce\
\xea\x1a\x8b\x5d\xb1\x55\x04\x45\xd8\x7a\xfd\x69\x97\x97\xcf\x78\
\xc4\xbf\x0b\xd9\x47\x41\x5a\xbe\x15\xf0\x2e\xbb\xe3\x6b\xc4\xb6\
\xd1\x74\xc9\xef\x18\xf0\x5d\x57\x08\xbe\xb9\x63\xc5\x1b\x16\x95\
\xcc\x1c\x7a\x7a\x57\x47\xe0\xcf\x87\xda\xf7\x8f\xef\x85\xb6\x8b\
\x61\x25\xce\x0f\xcf\x31\x18\x8e\x3f\x76\x63\xc0\xc5\x7d\x0b\xf0\
\xf7\xf6\x49\xb5\xb2\x11\xde\x78\xb2\xeb\xed\x92\x8c\x11\x63\x6e\
\x71\x18\xff\x00\x79\xbb\xfe\x15\xf4\x0e\x91\xa3\x58\x68\x36\x49\
\x67\xa7\x5a\x43\x65\x6c\x83\x0b\x14\x28\x15\x47\xf8\x9f\xad\x43\
\x91\xa2\x85\xf7\x3c\x83\xe1\x77\xec\xc7\xa2\xf8\x38\xc5\x7f\xad\
\x94\xd6\x75\x55\xe5\x55\x97\xf7\x11\x1f\x65\xfe\x23\xee\x6b\xda\
\xc0\x0a\x00\x0a\x02\x8e\x02\x81\x80\x07\xa5\x14\x56\x77\x6c\xd5\
\x2b\x05\x04\x71\xd6\x8c\x81\xd7\x9a\x0a\x93\xd4\x10\x3b\x67\x8c\
\x8a\x0a\x13\x3b\xb1\xb4\xf7\xeb\x5e\x5f\xf1\x0b\xe2\x6f\x8c\xbc\
\x19\x34\xa7\x4a\xf8\x69\xa8\x78\x92\xc5\x0b\x62\x7b\x3b\xc8\xf7\
\x10\x3b\xec\xea\x33\x5e\xa4\x07\xcb\xc2\x9d\xbe\xc3\x81\x41\x18\
\x19\xe7\xde\x90\x58\xf8\xcb\x58\xff\x00\x82\x8a\x49\xe1\x5b\xaf\
\xb3\xf8\x8b\xe1\x76\xbb\xa3\x4c\xad\x82\xb7\x0d\xb7\x03\xea\x46\
\x2b\xa1\xf0\xbf\xfc\x14\x6b\xe1\xae\xb7\x2c\x49\x7f\x65\xab\xe8\
\xdb\xba\xc9\x2c\x22\x45\x07\xfe\x03\x5f\x4e\x6b\x3e\x1f\xd3\x3c\
\x47\x6a\xd6\xfa\xae\x9d\x6b\xa9\x40\xc3\x06\x3b\xa8\x56\x41\xfa\
\x8e\xd5\xe0\x7f\x10\xbf\x61\x2f\x86\x7e\x32\x12\x4f\xa6\xd9\x4b\
\xe1\x7b\xf7\xe9\x2e\x9c\xdf\xba\xce\x3b\xc6\x78\xf7\xaa\x43\xb9\
\xeb\xfe\x04\xf8\xad\xe1\x2f\x89\x76\x62\xe3\xc3\x7a\xed\xa6\xa8\
\xa3\xef\x47\x14\x83\xcc\x5e\x33\xca\x9e\x6b\xad\xee\x47\xa5\x7e\
\x6f\xf8\xbf\xf6\x3a\xf8\x8f\xf0\x7e\xf1\xb5\x5f\x0e\x5c\x3e\xaf\
\x6b\x0f\xcc\xb7\x7a\x53\xb4\x77\x08\x3a\xe5\x93\xad\x76\xdf\x09\
\xbf\x6c\xbf\x14\xf8\x5a\x64\xd3\x3c\x69\x68\xfa\xd5\xac\x47\x63\
\x4c\x57\xcb\xba\x87\x1e\xa3\xf8\xbf\x1a\x76\xb9\x37\xb1\xf7\x4d\
\x15\xcc\xf8\x17\xe2\x47\x87\xbe\x23\x69\x8b\x7d\xa1\xea\x11\xdd\
\x26\x06\xf8\x89\xc4\x91\x9e\xfb\x97\xa8\xae\x9a\xa5\xab\x05\xc6\
\xcb\x12\x4d\x13\xc7\x22\x87\x8d\x97\x0c\xac\x32\x18\x1e\xd5\xf3\
\x5f\x8c\xfc\x15\x37\xc1\x4f\x88\x7a\x7f\x8a\x34\x58\xca\xe8\xd3\
\x4c\x09\x89\x7a\x47\x9f\xbf\x19\xf6\x23\x24\x7d\x2b\xe9\x6a\xcd\
\xf1\x1e\x81\x69\xe2\x8d\x16\xeb\x4c\xbd\x50\xd0\xdc\x2e\x33\xfd\
\xd2\x3a\x30\xf7\x07\x06\xaa\xe4\xb8\xdf\x52\xfd\xbc\xf1\xdd\x5b\
\x43\x3c\x2c\x1a\x29\x51\x5d\x18\x77\x04\x02\x3f\x43\x4f\xae\x6b\
\xe1\xdc\x37\x36\x1e\x16\xb7\xd3\xaf\x4e\x6e\x74\xf7\x7b\x36\x6f\
\xef\x04\x6f\x94\xfe\x2b\x8a\xe9\x6a\x0a\x5b\x05\x14\x51\x40\x05\
\x14\x51\x40\x05\x14\x51\x40\x05\x14\x51\x40\x05\x14\x51\x40\x05\
\x14\x51\x40\x05\x14\x51\x40\x05\x14\x51\x40\x05\x14\x51\x40\x05\
\x14\x51\x40\x05\x14\x51\x40\x05\x14\x51\x40\x05\x14\x51\x4c\x06\
\x48\x33\x50\xb8\xe2\xac\x30\xc8\xa8\x88\xcd\x35\xa8\x99\x51\xd7\
\x9e\x3b\xd5\x77\x5c\xe7\x35\x6e\x45\xef\x50\x4a\x9c\x66\x99\x0c\
\xa6\xcb\xd6\xab\x48\xb8\xab\x92\x0c\x66\xa0\x90\x64\x50\x43\x29\
\x3a\xd5\x69\x57\x26\xaf\x48\xbc\xf3\xc5\x54\x91\x6a\xae\x22\x93\
\xe7\x15\x56\xe2\x15\x9d\x36\xb8\xcf\x7c\xd5\xe7\x03\x26\xab\xb8\
\xe7\x1d\xa9\x81\x8c\xf7\x52\x58\xb8\x4b\x83\xba\x23\xc2\xcc\x3f\
\x91\xab\x61\x83\x0c\x83\x91\x8c\xf1\xde\x9f\x71\x12\xc8\x08\x70\
\x18\x1e\xa3\xda\xb2\x65\x49\xb4\x92\x64\x87\x33\x5a\xe7\xe6\x8f\
\xba\x7b\x8a\x00\xd3\x0c\x45\x53\xd6\xb5\xdb\x6f\x0e\xe9\xb3\xdf\
\xde\x4c\x22\xb7\x89\x77\x31\xf5\x3e\x83\xd4\x9a\x9e\xce\xea\x2b\
\xc8\xc3\xc4\xdb\x81\xea\x0f\x5c\xd7\x25\xaa\x68\x0d\xe3\x9d\x69\
\x1e\xf0\x91\xa2\x59\x3f\xc9\x17\x4f\xb4\x49\x9e\x5b\xfd\xd1\xfa\
\xd0\x07\x23\xa4\xf8\x5e\xfb\xe3\x1e\xb7\x17\x88\x3c\x4c\x8f\x0e\
\x81\x6e\xf9\xb0\xd2\xf3\x81\x27\x3f\x79\xbd\x7d\xfd\x71\x5e\xd1\
\x6c\xf1\x5b\x45\x1c\x51\x46\xb1\x44\x8b\xb5\x23\x41\x80\xa3\xd0\
\x55\x64\x45\x89\x16\x34\x55\x44\x55\x0a\x15\x47\x00\x52\x8e\x28\
\x03\x4d\x6e\xbd\x0e\x2a\x74\xba\x23\x07\x3d\x2b\x1c\x92\x3a\x57\
\x92\xfc\x6d\xf8\xf9\x0f\xc3\x6b\x67\xd3\x74\xb5\x5b\xef\x11\x4a\
\xbf\x2c\x7d\x56\xdf\xd1\x9f\xd4\xfa\x2d\x00\x7a\xc7\x8a\xbe\x34\
\xe9\x9f\x0d\x12\xd9\x2f\x2e\x5a\x7b\xeb\xc7\x58\xac\xf4\xa8\x07\
\x99\x71\x74\xe7\xa2\xa2\xfb\xfa\x9e\x2b\xd1\xfc\x3b\xe2\xd3\xa9\
\x69\xf6\xed\xa8\xc0\xba\x75\xf3\xa8\x69\x21\x57\xde\xa8\xdf\xdd\
\xdd\xdf\x19\xfd\x2b\xe5\x0f\x80\x5f\x0b\x6f\xad\xaf\x24\xf1\xe7\
\x8c\xe4\x96\xff\x00\xc5\x5a\x82\x93\x00\xb9\xe4\xda\x44\x7d\x07\
\xf0\xb1\x18\xe9\xd0\x1a\xf7\x94\xb8\xf7\xa9\xb1\x6a\x4d\x1e\x9f\
\x70\x8b\x20\xf3\x10\x86\x1e\xa3\x9c\x8a\xaf\x8a\xe2\xac\xfc\x55\
\x26\x89\x13\x3b\xcd\x1a\xdb\x01\xb9\xc4\xc7\xe5\x18\xf7\x3d\x2b\
\xcd\xfc\x71\xfb\x62\x78\x6f\x49\x71\x61\xe1\xdd\x3a\xe7\xc4\x1a\
\xd3\x3f\x96\x22\x80\xfe\xe7\x77\xb3\x75\x3d\x7b\x54\xd8\xd1\x49\
\x34\x7b\xe6\x79\xf7\xa4\x95\x56\x54\xda\xea\x1d\x7a\x61\x87\x15\
\xe7\x5f\x09\x35\x0f\x88\xfa\xfd\xcb\x5d\x78\xb3\x4e\xb0\xb4\xb1\
\xb8\xb6\x37\x10\xdb\xd9\xe4\xc9\x6a\x72\x02\xab\x9e\xe5\x86\xee\
\x3a\x8d\xbe\xf5\xe9\x0e\x8c\x8d\x86\x52\xa7\xd0\x8c\x52\x28\xc1\
\xd4\x7c\x1b\xa7\xdf\x92\xea\x86\xde\x43\xd4\xc7\xd3\xf1\x15\x81\
\x77\xe0\xab\xdb\x3c\xb4\x2c\xb7\x29\xdb\x6f\x07\xf2\xae\xef\xb7\
\xb5\x14\xee\x43\x8a\x67\x96\xc9\x04\xd6\xac\x56\x68\x9e\x36\xf4\
\x22\x9f\x1c\xa0\xe2\xbd\x32\x6b\x78\xa7\x52\xb2\xa2\xba\x9e\xcc\
\x33\x59\x17\x5e\x12\xb1\xb9\x24\xa0\x68\x1b\x3f\xc0\x78\xa7\xcc\
\x4b\x89\xc8\xa3\xf0\x79\xe2\xa7\x8e\x53\xf9\x56\x8d\xc7\x84\x6e\
\xa1\xff\x00\x52\xe9\x30\xf4\xe8\x6b\x36\x7b\x2b\x9b\x46\xc4\x90\
\x3a\x77\xe9\xc7\xe7\x55\x72\x2c\xcb\x51\xc9\xef\x53\xa4\x95\x9a\
\x92\x60\xf2\x7f\x0a\xb2\x92\x01\xd3\xf1\xa5\xb8\x8d\x04\x93\x26\
\xa5\x47\x07\x8e\x95\x46\x39\x3d\xea\x64\x72\x3b\xd1\x60\x2e\x87\
\xdb\xd2\xa5\x49\x06\x05\x52\x49\x38\xa9\x55\xb8\xeb\x48\x68\xba\
\xb2\x66\xa5\x57\xaa\x2b\x26\x0d\x48\xb2\xf3\x41\x49\x97\x83\x8a\
\x78\x7c\x8a\xa6\xb2\x1e\xfc\xd4\x81\xc5\x1d\x2c\x35\xe6\x79\x87\
\xc4\x9f\xd9\xef\x45\xf1\xa4\xd2\x6a\x5a\x58\x4d\x0f\x5d\xc1\xff\
\x00\x48\x8a\x3c\xc5\x2f\x18\xf9\xd3\xfa\x8e\x6b\xe6\x6f\x10\x78\
\x53\xc7\xff\x00\x0c\x75\xe7\x4d\x63\x4f\x8c\xd9\x95\x61\x1d\xfd\
\xbc\x7b\xe1\x71\xdb\x9e\xdf\x43\x5f\x75\x89\x31\x49\x71\x14\x37\
\xb0\x49\x04\xd1\x24\xd0\xb8\xc3\x47\x22\x86\x52\x3e\x86\xbe\x7b\
\x1d\x93\x51\xc5\x7b\xd0\xf7\x65\xe4\x70\x57\xc0\xd2\xaf\x77\x6d\
\x4f\x87\x3c\x33\xe3\xbd\x49\xef\x5f\x3e\x4e\x0c\x79\xe1\x3d\xeb\
\xb8\xd0\x7c\x67\xa8\x4b\x3c\xb9\xf2\xb8\x51\xfc\x3e\xf5\xe9\xfe\
\x35\xfd\x9b\xf4\x5d\x6a\x59\x2e\xfc\x3f\x70\x7c\x3d\xa8\x38\x39\
\x11\xa6\xf8\x58\x9e\x79\x5e\xdc\xfa\x57\x87\xeb\x7f\x0c\x3e\x27\
\x78\x0a\xea\xe2\x49\x6d\xe2\xd4\xec\x82\xfc\xb7\x56\x31\x87\x1d\
\x7b\xaf\x51\x5f\x07\x8c\xcb\x31\x98\x3d\x5c\x79\x97\x74\x78\x15\
\x72\xe9\xc1\xec\x7a\x66\x8f\xe2\x9b\xd7\x69\x73\xe5\xe7\x8f\xe1\
\xf7\xae\x87\x4e\xf1\x0d\xdb\x99\x33\xb0\x60\x0e\xd5\xf3\xc6\x89\
\xe3\x8d\x6e\x3b\x99\xe3\x99\x96\x37\x50\x32\xaf\x16\x08\x39\xef\
\x5d\x46\x8d\xe3\x8d\x59\xda\x60\x66\x43\x80\x0f\xdc\xaf\x9d\x95\
\x7e\x57\xef\x68\x70\x3a\x0e\x2e\xcc\xf7\x3b\x3d\x6e\xe1\xb7\xf2\
\x9d\x47\x6a\xb9\x1e\xab\x3b\xe4\x9d\xa4\xfd\x2b\xc8\xb4\xdf\x18\
\xea\x6e\xb2\x13\x2a\x75\x1f\xc1\x5a\xb6\xbe\x2d\xd4\x48\x6c\xc8\
\x99\xc8\xfe\x0a\x9f\x6f\xae\xe4\x4a\x93\x47\xa5\xb6\xa7\x37\x53\
\x8f\xca\xa3\x6d\x4a\x53\xd8\x7e\x55\xc0\x0f\x15\xea\x04\x7f\xad\
\x4f\xfb\xe2\xa3\x93\xc5\x5a\x80\x7f\xf5\x8b\x8c\x7f\x72\xba\xe1\
\x5c\xc1\xd1\x67\x79\x36\xa1\x2e\xf3\x8d\xbf\x95\x52\x9f\x53\x94\
\x4a\x71\xb7\xb7\x6a\xe2\x65\xf1\x5e\xa1\xbf\xfd\x62\x7f\xdf\x22\
\xa8\xdc\x78\xaf\x51\x12\x9c\x48\x9d\xbf\x82\xbb\xa9\xe2\x0e\x39\
\x51\x6c\xed\x2e\x75\x9b\x85\x99\x97\xe5\xc7\x1d\xab\x2a\xe7\x5c\
\xb8\x13\xc8\x3e\x4e\xbe\x95\xc4\xde\x78\xbb\x52\xfb\x4b\xe2\x44\
\xed\xfc\x15\x87\x79\xe3\x4d\x4c\x5c\xc9\xfb\xd8\xc1\xcf\xf7\x2b\
\xbe\x18\x94\xba\x9c\xef\x0c\xdb\x3b\x6b\xbf\x11\xdc\xad\xdc\xa3\
\xe4\xc0\x63\xfc\x35\xce\xdc\x78\xa2\xf4\x5c\xcb\x8f\x2f\x87\x38\
\xf9\x7d\xcd\x71\x17\xbe\x35\xd5\x7e\xd7\x37\xef\x53\x1b\x8f\xf0\
\x0a\xe5\x2e\xfc\x6f\xaa\xfd\xaa\x7f\xde\xa7\xdf\x3c\xf9\x63\xde\
\xba\xe3\x8c\x4b\x66\x54\x70\x4e\x4e\xd6\x3b\x79\xfc\x57\x7d\xf6\
\xa7\xe6\x3f\xbe\x7f\x87\xfd\xaa\xe3\x24\xf1\xa6\xa2\x25\x7f\xf5\
\x5c\x31\xfe\x0f\x7a\xc9\xd0\x4f\x8d\xbc\x63\xa9\x3c\x1a\x36\x9b\
\x3e\xa2\xed\x21\xc3\x45\x6f\xf2\xf5\xee\xdd\x00\x15\xeb\xdf\x0e\
\x3f\x64\x3f\x17\x6a\x92\xa5\xe7\x8c\xb5\xa8\x34\xbb\x66\x3b\x8d\
\x95\x92\x07\x98\x82\x73\x82\xdd\x16\xbb\xe8\xfb\x7c\x4b\xb5\x34\
\xcf\x5f\x0f\x94\xce\x7a\xa8\xa3\xc1\xad\x3c\x4b\xae\x6a\x97\xbf\
\x64\xb2\xb6\xfb\x5d\xcc\x84\x84\x86\x18\x8b\x31\x3d\x30\x00\xaf\
\x68\xf8\x39\xfb\x25\x78\xab\xc4\xde\x4e\xa1\xe3\x99\x93\x44\xd3\
\x9c\x06\x1a\x7c\x2a\x3e\xd3\x20\xff\x00\x68\xf4\x4e\x3f\x1a\xfa\
\x9f\xc0\xbf\x0a\xbc\x2f\xf0\xda\xd8\x45\xa1\xe9\x71\x5b\xcb\xfc\
\x77\x4e\x37\x4c\xfe\xe5\x8f\x3f\x95\x75\x6d\x27\x24\x0a\xfa\x0c\
\x2e\x5b\x6f\x7a\xbb\xbf\x91\xf5\x18\x7c\xb2\x9d\x25\x79\xad\x4c\
\x6f\x07\xf8\x2b\x43\xf8\x7d\xa3\x47\xa5\xe8\x1a\x74\x3a\x75\xa2\
\x0c\x15\x8d\x7e\x67\x3e\xac\xdd\x58\x9a\xd9\x69\x32\x0e\x0d\x46\
\xef\xba\xa3\x66\xed\x5e\xf4\x52\x82\xb2\x47\xae\xac\x95\x90\xf6\
\x93\x9e\x6a\x37\x93\x15\x1b\x49\x8e\xb5\x1b\xbe\x69\x80\xe9\x24\
\xe6\xa0\x77\xc7\x04\xd3\x1e\x4a\x82\x49\x31\xd2\x9d\x84\x3e\x49\
\x6a\xb4\x92\xd3\x5e\x4c\xd4\x2c\xf9\x19\x26\xa8\x05\x77\xcf\x53\
\x55\xe4\x93\xd2\x96\x47\xcd\x57\x76\xc6\x79\xa0\x01\xdf\x1c\x9a\
\xad\x2c\x85\x89\xa2\x49\x37\x1c\x7a\x54\x2c\xe0\x0a\x09\x11\x9a\
\xa0\x91\xf8\xc7\x7a\x59\x64\xc5\x55\x92\x4d\xa0\xfb\xd0\x4d\xc6\
\xcd\x20\x1c\x77\xaa\x73\x4a\x23\x19\x3d\xe9\x66\x97\x19\x27\xeb\
\x8a\xca\xbd\xbc\x24\x1e\x4d\x50\x88\x2f\x6f\x0f\xcc\x33\xd2\xb0\
\x2f\x6e\x72\x09\x27\xbd\x4f\x79\x77\x80\x79\xeb\x58\x77\x13\xc9\
\x33\x79\x71\x23\x48\xe7\xa2\xaa\x96\x27\xdb\x02\x9e\x84\xee\xca\
\xb7\xd7\x58\x27\x9a\xc0\xba\xb8\xc9\x39\x6c\x01\xdf\xb0\x15\xd8\
\xd8\x7c\x33\xf1\x6f\x89\x25\x29\x63\xa3\x4f\x8e\xf2\xce\x3c\xb4\
\x1f\x52\x6b\xbc\xf0\xef\xec\x97\x3d\xdb\x24\xde\x26\xd6\xf6\xa8\
\x39\x36\x96\x0b\xc7\xd0\xb1\xa9\xba\x35\x50\x67\xce\xf7\x9a\xbe\
\x09\x86\xd9\x4c\x92\x1e\x32\x06\x7f\x21\xdc\xd7\x53\xe0\xff\x00\
\x81\x3e\x33\xf1\xd4\x89\x34\x5a\x7b\xda\x5a\x9c\x66\xea\xfb\xe4\
\x5f\xa8\x1d\x4d\x7d\x7d\xe1\x2f\x84\x1e\x12\xf0\x52\xaf\xf6\x6e\
\x91\x07\x9e\xa7\xfe\x3e\x27\x1e\x64\x99\xf5\xc9\xae\xcb\xd0\x03\
\x80\x3a\x0f\x4a\x97\x2e\xc6\xca\x1d\xcf\x0b\xf0\x3f\xec\x9d\xe1\
\xed\x13\xcb\x9f\x5d\x9d\xf5\xab\x95\xc1\x31\x01\xb2\x10\x47\xb7\
\x53\x5e\xd7\xa6\xe9\x36\x7a\x35\xaa\x5a\xd8\xda\xc5\x69\x6e\xb8\
\xc4\x50\xa0\x55\xe3\xe9\x56\xb3\x49\xdb\x1d\xab\x36\xdb\x34\xb2\
\x0c\x73\xdf\xeb\x45\x14\x1c\x0a\x41\xa8\x51\x9a\xb1\x0d\x93\xc8\
\x9e\x63\x62\x38\xff\x00\xbe\xfc\x0a\xc1\xf1\x96\xb9\xa8\x78\x7f\
\x4e\xfb\x4e\x91\xa1\x4d\xaf\x94\xcf\x9b\x04\x12\xac\x73\x11\x8e\
\xa8\x1b\x83\xcf\x6a\x63\x35\x8a\xee\x04\x74\xc8\xc6\x6b\xc9\xbc\
\x63\xfb\x3d\xdb\xf8\xa4\xbc\x90\x78\xcb\xc5\x3a\x4c\xc4\xee\x43\
\x6f\x7e\x5a\x35\xfa\x29\x15\x9f\xa5\xfe\xd7\x1e\x01\x9b\x53\x6d\
\x2f\x58\xb8\xbd\xf0\xae\xa8\x8c\x15\xed\x75\x9b\x66\x84\x86\xf4\
\xcf\x4f\xc7\xa5\x7a\xce\x89\xe2\x2d\x2f\xc4\x76\x8b\x75\xa5\x6a\
\x36\xda\x8d\xb9\x19\x12\x5b\x4a\x1c\x7b\x74\xa7\xb0\x5c\xf9\x43\
\xc5\x1f\xb3\x8f\xc6\x7f\x09\x6f\xba\xf0\x9f\xc4\x7b\xed\x6e\x25\
\xcb\x0b\x5b\x99\xcc\x72\x9f\x6e\x7e\x53\x5c\xdf\x86\x7f\x6a\xbf\
\x89\x7f\x0c\x35\xb5\xd2\xbc\x7f\xa5\xc9\xa8\x46\xa4\x09\x16\xe6\
\x1f\x26\xe0\x00\x7a\xab\x0e\x1b\x8a\xfb\x8c\x72\x38\xe6\xb9\xff\
\x00\x1a\xf8\x03\x40\xf8\x85\xa5\x3e\x9f\xaf\x69\xd1\x5f\xc2\xc3\
\xe5\x66\x5c\x3a\x1f\x55\x6e\xa3\x14\x5c\x5a\x94\x7e\x1c\xfc\x54\
\xf0\xef\xc5\x2d\x2c\x5e\xe8\x57\xc9\x33\x28\x1e\x75\xb3\xfc\xb3\
\x42\x4f\x66\x5f\xeb\xd2\xba\xef\x7a\xf8\xa3\xc7\xdf\x01\xbc\x4d\
\xf0\x1f\x59\x1e\x26\xf0\x85\xf5\xc4\xfa\x5c\x2d\xbb\xcf\x8b\xfd\
\x6d\xba\xfa\x48\x3f\x89\x7d\xfd\x2b\xdf\x7e\x07\xfc\x78\xb2\xf8\
\x9b\x64\xb6\x3a\x80\x8e\xc7\xc4\x11\xa8\x2d\x16\x7e\x4b\x81\x8c\
\xee\x8f\xf0\xea\xbd\xaa\x9a\xec\x4d\xf5\xb3\x3d\x6c\x7e\x39\xfc\
\xab\xce\xbe\x24\xfc\x04\xf0\x8f\xc4\xf8\x1d\xb5\x0d\x3d\x2d\x75\
\x23\x9d\xba\x8d\xa2\x84\x94\x13\xfd\xec\x7d\xef\xa1\xaf\x44\xed\
\xfa\xd1\x53\x72\x8f\x86\xbc\x4f\xf0\x5b\xc6\x7f\x02\x75\x81\xab\
\xe9\x77\x52\xcb\x67\x1b\x7e\xef\x52\xb2\xc8\xc0\xf4\x91\x7b\x71\
\xeb\xc5\x7b\x8f\xc2\x4f\xda\x46\xdb\xc4\x6b\x0e\x9b\xe2\x50\x96\
\x3a\x89\xc2\xa5\xe2\xf1\x14\xc7\xdf\xfb\xa7\xf4\xaf\x71\x92\x14\
\x99\x1a\x39\x51\x64\x8d\x86\x19\x1c\x64\x11\xe8\x45\x78\x8f\xc4\
\x7f\xd9\xca\xd2\xfe\x49\x75\x2f\x0c\x2a\xda\xdc\x9c\xb3\xd8\x9e\
\x23\x73\xfe\xcf\xf7\x49\xf4\xaa\x4d\x5b\x53\x36\xb9\x5d\xd1\xee\
\x0a\xc1\xd0\x32\x9d\xca\x40\x20\x8e\x84\x1e\x7a\xd2\xe0\x66\xbe\
\x7f\xf8\x61\xf1\x17\x51\xf0\x65\xd2\xe8\x3e\x21\x59\x85\xa2\x91\
\x1a\xb4\xc0\xf9\x96\xe7\x3f\xaa\xd7\xbf\xa4\x91\xcd\x1a\xc9\x1b\
\x2b\xa3\x8c\x86\x53\x90\x41\xe8\x45\x4b\x56\x2a\x2e\xea\xe0\xa8\
\xaa\xc4\x85\xf9\x89\xc9\x3e\xb4\xa0\x71\x45\x15\x25\x05\x14\x51\
\x40\x05\x14\x51\x40\x05\x14\x51\x40\x05\x14\x51\x40\x05\x14\x51\
\x40\x05\x14\x51\x40\x05\x14\x51\x40\x05\x14\x51\x40\x05\x14\x51\
\x40\x05\x14\x51\x40\x05\x14\x51\x40\x05\x14\x51\x40\x05\x14\x51\
\x40\x05\x32\x41\x8a\x7d\x23\x8c\x8a\x60\x55\x71\x9a\xaf\x22\xe7\
\x22\xae\x3a\xf5\xa8\x1d\x32\x73\x4d\x12\xd1\x4a\x44\xa8\x19\x6a\
\xe4\x8b\x55\xe4\x5c\x72\x29\x90\xd1\x52\x45\xaa\xb2\xad\x5e\x91\
\x72\x2a\xbb\xa6\x73\x41\x06\x7c\xa8\x6a\xbc\x8b\x91\xd2\xaf\x4a\
\xa4\x55\x69\x06\xd3\x56\x05\x27\x5d\xd9\x24\x55\x77\xe0\x9e\x2a\
\xe4\x89\x8a\xaf\x2a\x66\x80\x31\x6f\xb4\xb7\x89\xda\xe2\xc8\xf9\
\x72\x03\x92\x83\xa3\x7d\x29\xda\x76\xad\x1d\xc1\x10\x3a\x88\x26\
\x5c\xae\xdc\x61\x7f\x0a\xd3\x3f\x2d\x50\xd4\x34\x98\xef\x86\x41\
\x11\xcd\xd9\xc5\x00\x5e\x23\x14\x99\xac\x3b\x7d\x4e\x7d\x32\x51\
\x05\xea\x96\x51\xc0\x71\xfc\xea\xde\xb7\xe2\x0b\x4d\x13\x44\x9b\
\x52\x95\xc3\x43\x1a\xe4\x05\x3c\xb9\xec\xa3\xdc\xd0\x07\x29\xf1\
\x73\xe2\x42\x78\x07\x43\x65\xb6\x2a\xfa\xcd\xc8\x2b\x6f\x19\xe7\
\x67\x63\x21\xf6\x1d\xbd\xeb\xca\x3e\x06\x7c\x25\x97\xc4\xfa\xc1\
\xf1\x8f\x88\x95\xae\x62\x59\x4c\x96\xe9\x3f\x26\xe2\x5c\xff\x00\
\xac\x6c\xff\x00\x08\x3d\x3d\xea\xde\x83\xe1\x5b\xcf\x8b\x9e\x35\
\x9e\xff\x00\x54\x66\x16\x48\xc1\xa7\x65\xe8\x17\xb4\x6b\xfa\xfe\
\x1c\xf7\xaf\xa1\x6d\xe0\x8a\xca\xda\x1b\x78\x22\x58\x60\x8d\x42\
\x24\x68\x30\xaa\x07\x40\x28\x02\x52\x71\xc5\x73\xfe\x34\xf1\xd6\
\x99\xe0\x4d\x34\xdd\x5f\xcb\xfb\xc6\x04\x45\x6f\x1f\xdf\x94\xfb\
\x7b\x7b\xf6\xa8\xfc\x77\xe3\x6b\x4f\x05\x69\x0d\x73\x36\x25\xba\
\x70\x44\x16\xe0\xf2\xed\xef\xe8\x3d\x6b\xe7\x48\xb4\xbd\x7b\xe2\
\xe7\x8a\x98\xb3\x99\xae\x1f\xfd\x64\xac\x3f\x75\x04\x7e\x98\xec\
\x07\x61\xde\x80\x21\xf1\x17\x8c\x7c\x5d\xf1\xa7\x5a\x4d\x2e\xd1\
\x64\x5b\x67\x39\x4b\x2b\x72\x42\x28\xcf\xde\x73\xdf\x8e\xe6\xbd\
\xd3\xe1\x4f\xc1\xbd\x2b\xe1\xcc\x09\x75\x22\xa5\xf6\xb6\xe9\x87\
\xba\x61\x91\x1f\xaa\xa0\xec\x3d\xfa\xd6\xef\x81\xfc\x07\xa6\xf8\
\x0b\x4c\x16\xd6\x31\x86\x99\xc6\x67\xb9\x61\xf3\xca\xde\xa7\xd0\
\x7b\x7a\x57\x47\x9a\x37\x05\xa1\xaf\x61\xab\xdc\x58\x4a\x24\xb7\
\x99\xe1\x6e\xbf\x21\xc6\x7e\xb5\xd5\xe9\xbf\x11\xa5\x2a\x23\xd4\
\x6d\xa3\xbb\x4e\xef\x8c\x35\x79\xf6\xe3\x4f\x49\x99\x7f\x95\x4d\
\x91\x6a\x4d\x6c\x7a\xfd\x9d\xfe\x87\xad\x01\xe4\x4e\xd6\x92\x11\
\xf7\x58\xd5\xb9\xbc\x39\x30\x52\xd0\x3a\x5c\xaf\xfb\x07\x06\xbe\
\x4f\xf8\xc5\xfb\x43\xf8\x73\xe0\xae\x9a\x1f\x50\x95\xaf\x75\x99\
\x57\x75\xb6\x97\x6a\x73\x34\xbe\x84\xff\x00\x74\x67\x1c\x9a\xb3\
\xf0\x4f\x5d\xf8\x89\xe2\x2b\x9b\x6f\x19\x78\xda\xf5\xf4\xd0\x47\
\x99\xa6\x78\x66\xd9\x8a\xc7\x6a\x8c\x38\x79\x8f\x57\x72\x0f\x43\
\xc0\xa8\xb3\x35\x8c\xd3\xf8\x91\xf4\xc4\xf6\x37\x16\xbc\x4b\x0b\
\xa7\xe1\x55\xcf\xa8\xe7\xe9\x5c\x36\xb3\xfb\x58\x78\x77\xc2\xd3\
\xae\x9f\x77\x23\x6a\xfa\xb3\x1d\x91\x69\xf6\x0b\xe6\xca\xed\xe9\
\xc7\x03\xf1\xaf\x44\xf0\xa7\x89\x20\xf1\x3e\x96\x2e\x75\x7d\x36\
\x2d\x2a\xe6\x43\x95\xb7\x59\x37\xb4\x6a\x7a\x07\x23\x8d\xde\xb8\
\xa5\xa9\xa2\x50\x96\xcc\xab\xd3\xaf\x4a\x30\x18\x61\x86\x47\xa5\
\x74\xad\xe1\xab\x3b\xa5\xdd\x69\x73\xf4\x19\xcd\x52\x9f\xc2\xf7\
\x70\x9c\xa6\xd9\x87\xb1\xc1\xa1\x34\x81\xc2\x48\xe6\xae\x34\x6b\
\x3b\x82\x77\xc0\xb9\x3d\xd7\x83\x59\xf3\x78\x52\x13\xcc\x33\x32\
\x7f\xbc\x32\x2b\xa5\x9b\x4f\xb9\x83\x22\x48\x5d\x31\xea\x38\xaa\
\xf8\xc1\xf7\xaa\xe6\x33\x6b\xb9\xca\xc9\xe1\xeb\xc8\x8f\xc8\x16\
\x4c\x7f\x74\xf3\x55\xde\xd6\xe2\x1e\x24\x85\xd7\x1e\xd5\xd9\x63\
\x22\x8c\xf1\x83\xc8\xa7\x72\x5c\x17\x43\x8e\x47\xc7\x5e\x3d\xaa\
\x45\x93\xb5\x74\xf2\x5a\x41\x2f\xde\x8d\x4f\xbe\x31\x55\xe4\xd1\
\x6d\x9c\x64\x29\x43\xec\x68\xbd\xc9\xe4\x6c\xc5\x12\x7b\xd3\xc3\
\x03\x57\x9b\x41\x07\xee\x4a\x47\xa0\x22\xa3\x7d\x1a\xe1\x3e\xeb\
\x23\x7d\x0d\x02\xe5\x68\x85\x64\x35\x22\xcb\x4d\x36\x37\x31\x7d\
\xe8\x8f\xe1\x51\xb2\x3a\x7d\xe4\x61\xf5\x14\x05\x99\x64\x4b\x52\
\x2c\xbb\x7a\xf3\x50\x45\x6b\x3c\xb8\x31\xc6\xce\x3f\xd9\x14\xad\
\x0c\xf1\x9e\x62\x75\xf6\x2a\x68\x0d\x4b\x02\x4c\xf7\xa7\x87\xfc\
\x7b\x55\x31\x21\x07\x07\x20\xfb\xf1\x4e\xde\x3d\x7f\x5a\x56\x43\
\x32\xf5\xbf\x04\x78\x7f\xc4\x7b\xce\xa1\xa4\xdb\x4e\xec\x3e\x69\
\x3c\xb0\xaf\xf9\x8a\xf3\x3d\x7f\xf6\x68\xb3\x9d\xe4\x93\x43\xd7\
\xef\x34\x97\x7e\x44\x52\xa2\xcb\x18\xf6\xf5\xc5\x7b\x0f\x99\xfe\
\xd5\x3b\xcc\x38\xe0\xd7\x9b\x5f\x2c\xc2\x62\x7f\x89\x4d\x18\x4a\
\x8d\x39\xee\x8f\x98\x2f\x7f\x67\xff\x00\x89\x1a\x47\x9a\x6c\x35\
\xbb\x0d\x4e\x32\x72\xa0\x0f\x2d\x88\xfa\x1a\xe6\xaf\x3c\x1b\xf1\
\x5b\x47\x0f\xe7\x69\x97\x0e\xa0\xe7\x74\x08\xae\x0f\xe5\x5f\x62\
\xf9\x84\xfe\x14\x79\xbe\xf5\xf3\xd5\xb8\x53\x07\x51\xde\x0d\xc4\
\xe6\x96\x0a\x94\xbc\x8f\x88\xa5\xbf\xf1\xcd\x90\x22\xe2\xce\xfa\
\x22\x0f\x56\xb5\x3f\xe1\x54\xe7\xf1\x4f\x8a\x10\x8d\xfe\x7a\x1e\
\x9c\xdb\x9f\xf0\xaf\xba\x0c\xa1\xbe\x53\xd3\xd0\xf3\x51\x1b\x7b\
\x77\x3f\x35\xbc\x4d\xf5\x8d\x4f\xf4\xaf\x39\xf0\x8a\x4f\xdd\xaa\
\xcc\x1e\x5f\x19\x75\x3e\x10\x97\xc5\xbe\x26\x0f\x90\xf3\x1c\xff\
\x00\xd3\x03\xfe\x15\x04\x9a\xef\x8c\x6e\x67\x22\x28\x2e\xe4\x3c\
\x63\x65\xa9\x3f\xd2\xbe\xf4\x36\x96\xbf\xf3\xef\x00\xfa\xc4\xbf\
\xe1\x4f\x44\x89\x3e\xe2\x22\x1f\x55\x50\x2b\x68\x70\xb3\x5b\xd5\
\x27\xfb\x36\x3d\xcf\x83\x6d\xf4\x7f\x89\x7a\xbd\xc3\x7d\x93\x48\
\xd4\x26\xc8\x07\xfe\x3d\xb1\xdb\xde\xb6\xac\x3e\x05\x7c\x5f\xd6\
\xee\x99\x9a\x08\x6c\x21\x73\xc3\xdd\x3a\xaf\x1e\xe2\xbe\xdb\x13\
\x7b\x9a\x61\x94\x02\x3f\x4a\xf4\x29\x70\xdd\x08\x7c\x73\x6c\xa8\
\xe5\xf4\x96\xe7\xcb\x5e\x1f\xfd\x90\x7c\x49\x71\x71\xe7\x6b\xfe\
\x32\x8e\x24\x66\xc9\x86\xc2\xd8\x31\xff\x00\xbe\x8f\x15\xea\x9e\
\x16\xfd\x9b\x7c\x15\xe1\xa6\x59\x66\xb4\x93\x59\xba\xce\x4c\xda\
\x83\x6e\x19\xef\xf2\x8e\x2b\xd3\xbc\xec\x9c\xf6\xa6\x99\x09\xeb\
\x5e\xd5\x1c\xb3\x0b\x46\xce\x31\x3b\x23\x86\xa5\x0d\xa2\x36\xca\
\xca\xd7\x4b\x87\xc9\xb2\xb6\x86\xd6\x11\xd2\x38\x10\x20\xe3\xe9\
\x52\xb4\xd8\xe0\x0e\x2a\x26\x7c\x0c\xd3\x0b\xf7\xcd\x7a\x89\x24\
\xac\x8e\x85\xa6\xc4\xa6\x42\x29\x85\xfd\x6a\x26\x92\xa2\x79\x4d\
\x30\xb9\x31\x93\x15\x0b\x49\x51\xb4\x9e\xa6\xa1\x79\x29\xa1\x13\
\x34\x98\xa8\x5e\x5e\xb5\x13\x4d\x55\xde\x63\x8c\x53\xb0\x12\x49\
\x29\x35\x0b\xcb\xc6\x69\x8c\xe4\xd4\x52\x49\x8a\x60\x3d\xe4\x1e\
\xb5\x5d\xe4\xc7\x4e\x69\xaf\x26\x6a\x16\x72\x4f\x00\x93\xf4\xe6\
\x81\x31\xf2\x38\x5a\xad\x24\x99\x35\x32\xd8\xdd\x5c\x9f\xdd\xdb\
\xca\xff\x00\x45\x35\x6a\x2f\x0a\xea\xb7\x00\x11\x68\xca\x0f\x76\
\xe2\x81\x6a\xcc\x96\x7a\x81\xe5\xc7\x15\xd5\x41\xf0\xf7\x50\x9b\
\xfd\x64\xb0\xc4\x3b\xe4\xe6\xaf\xc1\xf0\xce\x1c\xff\x00\xa4\x5e\
\x3b\xff\x00\xb8\xb8\xa2\xe8\x2d\x2e\xc7\x9e\x49\x28\xc1\xcf\x5e\
\xd5\x55\x98\xb6\x40\xcb\x1e\xc1\x46\x4f\xd2\xbd\x86\xdb\xc0\x3a\
\x35\xb6\xd2\x6d\xda\x66\x1d\xe4\x6c\xd6\xbd\xb6\x93\x65\x66\x07\
\x91\x69\x0c\x78\x1d\x42\x0c\xd2\xe6\x48\xbf\x66\xcf\x09\x8b\xc3\
\x7a\xce\xaa\x40\xb5\xd3\xe6\x20\xff\x00\x13\x2e\x07\xeb\x5a\x76\
\x7f\x05\xb5\x8b\xf2\x0d\xdd\xcc\x16\x6a\x79\x23\x3b\xd8\x7b\x57\
\xb7\x67\xb7\xf2\xa4\x14\xb9\xd9\x6a\x9a\x5b\x9e\x6f\xa6\xfc\x0a\
\xd0\xad\x98\x3d\xf4\xd7\x17\xec\x3a\xa9\x6d\x8b\xf9\x0a\xec\xb4\
\x9f\x09\xe8\xda\x12\x01\x63\xa6\xdb\xc0\x47\xf1\x08\xc1\x63\xf8\
\x9a\xd6\xa2\xa6\xec\xa5\x14\x85\xce\x54\x0e\xbc\x52\x51\x45\x49\
\x41\x45\x15\x3d\xbd\x94\xf7\x2c\x04\x51\x34\x99\xf4\x1c\x50\x3d\
\x59\x0f\x5a\x36\x9e\x06\x39\xce\x06\x2b\x6a\x2f\x0d\x34\x2b\xe6\
\x5e\x5c\x24\x09\x8e\x40\x39\x35\xcf\x78\xd7\xc4\x3a\x9f\x86\xf4\
\xc5\x97\xc2\x1a\x0d\xb7\x88\x2f\x95\x88\x68\x6e\xee\x44\x19\x18\
\xea\x18\xf7\xa2\xe6\x9e\xcd\xad\xcd\x4b\x5d\x22\x79\xd7\x7b\x01\
\x0c\x43\xab\xc9\xc6\x2a\x47\x96\xca\xc3\x88\x57\xed\x53\x8e\x37\
\xc9\xf7\x47\xd0\x57\xca\xde\x39\xfd\xb2\x7c\x6d\xe0\x99\xc9\xf1\
\x67\xc2\x1d\x6e\xce\x15\x6f\xf5\xd6\xb3\x89\xa1\xdb\xea\x08\xac\
\xaf\x0f\xff\x00\xc1\x45\xbe\x1f\x6a\x72\x2a\x6a\x3a\x5e\xb1\xa4\
\x9e\x03\xb3\x44\xb2\x2a\x9e\x7b\x0e\x78\xa7\x66\x24\xd4\x76\x3e\
\xb0\x9a\xe2\x5b\x96\xdd\x2b\x16\x3d\xbd\x07\xe1\x4c\xcf\x15\xe7\
\xde\x02\xf8\xfb\xe0\x2f\x89\x3b\x53\x42\xf1\x1d\xa4\xf7\x24\x7f\
\xc7\xac\xad\xe5\xcb\x92\x3a\x6d\x6e\xa6\xbd\x03\x3e\xd4\xc8\x6e\
\xe7\x1f\xf1\x13\xe1\x27\x85\x3e\x29\xe9\xaf\x69\xe2\x2d\x26\x1b\
\xc2\x57\x0b\x72\x06\xd9\xe3\xe3\xaa\xbf\x5a\xf9\x5f\xc5\xff\x00\
\xb2\x87\x8d\xfe\x10\xea\x0f\xad\x7c\x37\xd6\xaf\x2f\x2d\x63\x25\
\xfe\xcb\x14\x9b\x2e\x10\x0e\xdb\x7e\xeb\x8a\xfb\x63\xb6\x29\x49\
\xf9\xb3\x8a\x68\x47\xca\x7f\x0a\x7f\x6c\x2b\x88\x6e\x53\x45\xf8\
\x85\x62\xd6\x77\x48\x44\x67\x50\x8e\x32\xb8\x3f\xf4\xd1\x3a\x8f\
\xa8\xaf\xa8\x74\xbd\x56\xcf\x5a\xb1\x8a\xf6\xc2\xe6\x2b\xcb\x49\
\x86\xe4\x9a\x17\x0c\xa4\x7a\xe6\xb8\xaf\x89\x9f\x03\x7c\x2f\xf1\
\x46\xdd\xdb\x51\xb4\x16\xba\x90\x04\x26\xa1\x6e\xa1\x65\x5f\xaf\
\xf7\x86\x7b\x1a\xf9\xdd\x74\x3f\x1f\xfe\xcc\x7a\xc1\x96\xd6\x43\
\xa8\x78\x7e\x47\xea\x01\x6b\x79\x46\x7a\x32\xff\x00\x03\x51\x6b\
\xec\x2b\xdb\x73\xec\x59\x23\x49\xa3\x68\xe4\x50\xe8\xc3\x0c\xac\
\x32\x08\xf4\x22\xbe\x61\xf8\xcb\xf0\x32\x5f\x06\xea\x1f\xf0\x96\
\x78\x4d\x5e\x0b\x68\xdc\x4b\x35\xbc\x39\xdd\x6a\xd9\xe1\xd3\xfd\
\x9f\x6e\xdd\x3a\x57\xb4\x7c\x33\xf8\xb9\xa3\x7c\x4b\xb1\x06\xd1\
\xfe\xcb\xa8\xa0\xcc\xd6\x32\x9f\x9c\x71\xd5\x7f\xbc\x3d\xc5\x76\
\xef\x1a\xcb\x1b\x23\xaa\xba\x30\xc1\x56\xe4\x11\xe8\x69\x2b\xa1\
\x5b\x9d\x1e\x71\xf0\x67\xe2\xbc\x7f\x10\x74\x9f\xb3\x5e\x95\x8b\
\x5c\xb6\x4f\xdf\x22\xf0\x26\x1f\xdf\x5f\xe4\x45\x7a\x45\x7c\xef\
\xe3\xcf\x87\x97\x7f\x0b\xbc\x4d\x07\x89\xfc\x3d\xb8\x69\xe2\x50\
\xfb\x17\xfe\x58\xb6\x4e\x50\xff\x00\xb2\xd9\x22\xbd\xdf\xc3\xba\
\xed\xbf\x89\x74\x5b\x4d\x4a\xd8\x83\x1c\xf1\xee\x23\xba\x37\x42\
\xbf\x81\xaa\x6b\xa8\x45\xbd\x99\xa3\x45\x14\x54\x32\xcc\x3f\x14\
\x78\x2f\x4c\xf1\x65\xbe\xcb\xc8\x40\x9c\x71\x1d\xc2\x0c\x3a\x9f\
\xeb\x5c\xdf\x86\x3f\xb4\xbc\x07\x74\x9a\x4e\xa6\xdf\x69\xd1\xe5\
\x6d\xb6\xb7\xcb\xc8\x88\xff\x00\x75\xbd\x01\x3f\xa9\xaf\x40\xa6\
\xcb\x12\x5c\x46\xd1\xc8\x81\xe3\x61\x86\x56\x19\x07\xeb\x4d\x3e\
\x84\xd8\x77\x1c\x91\xde\x8a\x02\x04\x01\x40\xe0\x0c\x01\xed\x45\
\x26\x30\xa2\x8a\x29\x00\x51\x45\x14\x00\x51\x45\x14\x00\x51\x45\
\x14\x00\x51\x45\x14\x00\x51\x45\x14\x00\x51\x45\x14\x00\x51\x45\
\x14\x00\x51\x45\x14\x00\x51\x45\x14\x00\x51\x45\x14\x00\x51\x45\
\x14\x00\x51\x45\x14\x00\x51\x45\x14\x01\x1b\xaf\x35\x13\xae\x2a\
\xc9\x19\x15\x0b\x8c\x1a\xa4\x26\x55\x90\x6d\xaa\xae\x95\x7a\x45\
\xcf\x6a\xae\xeb\xc5\x32\x19\x49\x97\x07\x1d\xaa\x07\x5f\x4a\xb9\
\x2a\x66\xa0\x65\xa0\x8b\x14\xdd\x2a\xac\xb1\xd5\xf9\x12\xab\xc8\
\x9c\xe6\x9a\x11\x9e\xe9\x9c\xd4\x0e\x80\x1e\x6a\xf4\x89\xcf\x4a\
\xad\x22\x86\xed\x4c\x0a\x32\xa7\x24\xe2\xa2\x39\xef\x57\x24\x4a\
\xaf\x24\x67\x19\xa6\x05\x5b\x9b\x48\xee\xe2\x68\xe4\x5d\xc0\x74\
\x3d\xc5\x78\xff\x00\x8d\x12\x4d\x57\x53\xfe\xce\xb5\x73\x2d\xbc\
\x52\x61\x47\xf0\xb3\xfa\x9f\xa7\x35\xea\x3e\x26\xd5\x0e\x95\xa5\
\xbb\x21\xc4\xb2\x1f\x2e\x3f\xaf\x73\xf8\x0a\xc5\xf0\x46\x84\x89\
\xbf\x50\x96\x30\x4b\x82\x91\xee\x1d\xb3\xc9\xa6\x85\xb9\x73\xc1\
\x76\xb6\x1a\x3e\x8f\x0d\x8d\xb0\x08\xea\x37\x48\x5b\x82\xef\xd0\
\xb5\x69\xeb\xda\xed\xb7\x87\x34\x99\xef\xae\xdb\x11\xc6\x38\x5f\
\xe2\x76\x3d\x14\x7b\xd5\x4d\x4f\x43\x51\x99\xed\xc8\x4d\xb9\x66\
\x42\x70\x38\xe7\x22\xbc\x8b\xc6\x1a\xfd\xdf\x89\xee\xa1\xb7\xde\
\x64\xb7\x84\x95\x85\x47\xf1\x1f\xef\x7d\x7d\x28\x25\xb6\x8c\x2b\
\xb8\xf5\x6f\x89\xde\x2c\xe8\x5e\x59\x9b\x85\xfe\x08\x10\x73\xf9\
\x0f\xd4\xd7\xbd\xf8\x4b\xc2\x96\x3e\x0f\xd2\x12\xca\xcd\x01\x6c\
\x66\x59\x88\xf9\xa4\x6f\x53\xfd\x3d\x2a\x87\xc3\xef\x09\xdb\xf8\
\x6b\x48\x0c\x36\xc9\x79\x38\x0d\x34\x8b\xce\x38\xfb\xa3\xd8\x7f\
\x3e\x6b\xa8\xa9\x2a\x3a\x6e\x14\x51\x45\x31\x8a\x3a\xd7\x92\xfe\
\xd0\xbf\x1c\xed\x7e\x10\x78\x73\xca\xb4\x29\x73\xe2\x3b\xd5\x22\
\xd2\xdc\xf2\x23\x5e\x9e\x6b\xfb\x0e\xde\xa4\x57\x67\xf1\x1b\xc7\
\x76\x3f\x0e\x3c\x2b\x75\xac\xde\xfe\xf3\xcb\x1b\x20\xb7\x07\x0d\
\x34\x87\xee\xa0\xfe\xa7\xb7\x35\xf2\xa7\x80\xfc\x2a\xdf\x12\x7c\
\x43\xa9\x7c\x4b\xf1\xfc\xa6\x5d\x16\xde\x62\xc9\x0b\x74\xbb\x94\
\x7d\xd8\x50\x7f\x71\x7f\xc3\xde\x82\x95\xaf\xa9\x7b\xe0\x77\xc2\
\xb8\xc4\xb2\x7c\x5d\xf8\xa5\x76\xd3\xcf\x23\x7d\xa2\xc2\x1b\xde\
\x59\xdb\xa8\x94\xa9\xeb\xfe\xc2\xf6\xc6\x6b\xa0\xf1\x77\xc6\x1f\
\x14\x7c\x54\xd6\x17\x41\xf0\xac\x33\x58\xda\xce\x76\xe2\x23\x89\
\x64\x5c\xe0\xb3\x37\xf0\xaf\x35\x8f\xe2\x2d\x57\x5e\xf8\xc5\xe2\
\x98\x2d\xed\xe0\x3b\x41\x0b\x6d\x65\x17\x11\xc0\x98\xe0\xfb\x63\
\xa9\x35\xf4\x4f\xc3\x4f\x86\x5a\x7f\xc3\xad\x27\xca\x85\x56\x7d\
\x46\x60\x3e\xd3\x76\x47\x2e\x7f\xba\x3d\x14\x72\x28\x06\xee\xee\
\x67\x7c\x25\xf8\x39\xa7\x7c\x38\xb4\x17\x73\x6d\xbf\xd7\xa6\x5c\
\xcd\x78\xfc\xed\xf5\x54\xcf\x6f\x7e\xa6\xbd\x36\x0b\xe9\x2d\xd8\
\x14\x76\x42\x3a\x6d\x35\x56\x8a\x44\x9d\x25\x87\x8c\xaf\x2d\x18\
\x12\xfe\x62\x83\xdf\x83\x5d\x6e\x99\xf1\x3c\x82\x04\xb2\x11\xff\
\x00\x5d\x06\x47\xe7\x5e\x5f\xc7\xad\x28\x90\xae\x49\x6d\xb8\x04\
\xe4\xf6\xc0\xc9\x3f\x95\x4b\x8a\x2d\x4e\x51\xd8\xf5\xcb\xef\x8b\
\xda\x75\xb6\xb3\xa1\xe9\x25\x56\x7b\xed\x56\x57\x08\x91\xb6\x76\
\xc5\x1a\x16\x92\x42\x3d\x07\xca\x3e\xac\x2b\xad\x49\x34\xad\x47\
\x86\xf2\xb7\x9e\x39\x1b\x4d\x7c\x1d\xf0\xa3\xc5\x12\x7c\x44\xf8\
\xd1\xe2\x7f\x11\xa3\x9f\xec\xfd\x2e\xd5\x74\xfb\x02\x0f\xdd\x56\
\x93\x96\xfa\xb6\xd6\x3f\x95\x7b\xd5\xb7\x8c\x6e\x2d\x1b\x63\xdc\
\x03\x81\xd2\x5f\xf1\xef\x52\xe2\x6e\xab\xb5\xf1\x1e\xdf\x79\xe1\
\xcb\x14\x89\xe6\xf3\xbe\xcd\x12\x02\xcc\xc5\x86\xd5\x18\xea\x49\
\xe9\x81\x9a\xa7\x37\x84\xa6\xc6\xe8\xa6\x59\x07\x50\x0f\x15\xf3\
\x1f\xc4\x5f\x8c\xb7\x3e\x24\xf1\xaf\x87\x3e\x1d\xe9\xf2\x32\x25\
\xed\xc4\x77\x5a\xcc\x90\xbe\x71\x68\x9f\x39\x8b\xdb\x7e\xdc\x1f\
\x63\x8e\xf5\xf4\x36\x9d\xf1\x2a\x39\x71\xba\x54\x62\x7b\x48\x36\
\xd2\x6a\x49\x1a\x7b\x4a\x72\xdd\x13\xcf\xa1\x5e\xc0\x4e\x60\x2c\
\x3f\xd8\xe6\xa9\x49\x14\x91\xfd\xe5\x65\xfa\x82\x2b\xa7\xb4\xf1\
\x95\xa4\xe0\x6e\x04\x7a\x95\x20\x8a\xd2\x4d\x46\xc2\xf8\x61\x64\
\x8d\xbd\x9a\x95\xda\x2b\x96\x32\xd9\x9c\x18\x1e\x94\xb8\x35\xdc\
\x4d\xa3\x58\x5c\x60\xf9\x2b\xc9\xfb\xc9\xc5\x63\xff\x00\x66\x69\
\x57\x77\xb3\x5a\x5a\xde\x86\xba\x84\x03\x24\x28\xe1\xca\x7d\x7d\
\x33\xe9\x47\x30\x7b\x27\xdc\xe7\xf3\x41\xe7\xa8\x06\xb7\x67\xf0\
\x95\xc0\x39\x8a\x44\x61\x8c\x8c\xf0\x6a\x94\xba\x05\xf4\x47\xfd\
\x49\x6f\x75\xe6\x9d\xcc\x9c\x24\xba\x19\xca\x02\x1c\xaf\xc8\x7a\
\xe5\x4e\x2a\xf4\x3a\xc5\xd4\x38\xc4\x9e\x62\x0e\xce\x01\xaa\xcf\
\x6b\x2c\x5f\x7e\x27\x4f\x72\x0d\x46\x47\xaf\x5a\x62\x57\x8b\x36\
\x23\xd7\xa2\x71\x8b\x8b\x18\x24\xf5\x2a\xa0\x54\xc2\xe7\x41\xb9\
\x20\x4b\x64\xb1\x9f\x75\xff\x00\x0a\xc0\xa5\xa2\xc5\x73\xf7\x3a\
\x21\xa2\x78\x7e\xef\xee\xaa\x03\xe8\x1b\x14\xf6\xf0\x3e\x97\x31\
\xfd\xdf\x98\xb9\xee\xb2\x66\xb9\x9e\xf9\xef\x52\xa5\xc4\x91\x11\
\xb6\x47\x53\xec\x71\x4a\xcc\x7c\xf0\xea\x8d\xc9\x3e\x1e\xda\x11\
\xf2\x4f\x2a\x9f\x7e\x6a\xb4\x9f\x0f\x06\x7f\x77\x7a\x7f\xe0\x4b\
\x55\x53\x5a\xbd\x88\x61\x6e\x1f\x8f\x53\x56\xa3\xf1\x4d\xea\x1e\
\x4a\x30\xf7\x5a\x35\x45\x7e\xed\xf4\x20\x7f\x87\x77\x3c\x95\xbc\
\x8f\x1e\x85\x4d\x56\x97\xc0\x1a\x82\xfd\xc9\x62\x3f\x8e\x2b\x62\
\x3f\x17\xcf\xfc\x70\xa1\xfa\x1a\xb0\xbe\x31\x5c\xfc\xd6\xe7\xf0\
\x6a\x57\x90\xf9\x69\x33\x98\x93\xc0\xfa\xaa\x74\x58\xdb\xe8\xf5\
\x5e\x4f\x08\x6a\xe8\x7f\xe3\xd4\xb6\x39\xe0\x8a\xec\xd7\xc6\x16\
\xd8\xe6\x19\x05\x4c\xbe\x2c\xb2\x27\x0c\x1d\x7f\xe0\x34\x5d\x93\
\xec\xe9\x3e\xa7\x00\xde\x18\xd5\x57\x83\x65\x21\xef\xc5\x42\xda\
\x06\xa5\x9f\xf8\xf1\x9b\xfe\xf9\xaf\x48\x5f\x14\x58\x31\xc6\xf6\
\xe7\xd5\x69\xdf\xf0\x91\xd8\xb7\xfc\xb4\x3f\x88\xa7\xcc\xc4\xe9\
\x41\xf5\x3c\xc8\xe8\x7a\x90\x1c\x58\xcd\xff\x00\x7c\xd3\x3f\xb0\
\xf5\x23\xff\x00\x2e\x53\x7f\xdf\x35\xea\x63\xc4\x36\x04\xff\x00\
\xae\xa3\xfe\x12\x0b\x1f\xf9\xee\xb4\x73\x31\x7b\x18\x2e\xa7\x95\
\x1d\x03\x53\x38\x1f\x62\x9b\x9f\x6a\x77\xfc\x23\x5a\xb3\x75\xb1\
\x9b\xf2\xaf\x53\x3e\x20\xb1\x23\xfd\x78\xa6\xff\x00\xc2\x47\x61\
\xff\x00\x3d\xbf\x4a\x39\x98\x7b\x18\x77\x3c\xb7\xfe\x11\x2d\x61\
\xba\x58\xcb\xcf\xad\x3c\x78\x23\x59\x71\xff\x00\x1e\x8c\x31\xea\
\x45\x7a\x6f\xfc\x24\xb6\x03\xac\xa7\xf2\xa6\x7f\xc2\x53\xa7\xff\
\x00\x7d\xcf\xfc\x06\x8e\x67\xd8\x7e\xc6\x1d\x59\xe6\xdf\xf0\xaf\
\x75\xb9\x07\x10\x20\xfa\xbd\x4a\xbf\x0c\xb5\x77\xe0\x98\x97\xfe\
\x05\x5e\x84\xde\x2b\xb3\x1d\x9c\xfe\x15\x19\xf1\x75\xb8\xe9\x14\
\x87\xf0\xa5\xcc\xc7\xec\xa9\xf7\x38\x55\xf8\x51\xa8\xb7\xde\x9e\
\x11\xdb\x8a\xb1\x17\xc2\x19\x8e\x7c\xcb\xc5\x1f\x45\xae\xb5\xfc\
\x62\xbd\x16\xdc\xff\x00\xdf\x55\x5a\x4f\x17\xdc\x1c\x94\x85\x17\
\xdf\x24\xd3\xe6\x90\xb9\x29\x23\x16\x2f\x83\xd0\xff\x00\xcb\x4b\
\xc6\x6f\xa0\xab\x09\xf0\x8f\x4d\x4e\x64\x95\xd8\x7a\x93\x56\x25\
\xf1\x2d\xf4\x83\x89\x02\xff\x00\xba\xb8\xaa\x72\xea\x17\x33\x7d\
\xfb\x89\x1b\xf1\xa7\xef\x77\x0f\xdd\xae\x85\xd4\xf8\x79\xa1\x59\
\x0c\xc8\xd1\xe0\x7a\xe3\x34\x1d\x2b\xc3\xd6\x59\x0a\x0c\x84\x74\
\xd8\xa2\xb2\x8b\x16\x39\x24\x93\xef\x49\x80\x0f\x14\x6a\x0e\x51\
\x5b\x23\x4a\x4b\x9d\x3a\x3f\xf5\x36\x8c\xde\xee\xd8\x15\x5a\x5b\
\xc1\x27\x0b\x0c\x71\x83\xfd\xd1\xcf\xe7\x55\xa8\xa0\x8e\x61\x4f\
\x5c\xd2\x51\x4b\xdf\x18\xa4\x48\x94\x51\x8f\xf3\x9a\x7c\x70\xc9\
\x29\x01\x11\x98\x9e\x98\x19\xa2\xe3\xb3\x19\x45\x68\x43\xa1\x5e\
\xcf\xd2\x06\x5f\x76\xe2\xb4\x61\xf0\x8c\xed\x8f\x32\x55\x41\xe8\
\x39\xa2\xe5\xa8\x36\x73\xf8\xa0\x0c\x9e\x39\x35\xd7\xc3\xe1\x7b\
\x38\x40\x32\xbb\x48\x7d\xce\x05\x39\xee\xb4\xad\x34\x61\x7c\xa0\
\x47\x65\x19\xa3\x98\xbf\x66\xd6\xec\xe6\xad\xf4\x8b\xbb\xbc\x79\
\x70\xb6\x0f\x76\xe0\x56\x9d\xb7\x84\xa5\x23\x74\xf3\x2a\x0f\x45\
\xe6\xa4\x9b\xc5\xfe\x62\x66\xd6\x1d\xcb\xce\x18\x9c\x8f\xd2\xb2\
\x6e\xf5\x9b\xbb\xcd\xc2\x59\x4e\x09\xfb\xab\xc0\x14\xac\xc2\xd0\
\x5b\x9a\xf2\xa6\x8b\xa2\xb2\x89\xa4\x47\x90\x9c\x2a\xbb\x0c\x93\
\xd7\x8a\x82\xeb\xc5\x12\x10\x52\xd6\x25\x85\x71\xd4\x8e\x6b\x89\
\xf1\x67\x84\x74\xbf\x1c\x68\xf2\xe9\x9a\xbc\x0d\x3d\xab\x9c\x83\
\x1c\x8d\x1b\xa3\x76\x65\x60\x72\xa4\x57\xcb\xdf\x10\x34\x0f\x8e\
\xdf\xb3\xc4\x92\x6a\xfe\x0a\xd7\x25\xf8\x8b\xe0\xd8\x4e\xf9\x34\
\x8d\x5d\x3c\xdb\xbb\x64\xce\x4e\x18\x72\xe3\x8c\x64\x72\x29\xd8\
\x9e\x77\xb4\x4f\xaf\xee\x2e\x65\xba\x72\xf2\xc8\xd2\x31\x3f\xc4\
\x6a\x1a\xf9\x6f\xe0\xe7\xed\xf7\xe0\xbf\x1f\x4f\x0e\x97\xe2\x6b\
\x79\x7c\x1b\xad\x16\x11\xe2\xe8\xee\xb7\x67\xce\x31\xbf\xaa\x9c\
\xf6\x6a\xfa\x86\x0b\x88\xae\xa0\x8e\x68\x24\x49\x61\x91\x77\x24\
\x91\xb6\xe5\x61\xea\x08\xeb\x9a\x64\x3b\xf5\x1d\x24\x69\x32\x14\
\x75\x57\x8d\xba\xab\x0c\xa9\xfc\x2b\xc9\x3e\x23\x7e\xca\xdf\x0e\
\x3e\x25\x24\x92\x5e\xe8\x31\x69\xfa\x83\xf4\xbd\xd3\x40\x86\x40\
\x7d\x48\x1c\x1f\xca\xbd\x72\x8a\x09\x3f\x3e\xbe\x23\xfe\xc2\xbe\
\x2a\xf0\x44\xaf\xa9\x78\x42\xf4\xeb\xf6\x90\x9d\xeb\x1a\x7e\xea\
\xee\x30\x3d\x31\xd7\xf0\xab\x3f\x08\xbf\x6a\xff\x00\x18\xfc\x34\
\xbc\x4d\x17\xc5\x91\x5c\x6b\x3a\x6c\x2d\xe5\xbc\x77\x40\xad\xdc\
\x03\xd8\x9e\xbc\x76\x35\xf7\xee\x79\xcf\x7a\xf3\x4f\x8b\x9f\x01\
\x7c\x33\xf1\x6a\xcd\xda\xf6\xd9\x6c\xb5\x75\x1f\xb9\xd4\xa0\x50\
\x1d\x4f\x60\xdf\xdf\x1c\xf7\xaa\x5a\x89\x9d\x4f\x81\xbc\x7b\xa2\
\x7c\x45\xd1\x22\xd5\x34\x2b\xd4\xbc\xb6\x6e\x19\x7a\x3c\x6d\xfd\
\xd6\x5e\xa0\x8a\xe8\x6b\xf3\xfa\x3d\x33\xc6\x9f\xb3\x17\x8f\x55\
\x91\x8c\x61\x8f\xca\xcb\x93\x6d\x7d\x17\xa1\x1d\xff\x00\x98\xaf\
\xb4\xfe\x18\xfc\x4b\xd3\x3e\x28\xf8\x6e\x2d\x4f\x4f\x3e\x54\xe3\
\x09\x73\x68\xc7\xe7\x86\x4e\xe3\xe9\xe8\x69\x35\x6d\x81\x4a\xfb\
\x9d\x75\x45\x79\x65\x06\xa1\x6b\x25\xb5\xcc\x31\xdc\x41\x20\xda\
\xf1\x4a\xb9\x56\xf6\x22\xa5\xa2\x90\xcf\x9f\x3c\x77\xfb\x3f\xdc\
\xe8\x1a\x8f\xf6\xf7\x82\xa5\x92\x17\x88\xf9\x9f\x63\x47\xc4\x91\
\xf3\xd5\x0f\x71\xed\x5d\xcf\xc2\x9f\x8a\x87\xc5\x31\xff\x00\x64\
\xeb\x0b\xf6\x4d\x76\x01\xb4\xab\x0d\xa2\x6c\x75\x38\x3d\x1b\x82\
\x48\xaf\x4b\xae\x57\xc5\x7f\x0e\xf4\xef\x12\xca\xb7\x91\xe7\x4f\
\xd5\x63\x6d\xd1\x5f\x40\x30\xc0\x8e\x84\x8e\xfc\x8a\x69\xdc\x9b\
\x5b\x63\xa4\xbb\xb4\x86\xfe\xd2\x5b\x7b\x88\xd6\x58\x25\x52\xae\
\x8c\x32\x18\x1a\xe2\xfc\x1b\xa2\x4b\xe0\x5d\x76\xe3\x46\x0c\xd2\
\x69\x57\xb9\x9e\xca\x46\x3f\x71\xc0\xf9\xa3\x27\xd7\x18\x23\xd7\
\x15\xd5\xe8\x73\x5f\x9b\x31\x16\xa4\x8a\x2f\x22\x3b\x1a\x48\xfe\
\xec\xd8\xfe\x31\xe9\x9f\x4f\x5a\xba\xf1\xac\x85\x37\x28\x6d\xac\
\x19\x49\xec\x7d\x7e\xb4\xca\x7a\x8a\x08\x23\x22\x8a\x5c\xfb\x0a\
\x4a\x96\x36\x14\x51\x45\x21\x05\x14\x51\x40\x05\x14\x51\x40\x05\
\x14\x51\x40\x05\x14\x51\x40\x05\x14\x51\x40\x05\x14\x51\x40\x05\
\x14\x51\x40\x05\x14\x51\x40\x05\x14\x51\x40\x05\x14\x51\x40\x05\
\x14\x51\x40\x05\x14\x51\x40\x05\x14\x51\x40\x05\x14\x51\x40\x05\
\x14\x51\x40\x05\x35\xd7\x39\xa7\x51\x40\x10\x15\xcf\xd2\xab\xc8\
\xb8\xab\x8e\xa4\x0a\x85\x93\x75\x58\xac\x52\x75\xa8\x24\x5c\x7b\
\x55\xc7\x5a\x81\xd3\x71\x3c\x50\x66\xd1\x4d\x97\x35\x5e\x45\xab\
\x8c\x9b\x7a\xd4\x2e\x80\x8a\x09\x28\xba\x70\x4d\x55\x91\x7d\x2b\
\x45\xd7\x15\x5e\x48\xfb\xd3\xb8\x8a\x0e\x99\xaa\xee\xa4\x8f\x7a\
\xbc\xf1\x91\x55\xdd\x73\x92\x3a\x81\x4c\x0e\x0b\xc5\xd0\xbe\xad\
\xaf\xd9\x69\xd1\xff\x00\x0a\xee\x6c\x76\x07\xa9\xfc\xbf\x9d\x75\
\x30\xc2\xb6\xd0\xa4\x28\x31\x1a\x00\xaa\x2a\xae\x9f\xa6\xef\xd6\
\xb5\x3b\xe9\x01\xdc\x5f\xc8\x8f\x3d\x80\x03\x27\xfc\xfa\x55\xfb\
\x8d\x90\xa3\x48\xe4\x05\x40\x59\x89\xec\x31\x93\x55\x72\x6d\x6d\
\x4e\x33\xe2\x1e\xb2\xf6\xb6\x83\x4f\xb7\x93\x12\xce\xbf\xbc\x2b\
\xfc\x2b\xff\x00\xd7\xac\x8f\x02\xf8\x25\x6e\xa2\x7d\x42\xe5\x76\
\x0c\x6d\xb7\x1e\x87\xfb\xdf\xe1\x4f\xb6\xd3\x64\xf1\x76\xbd\x2c\
\xb2\x67\xc8\xdf\xba\x43\xfd\xd4\xec\x05\x77\xe2\xdf\xec\xe8\xa2\
\xdc\x04\x54\x50\x02\x76\x20\x74\xfa\x51\x70\x5a\x9c\xeb\xc5\x79\
\xa1\x4d\xb9\x49\x31\x67\xa8\xfb\xad\xf5\xf4\xad\x7d\x3f\x59\x86\
\xf7\xe5\x6c\x47\x2e\x39\x53\xdf\xe9\x57\x52\x48\xee\x63\x64\x61\
\x9c\x70\xca\xc3\x91\x59\x17\xde\x1e\xeb\x25\xa9\xc1\x07\xee\x1f\
\xe9\x46\x82\xb3\xdc\xdb\x23\x00\x77\xa6\xb3\x2c\x68\xce\xec\x15\
\x14\x12\xc5\x8e\x00\x1e\xff\x00\xd6\xb9\xdb\x4d\x66\xe2\xc1\xfc\
\xab\x85\x2e\xa3\xa8\x6f\xbc\xbf\x4a\xe4\xbe\x36\x78\xc7\xec\xde\
\x15\x5d\x2f\x4e\x91\x9a\xef\x53\x26\x22\x10\x7c\xc2\x31\xf7\x87\
\xd5\x8e\x17\xf1\xa2\xc5\x5c\xf2\x1f\x1e\xea\x53\xfc\x73\xf8\x88\
\x2d\x23\x9c\xdb\x78\x67\x4c\x0c\xde\x71\xfb\xb1\xc2\x0f\xef\x25\
\x3f\xed\x31\xe0\x0f\xa5\x4b\xad\x4d\x3f\x8c\x35\x0d\x3f\x45\xd1\
\x6d\x4c\x3a\x65\xb0\x16\xf6\x16\x49\xfc\x2a\x3f\x8d\xbf\xda\x3d\
\x49\xf7\xa9\xd7\x4c\x1e\x19\xd1\x46\x8b\x0e\x3e\xd5\x33\x09\x6f\
\xdd\x7f\x89\xfa\x2c\x43\xd9\x33\xf8\x93\xed\x5e\xc9\xf0\xaf\xe1\
\xfa\x78\x66\xc4\x6a\x17\x91\x0f\xed\x4b\x95\xc9\x0d\xd6\x24\xfe\
\xef\xd4\xf5\x3f\x5a\x43\x34\x7e\x1c\xfc\x3c\xb4\xf0\x16\x96\x11\
\x02\xcb\xa8\xcc\x01\xb8\xb8\xc7\x27\xfd\x95\xff\x00\x64\x7e\xb5\
\xd6\xd1\xc9\x34\x50\x01\x45\x14\x50\x01\x5c\x0f\xc7\x6f\x15\x37\
\x83\xfe\x1a\x6a\xd3\xc5\x26\xcb\xbb\xa5\xfb\x14\x04\x75\x0c\xf9\
\x04\x8f\xa2\xee\xfc\xab\xbe\xaf\x9c\x3f\x6b\xdd\x6f\x0d\xe1\xdd\
\x21\x5b\x8c\x4b\x79\x22\xfe\x4a\xb9\xff\x00\xc7\xbf\x3a\x00\xe9\
\xbf\x65\x1d\x1c\x58\xfc\x3e\xbc\xbf\x2b\x86\xbe\xbe\x72\x1b\xfd\
\x88\xc2\xa8\xfd\x77\x7e\x75\xe9\x5e\x3d\xf1\x3d\x97\x83\xfc\x29\
\xa8\xeb\x1a\x82\xac\x91\xdb\xc6\x4a\x46\xdd\x64\x73\xc2\xa8\xf7\
\x27\xfa\xd6\x6f\xc1\xed\x14\xe8\x1f\x0c\x3c\x37\x68\xcb\xb2\x53\
\x68\xb3\x38\xff\x00\x69\xce\xf2\x4f\xbf\xcd\x5e\x1f\xfb\x56\x78\
\xe3\xfb\x43\x5a\xb4\xf0\xc5\xb4\xa7\xec\xf6\x4a\x2e\x2e\x40\x3c\
\x19\x58\x7c\xa0\xfd\x14\xe7\xea\xd4\x01\x2f\xec\xdf\xa2\x5e\xf8\
\xbb\xc4\xbe\x23\xf1\x4d\xcc\xc4\x5c\xae\x21\x12\xff\x00\xb7\x21\
\x2c\xc0\x7d\x14\x01\xf4\x35\xee\xd3\xcf\xab\xe9\x84\xef\x77\x64\
\x1f\xc5\xf7\x85\x73\x9f\xb3\xbf\x87\x3f\xe1\x1e\xf8\x57\xa6\x3b\
\x2e\xdb\x8d\x45\x9a\xf9\xf8\xe7\x0d\xf7\x3f\xf1\xd0\x3f\x3a\xf4\
\xa2\x73\xc7\x51\xe9\x40\x9a\xb9\xcf\x5a\xf8\xd2\xfe\xd9\xb3\x91\
\x91\xdd\x49\x04\x56\xd5\xa7\xc5\x2b\xab\x65\x26\x52\xdb\x47\x24\
\xb6\x08\x03\x19\x3f\xa5\x43\x75\xa3\x5a\xdd\xfc\xcd\x1e\xc7\xfe\
\xf2\xf0\x6b\xe7\x4f\xda\x33\xc6\xc7\x40\x9c\xf8\x63\x4c\xb9\x2d\
\x3c\x88\x1e\xf6\x45\x3f\x32\x29\xfb\xb1\xfd\x48\xe4\x9f\x4c\x0a\
\x56\x42\x5c\xc9\xee\x7a\x0f\x8c\xff\x00\x6a\x6f\x10\x78\xd7\x58\
\x8b\xc2\x1e\x04\xb8\xfb\x0b\x4c\x4a\xdd\x6b\x3f\xf3\xc9\x3a\x31\
\x41\xd8\x0e\x79\xf5\xe9\x5e\xed\xf0\xb7\xc5\x1a\x1f\xc3\xdd\x02\
\x2d\x32\xc2\x53\x2b\x92\x24\xb9\xbb\xb9\x3b\xe6\xba\x94\xfd\xe9\
\x1d\xba\x9c\xfe\x95\xf3\x2f\xc2\x1f\x87\x52\x78\x2f\xc3\x49\x75\
\x79\x6e\xd1\xea\x57\xea\x24\x90\xb2\xfd\xc4\x23\xe5\x4f\xea\x7e\
\xbe\xd5\xdd\x1c\xe3\xeb\x45\x91\x5e\xd6\x71\x7a\x1f\x56\xd8\x7c\
\x51\xd3\xae\x14\x6e\x74\xe9\xd5\x5a\xb6\xed\xfc\x5d\xa6\xdc\xe3\
\x13\x84\xed\xc9\xe2\xbe\x3b\x49\xe4\x8c\xfc\xb2\x32\xfd\x09\xab\
\x71\x6b\xd7\xb6\xc3\x2b\x77\x22\x22\xe4\xb3\x67\xa0\x03\x24\xfe\
\x59\xa8\xf6\x68\xd9\x62\xa5\xd4\xfa\x7a\xdf\xe2\x6e\x99\xa8\x7c\
\x4c\x9b\xc1\xb6\xa5\x2e\x2f\x2d\x74\xa4\xd5\x6e\xdf\x3f\x2c\x29\
\x24\xa6\x38\x57\xea\xc5\x24\x3e\xc0\x0f\x5a\xea\xdf\x4d\xb3\xb8\
\x5f\x9a\x18\xd8\x1e\xe0\x57\xe6\x17\xec\xbd\xf1\x4b\x54\xf1\x7f\
\xc4\x9f\x8b\x1e\x31\x17\x2c\xed\x7d\x79\x6d\x69\x11\x24\xe4\x40\
\x81\xfc\xb0\x3d\xb0\xa0\xfe\x35\xf5\x15\x97\xc5\xfd\x66\xdf\x0b\
\xbd\xbd\x06\x1a\xa5\xc2\xdb\x1b\xbc\x42\x5f\x12\x3d\xe2\xd8\xe8\
\x7a\xbe\xbf\xaa\xe8\xf6\xd2\x13\x7f\xa6\x2c\x2d\x74\x88\x7e\xe7\
\x9a\x18\xa0\xfa\x95\x52\x7f\x11\x56\xe5\xf0\x82\x7f\xcb\x39\xca\
\xe7\xb3\x01\x5f\x11\x7e\xce\xdf\xb4\x4d\xe6\xa7\xf1\xb7\xe3\x8e\
\xa5\x23\x99\xc5\xc6\xab\x65\x1c\x5b\x97\x21\x63\x82\x29\x21\xc7\
\xe6\x2b\xe9\x7b\x3f\xda\x0d\x1b\x1e\x74\x11\x1f\xc4\xad\x2e\x59\
\x16\xea\xd2\xfb\x47\x77\x27\x84\xee\x87\x28\xe8\xf5\x9d\x7d\xa5\
\xcd\xa6\x42\x66\xb9\xd9\x14\x4a\xc1\x4c\x8c\xc0\x2e\x4b\x6d\x51\
\xf8\x92\x07\xe3\x54\x6c\xfe\x39\xe9\x93\xe3\xcc\x81\x97\xdd\x1c\
\x1a\xe3\x7f\x68\xaf\x1e\xe9\xfe\x26\xf8\x07\xe3\xdb\x4d\x3a\xe2\
\x5b\x5d\x51\xb4\x8b\x89\x2d\x24\x0b\xf3\x24\xc8\xbe\x64\x6c\x08\
\xee\xac\xa0\x8f\x71\x47\xbc\x2f\xdd\x3e\xa7\x79\x26\x9f\x73\x1f\
\xde\x82\x40\x3f\xdd\xa8\x59\x19\x3a\xa3\x2f\xd4\x62\xb3\x3e\x00\
\xfc\x7b\xd1\xbe\x30\x7c\x23\xf0\xc7\x8a\x1e\xf6\x08\x2f\x6f\xec\
\xd0\xdd\xc0\x5b\x1e\x55\xc0\x1b\x65\x5f\x6f\x98\x1c\x7b\x11\x5e\
\x9b\x1e\xa5\xa6\xde\xe0\x2d\xc5\xbc\x99\xff\x00\x68\x1a\x2f\xe4\
\x57\x24\x1e\xcc\xe0\xf3\xcf\xa5\x07\x9a\xf4\x03\x69\x63\x71\xff\
\x00\x2c\xe2\x7f\xa6\x2a\x37\xd0\x6c\x5f\xac\x0a\x3e\x94\xb9\x85\
\xec\xbb\x1c\x1f\x4a\x5c\x9a\xed\x1f\xc3\x56\x04\xf1\x19\x5f\xa1\
\xac\x7d\x06\xd7\x47\xf1\x46\x9c\x6f\xb4\xf9\xde\x5b\x71\x3c\xd6\
\xfb\xc1\xe0\xbc\x72\x34\x6f\xf9\x32\x1f\xca\x9f\x32\x0f\x67\x23\
\x0a\x96\xba\xb6\xf0\x7d\xb9\xe9\x3c\x8b\xf9\x55\x3d\x43\x41\xb2\
\xd2\xad\x9e\xe6\xee\xfc\x5b\x40\x9b\x43\x4b\x36\x15\x57\x24\x28\
\xc9\xf7\x24\x52\xe6\x42\x74\xe4\x60\x64\xd2\x65\xbd\xab\xa6\x1e\
\x10\x52\xa0\xad\xc9\xe4\x67\xa5\x34\xf8\x38\x8e\x7e\xd0\x3f\x2a\
\xab\xa2\x7d\x94\x8e\x73\x39\xa4\xc5\x74\x47\xc2\x47\x24\x2d\xd2\
\xe4\x0c\xe3\x14\xe1\xe0\xe6\x3d\x6e\x07\xfd\xf3\x4a\xe8\x7e\xce\
\x67\x37\x47\x7a\xe9\x7f\xe1\x0e\x3c\x1f\xb4\x8f\xfb\xe6\x9e\x3c\
\x1e\x99\xc9\xb8\x3f\xf7\xcd\x1c\xc8\x3d\x9c\xce\x5e\x94\xf2\x6b\
\xa9\xff\x00\x84\x3e\x1e\xf7\x0f\xf9\x0a\x7a\xf8\x46\xd8\x75\x95\
\xcd\x25\x24\x1e\xce\x47\x25\x45\x76\x2b\xe1\x4b\x20\x3f\x8c\xff\
\x00\xc0\xaa\x54\xf0\xdd\x80\x3c\xc5\x9f\xab\x53\xba\x0f\x65\x23\
\x89\x1e\xf4\xa3\x9f\x7a\xee\xd3\x42\xb1\x43\xc4\x0b\xf8\xd4\x8b\
\x65\x65\x0f\x48\xa2\x5c\x7a\xe2\x97\x31\x5e\xc5\xf5\x38\x11\x13\
\x37\x40\x48\xf4\x03\x35\x2c\x76\x17\x12\x1f\x96\x09\x0f\xfc\x06\
\xbb\x0d\x47\x59\xd2\xf4\x6b\x59\x2e\x2e\x6e\x6d\xed\xa0\x8c\x65\
\xe4\x62\x00\x51\xef\x50\xc1\xe3\x1d\x16\xea\xdd\x27\xb7\xd4\xad\
\xe7\x85\x80\xdb\x24\x32\x07\x53\x9f\x71\x45\xfc\x83\xd9\xc5\x6e\
\xce\x79\x34\x1b\xe9\x71\x8b\x76\x1f\x5a\xb5\x17\x85\x6e\xdf\xef\
\x14\x4c\xfb\xe6\xb4\xa5\xf1\xae\x99\x18\x38\x91\xa4\x23\xb2\xad\
\x79\xde\xb3\xfb\x45\xe9\x5e\x14\xf1\x84\x3a\x1e\xbd\x6b\x26\x99\
\x15\xf3\x0f\xec\xcd\x46\x53\x8b\x7b\x93\x8e\x51\x9b\xf8\x24\x07\
\x3f\x29\xea\x31\x8a\x7a\x8a\xd4\xd7\x53\xbd\x8b\xc1\xc4\x7f\xac\
\xb8\x1f\xf0\x15\xab\x91\xf8\x52\xd5\x39\x72\xf2\x10\x3b\x9a\xe7\
\xe7\xf8\x81\x29\x04\xa2\x43\x1f\x00\xe4\xb6\x7a\xd6\x5d\xd7\x8f\
\xa4\x60\x4b\xea\x30\xc4\x33\xc8\x56\x02\x8b\x48\x1c\xe9\x23\xd0\
\x22\xd2\x2c\x6d\x57\x88\x50\x63\x9c\xb5\x36\x4d\x57\x4f\xb3\x04\
\x19\x63\x53\xe8\xbf\xfd\x6a\xf0\xef\x1b\x6b\x16\x1e\x26\xd2\x5e\
\xd4\xf8\x9e\x7d\x2a\xed\x4e\xf8\x2f\x6d\x26\xf9\xe3\x7e\xc7\x1d\
\x18\x7a\xa9\xeb\x5e\x2d\xa2\xfe\xd4\x1a\x9f\xc3\xaf\x10\x27\x87\
\x7e\x26\xd9\x83\x03\xbe\xdb\x4f\x13\xd8\xc6\x44\x17\x29\x9c\x07\
\x75\xec\x7d\x71\x4f\x91\x8b\xdb\x45\xec\x8f\xb3\x27\xf1\x65\xba\
\x02\x22\x8d\xe4\x3e\xe3\x02\xbc\xbb\xc4\x7f\xb4\x96\x99\xe1\x6f\
\x12\x2e\x8b\xe2\x31\x27\x86\x24\x9d\xb1\x69\x7b\x78\x99\xb5\xb9\
\x1f\xec\xca\x38\x07\xd8\xd6\xb6\x91\xab\xda\x6b\x76\x30\x5f\x58\
\x5d\x45\x79\x69\x3a\x86\x8e\x78\x58\x32\xb0\xed\x82\x2a\x97\x8b\
\xfc\x1b\xa3\x78\xff\x00\xc3\xf7\x3a\x2e\xbd\x61\x16\xa1\xa7\xdc\
\x29\x0d\x1c\xa3\xa1\xfe\xfa\x9e\xcc\x3b\x1f\x5a\x6a\x29\x13\xed\
\x64\xcd\xff\x00\xed\x86\xd5\x20\x49\x96\xec\x5c\x43\x20\x05\x24\
\x8d\xf2\x8c\x0f\x70\x47\x06\xa1\x74\x59\x51\xd1\xd4\x32\x38\x2a\
\xca\x7a\x10\x78\xc5\x7c\x39\xe2\x38\xbe\x21\xfe\xc6\x5e\x26\x8a\
\x5d\x26\xf6\x7d\x7f\xe1\xfd\xd4\x9f\xb9\x82\xf1\x8b\xa2\x7f\xd3\
\x36\x3f\xc0\xe0\x74\x23\x83\x5f\x57\xfc\x24\xf8\xbb\xa1\x7c\x61\
\xf0\xca\xea\xda\x34\x85\x64\x42\x12\xea\xce\x53\xfb\xdb\x67\xc7\
\xdd\x61\xe8\x79\xc1\xe8\x69\xd8\x86\xdb\xdc\xe0\xfe\x21\xfe\xcb\
\x70\xeb\xf2\x49\x7f\xe1\x0f\x17\xeb\xde\x08\xd5\xbe\xf2\x9b\x3b\
\xc7\x92\xd9\x9b\xde\x26\x27\x1f\x85\x7c\xed\xe3\x0f\x1c\x7e\xd4\
\x7f\xb3\x64\x8f\x73\xab\x4b\x0f\x8e\xbc\x3b\x1b\x7f\xc7\xe8\x83\
\xce\x52\xbf\xed\x6d\xf9\x97\x8f\x6a\xfb\xef\xd7\xde\x91\xd1\x64\
\x57\x47\x50\xea\xc0\xe5\x58\x64\x11\xe8\x45\x48\xee\x7c\x8f\xf0\
\x53\xfe\x0a\x27\xe1\x0f\x1e\xde\x43\xa5\xf8\xb6\xd0\xf8\x43\x52\
\x90\xec\x5b\x86\x7f\x32\xd1\xcf\xa6\xee\xaa\x73\xeb\x5f\x5a\xda\
\x5e\x43\xa8\xdb\x47\x71\x6d\x32\x5c\x5b\xc8\xb9\x49\xa2\x70\xca\
\xc3\xd4\x11\xc1\x15\xf3\x5f\xc7\x7f\xd8\x53\xc1\x5f\x15\x16\xe7\
\x53\xd0\xa3\x8f\xc2\xbe\x23\x6c\xb7\x9d\x6c\x98\xb7\x9d\xbf\xdb\
\x8c\x74\xcf\xa8\xf5\xaf\x99\xbc\x19\xf1\x17\xe2\xb7\xec\x57\xe2\
\xc4\xd0\x3c\x47\x6b\x3d\xff\x00\x87\x19\xff\x00\xe3\xce\x67\x2f\
\x04\xa9\xdd\xed\xe4\xfe\x13\x8e\xde\xfc\x8a\x6b\x51\x9f\x55\xfe\
\xd0\x3f\xb1\x9f\x85\x3e\x32\x47\x71\xaa\x69\xa9\x1f\x87\xbc\x54\
\xcb\x91\x79\x02\x01\x15\xc1\xff\x00\xa6\xa8\x38\x27\xdc\x73\x5f\
\x37\xf8\x1f\xe2\x97\xc5\x0f\xd8\xf7\xc4\xb1\xf8\x6b\xc5\xb6\x33\
\xea\x5e\x1c\x27\x11\xdb\xcc\xc5\xd0\xa6\x7e\xf5\xbc\xbd\xbd\x76\
\xfe\x15\xf7\x2f\xc2\xbf\x8b\x3e\x1d\xf8\xc1\xe1\x98\xb5\x9f\x0f\
\x5e\x09\xd0\xe0\x4d\x6e\xe7\x13\x5b\xb7\x75\x75\xed\xd3\x83\xde\
\xb4\xbc\x71\xe0\x5d\x0b\xe2\x26\x81\x3e\x91\xe2\x0d\x3e\x2d\x46\
\xca\x41\x80\x92\x0f\x99\x0f\x66\x53\xd5\x4f\x7c\x8a\xa1\x14\xbe\
\x1b\x7c\x52\xf0\xef\xc5\x8f\x0f\xc7\xab\x78\x7a\xf9\x6e\x62\x23\
\xf7\xb0\xb7\xcb\x2c\x0d\xfd\xd7\x5e\xc7\xb5\x75\x95\xf0\x77\x8e\
\xbe\x07\x78\xd3\xf6\x5e\xf1\x29\xf1\x5f\x82\x6f\xee\x2e\xb4\x25\
\x6c\xb4\xaa\x32\xd1\xaf\x5f\x2e\x74\x1c\x32\xff\x00\xb5\x5f\x4a\
\x7c\x0d\xfd\xa2\x74\x6f\x8b\xb6\x51\xda\xce\x53\x4c\xf1\x1a\x2f\
\xef\x6c\x99\xbe\x59\x70\x3e\xf4\x67\xb8\xeb\xc7\x51\x47\x29\x2b\
\x53\xd7\x68\xa3\xb6\x68\xa5\xb0\x1c\xef\x8f\x7c\x07\xa5\xfc\x45\
\xf0\xec\xfa\x56\xab\x08\x65\x60\x4c\x33\x81\xf3\xc1\x27\x67\x5f\
\xc7\xf3\xaf\x92\x74\x27\xd7\x7f\x67\x9f\x89\x2f\x14\xaa\xce\xb1\
\x90\x92\xc6\x38\x4b\xbb\x72\x78\x23\xf0\xe4\x7a\x1a\xfb\x63\x15\
\xe7\x7f\x1a\x7e\x1a\xc7\xe3\xcf\x0e\x19\xad\xe3\x1f\xda\xf6\x2a\
\x5e\xdd\xfb\xc8\x3b\xc6\x7e\xbd\xbd\xfe\xb4\x27\xa9\x12\x5d\x51\
\xdb\xe8\xba\xc5\xae\xbf\xa5\x5a\xea\x36\x52\x89\xad\x6e\x63\x12\
\xc6\xe3\xb8\xfe\x87\xdb\xd4\x55\xda\xf0\xcf\xd9\xa3\xc4\x72\x47\
\x0d\xff\x00\x87\x6e\x58\x81\x1f\xfa\x4d\xba\xb1\xe5\x7b\x48\x9f\
\x81\xc1\xfc\xeb\xdd\x0f\x5a\x1a\x2d\x3b\xab\x89\x45\x14\x54\x80\
\xb9\xed\xdb\xd6\x92\x8a\x28\x00\xa2\x8a\x28\x00\xa2\x8a\x28\x00\
\xa2\x8a\x28\x00\xa2\x8a\x28\x00\xa2\x8a\x28\x00\xa2\x8a\x28\x00\
\xa2\x8a\x28\x00\xa2\x8a\x28\x00\xa2\x8a\x28\x00\xa2\x8a\x28\x00\
\xa2\x8a\x28\x00\xa2\x8a\x28\x00\xa2\x8a\x28\x00\xa2\x8a\x28\x00\
\xa2\x8a\x28\x00\xa2\x8a\x28\x00\xa2\x8a\x28\x00\xa2\x8a\x28\x01\
\x08\xcd\x44\xe0\x82\x6a\x6a\x42\x33\x55\x70\x2a\xb2\x64\x54\x2e\
\x95\x69\x97\xbd\x42\xeb\x9a\x64\x14\x9d\x33\xd6\xab\xb0\x00\xf4\
\xab\xee\xb9\x5c\x55\x79\x13\x34\x12\xd1\x4d\x90\x1c\xe6\xa1\x75\
\xc5\x5b\x71\x82\x78\xa8\x5e\x3e\x33\x41\x25\x19\x13\x3d\x2a\xb4\
\x91\x8c\xd6\x83\xa6\x2a\x09\x23\xa7\x71\x19\xee\xb9\xdc\x71\x82\
\x4e\x7f\x1a\xe7\x7c\x63\x2c\x83\x4d\x5b\x58\x41\x6b\x8b\xc9\x3c\
\xa5\x51\xe9\xd4\xfe\x03\x8a\xea\x24\x43\x54\xe6\xb1\x47\xbd\x4b\
\x86\x19\x92\x34\x2a\x9f\xec\xe4\xf2\x6a\x80\xc9\xd2\x74\x64\xd1\
\xac\x12\x14\xc3\x48\x7e\x67\x7f\xef\x1a\xb7\x83\x57\x59\x09\x39\
\x3d\x6a\xbb\xc7\x8e\x94\x02\x56\x2a\xcd\x00\x93\x0c\xa7\x64\xab\
\xd1\x87\xf2\x3e\xde\xd4\x91\x5c\x9d\xde\x5c\xcb\xb2\x5c\x1f\xa3\
\x7b\x8f\xf0\xa9\xc8\xf9\xbd\x2a\x39\x62\x59\xd7\x6b\x8c\x80\x38\
\x3d\xc1\xa0\x08\xaf\x74\xf8\x6f\x93\x12\x20\x2d\xd8\xaf\x51\x5e\
\x31\xe2\x1b\x16\x4d\x76\xe3\x5a\x73\xba\x38\x24\xfb\x35\x81\x3f\
\xc4\xc9\x90\x64\xfc\x0e\x7f\x1a\xf6\x51\x2c\x96\x67\x6c\xe7\xcc\
\x87\xa2\xca\x07\x4f\x63\x5e\x65\xe2\x2b\x76\xd7\xfc\x45\x1d\x8d\
\x92\x83\x0c\x44\x5b\xc4\xa3\x91\x81\xf7\x8f\xe7\x93\x9a\x69\x92\
\xef\xd0\xc8\xf0\x06\x85\x05\xd6\xb2\xb7\xf7\xea\x5e\xde\xdd\x89\
\x00\xf2\x1e\x4e\xb9\x3f\x4e\xbf\x5a\xf6\xc8\xe7\x4b\x94\x0d\x1b\
\x06\x1d\x4e\x2b\x16\x0f\x0a\x5a\xdb\x58\x45\x6d\x08\xf2\xcc\x6b\
\x8d\xff\x00\xde\x3d\xc9\xfa\x9a\xa1\x35\xad\xee\x91\x26\xe1\xb8\
\x01\xc8\x64\xe8\x69\x86\xa8\xea\xa8\xac\x3b\x3f\x11\xf4\x5b\x84\
\xe9\xfc\x6b\x5b\x30\xdc\x45\x72\x9b\xa2\x90\x38\xfe\x54\xac\xca\
\x4d\x31\xf4\x52\xe3\xdc\x52\x52\x00\x27\x15\xf2\x17\xc7\x99\x5f\
\xc5\xdf\x1c\x4e\x97\x16\x5d\x51\xad\x74\xe5\xc7\x62\x76\x96\xfd\
\x64\x39\xfa\x57\xd7\xa3\x19\x5d\xc7\x03\xd7\xd0\x77\xaf\x92\xfe\
\x1e\xc2\x7c\x61\xfb\x42\xa5\xfb\x82\xd1\x9d\x46\xe2\xf9\xb3\xd3\
\x6a\x6e\x23\xf9\x2e\x28\x03\xea\x9b\xfb\xbb\x6f\x0e\x68\xb7\x17\
\x32\xe2\x2b\x4b\x1b\x76\x76\xc7\x40\x88\x87\xfc\x3f\x41\x5f\x06\
\xbf\xdb\x7e\x21\xf8\xdc\x17\xcb\xde\x6b\x17\xc3\xea\x0c\x8f\xfd\
\x01\xfd\x2b\xea\xbf\xda\x3f\xc4\x27\x47\xf8\x73\x35\x9c\x6d\x8b\
\x8d\x56\x55\xb6\x1c\xf3\xb3\xef\x3f\xf2\x03\xf1\xaf\x20\xfd\x9a\
\xbc\x27\xfd\xad\xf1\x07\xfb\x4a\x44\xdd\x6f\xa5\xc2\xd3\xe4\x8f\
\xf9\x68\xc0\xaa\x7e\x3c\x93\xf8\x50\x07\xd5\x96\x56\x70\xe9\xd6\
\x70\x5a\x40\x02\xc3\x04\x4b\x12\x2a\xf6\x55\x18\x03\xf2\xa9\x68\
\xfa\xd1\x40\x15\xb5\x5d\x52\x1d\x13\x4a\xbb\xd4\x2e\x0e\xdb\x7b\
\x58\x5e\x77\x27\xfb\xaa\x33\xfa\xf4\xfc\x6b\xe3\xaf\x86\xba\x34\
\xff\x00\x15\x3e\x30\x43\x75\xa8\x29\x9a\x39\x67\x7d\x46\xef\x3d\
\x36\x2f\xcc\x17\xe9\x9d\xab\xf4\xaf\x7e\xfd\xa3\x75\xd3\xa5\x7c\
\x39\x92\xcd\x1b\x6c\xba\x94\xe9\x6f\xc7\x5d\x83\xe6\x7f\xd0\x01\
\xf8\xd7\x3d\xfb\x2c\xf8\x64\x59\x68\x9a\xbe\xb7\x22\x7e\xf2\xea\
\x51\x6d\x1b\x1e\xc8\x83\x2d\x8f\x62\xc7\xf4\xa0\x0f\x72\x60\x24\
\xc8\x65\xdc\x3b\xe4\x55\x0b\x8d\x0a\xce\xe4\x1f\x93\xcb\x3e\xa9\
\x57\xa8\xa0\x56\x39\xdb\x8f\x0b\x3a\x9c\xc3\x28\x6f\xf6\x5b\x83\
\x5c\x1f\xc5\xc7\xbc\xf0\xbf\xc3\x4f\x14\x6a\x25\x19\x1a\x0d\x3a\
\x6d\xae\x3b\x31\x5d\xaa\x7f\x32\x2b\xd7\xab\xce\x7f\x68\xd4\xf3\
\x7e\x06\xf8\xd5\x0f\x7b\x03\xff\x00\xa3\x12\x8b\x82\x8a\xb9\xf3\
\xa7\xec\x45\x66\x6d\x7c\x1d\xe2\x67\xee\xf7\xf1\x0f\xfb\xe6\x23\
\x8f\xe7\x5f\x47\x5c\x5c\x2d\xa5\xb4\xb3\x39\xda\xb1\x23\x48\x4f\
\xa0\x00\x9f\xe9\x5e\x43\xfb\x0b\xd9\x46\xfe\x0e\xf1\x64\x52\xc4\
\xac\x8b\xa8\x42\x57\x23\x9e\x62\x6c\xff\x00\x21\x5e\xdb\xf1\x27\
\x47\xb4\xb2\xf8\x7f\xe2\x6b\xb4\xdd\x13\xc5\xa5\xdd\x3a\xed\xe9\
\x91\x13\x63\xf5\x22\x80\x9a\xbc\xae\x7c\x9b\xfb\x1a\x5e\x3d\xe7\
\x89\xbc\x73\x71\x21\x26\x4b\xb5\x8a\xe1\xc1\xee\x5a\x57\x24\xfe\
\x6d\x5f\x53\xd7\xcd\x5f\xb1\x47\x87\xa6\xbb\xd6\x7c\x52\xe8\x55\
\x36\x59\xc0\xa4\xb7\x7c\xc8\x4f\xf4\xaf\xa9\xe7\xf0\xfd\xec\x43\
\x22\x31\x26\x3b\xa9\xa7\x72\x6a\x2b\xc8\xcd\x07\x1d\x38\x3e\xa2\
\xab\xea\xb1\x49\x7f\xa3\xdf\xd9\x2b\x1d\xb7\x36\xf2\xc1\xb7\x3f\
\xde\x42\xbf\xd6\xaf\xc9\x63\x71\x17\xdf\x85\xc1\xfa\x71\x50\xed\
\x28\xe3\x2a\x57\x04\x13\x9a\x46\x69\x34\xcf\x9b\xff\x00\x62\xbf\
\x19\x5d\xe9\xba\x7e\xbd\xe1\x43\x33\x22\xdb\x48\x2f\x20\x8c\xf6\
\x07\xe4\x90\x0f\xf8\x10\x53\xf5\x26\xbe\xa4\x8f\xc4\xd7\xb0\x90\
\x43\x8f\xcb\x06\xbe\x30\xf8\x5e\x8d\xe0\xff\x00\xda\x16\x4b\x40\
\x7c\xb8\xa5\xbe\xba\xb0\x6f\xf7\x58\xb6\x3f\x50\xb5\xf5\xce\x49\
\x19\xef\x42\x35\x93\x69\xe8\xce\x92\xdf\xc7\x9a\x95\xb8\x1b\x65\
\x75\xc7\xf7\x64\x22\xb4\xad\xfe\x2a\xea\xd0\x01\x8b\x9b\x80\x47\
\xa4\xb9\xae\x26\x8a\xab\x22\x39\xe5\xdc\xed\xb5\xff\x00\xda\x07\
\x57\xf0\xe7\x87\x75\x2d\x4d\xef\x26\x22\xce\xda\x49\xb0\xf8\x20\
\x95\x53\x81\xf9\xe2\xb8\x9f\xd9\x5b\xe3\x56\xaf\xa7\x7c\x0d\xf0\
\xe4\x12\xdc\x13\x22\x9b\x96\x77\x78\xf7\x16\x66\x9d\xd8\x92\x7d\
\x72\xc6\xbc\xeb\xf6\x80\xd4\x4d\x8f\xc2\xbd\x5e\x35\x38\x7b\xb6\
\x8a\xd8\x0f\x50\xce\x32\x3f\x20\x6a\x4f\x80\x11\x98\xbe\x14\x68\
\xab\xff\x00\x5d\x7a\xf7\xcc\x8d\xcd\x43\x48\xd9\x54\x9a\x8e\xe7\
\xd4\xb1\x7c\x7d\xbe\x51\xf3\x3c\x44\xfb\xc5\x8a\x87\x5b\xf8\xc5\
\x17\x89\x74\x5b\xdd\x27\x52\x82\xda\xe2\xc2\xf6\x06\xb7\x9e\x37\
\x53\x86\x46\x04\x30\xf6\xe0\xfe\x95\xe4\x34\xb9\x23\xa5\x0e\x28\
\x95\x5a\xa7\x72\xe7\xc0\x1f\xda\x93\x56\xd2\x1f\x52\xf8\x75\xe2\
\x89\x92\xf7\x5a\xf0\xfb\x98\x6d\x6f\xa7\x27\x7d\xf5\xa8\x23\xcb\
\x72\x7b\xb2\xae\x32\x7b\x83\x9a\xf4\x4f\x18\xfe\xd5\x37\x3e\x0f\
\x48\x2f\xa4\xd1\xd7\x50\xd2\x08\xc5\xd4\xd6\xa4\xb4\xb6\xc3\xb3\
\x94\xfe\x25\xc7\x5c\x72\x31\x5f\x19\xfc\x7d\xd3\xae\x7c\x2b\xe3\
\x5f\x0f\xf8\xcf\x4c\x1e\x5d\xce\x7c\xa9\x0a\xff\x00\x13\x27\x20\
\x1f\x66\x52\x54\xfb\x0a\xf6\xcd\x13\x55\x83\xc4\x5a\x2d\x9e\xa3\
\x0e\x1a\xda\xf2\x15\x94\x02\x33\xc1\x1c\x83\xfc\xbf\x0a\x5c\xa8\
\xd3\xdb\x4f\xb9\xdf\xf8\xcb\xe3\x1a\xfc\x4a\xd0\xed\x75\xef\x03\
\xf8\x89\x34\xad\x7e\xd5\x77\x5a\x5e\xc0\xe5\xed\xe5\x19\x04\xc3\
\x3c\x67\x82\xa7\xf0\x23\xf3\xac\x9f\x87\x5f\xb7\x84\xb7\x9a\x91\
\xf0\xe7\x8d\xb4\x98\xbc\x3b\xe2\x58\x1b\xcb\x66\x24\xf9\x17\x0d\
\x9c\x02\xa7\xb6\x7b\x76\x35\xf3\x6f\x8e\x3c\x1b\xaa\xfc\x29\xd6\
\x1f\xc5\x1e\x11\x76\x8f\x4d\x91\xb7\xde\x58\x75\x8d\x09\x3c\x9d\
\xbf\xdd\x3f\xa5\x69\x6b\x3a\x5e\x91\xfb\x40\xf8\x48\x5e\xd9\xaa\
\x59\xf8\x8a\xc9\x71\xb4\x9f\x98\x1f\xee\x13\xdd\x4f\x50\x7b\x1a\
\x5c\xa8\xa5\x5a\x6f\x5b\x9f\x6d\xff\x00\xc3\x41\xae\xdc\x88\xa2\
\x23\xb6\x01\xa8\xdb\xf6\x84\x75\xcf\xee\x63\xc7\x6f\x94\xd7\xc4\
\x1f\x06\xfe\x22\x5f\x69\xd7\xc7\xc2\x7e\x23\x77\x5b\x88\x8f\x95\
\x6d\x34\xdf\x79\x48\xeb\x1b\x13\xd7\xd8\xd7\xb7\x11\xcf\xb1\xa7\
\xca\x8c\xdd\x6a\x8b\xa9\xeb\xfa\xcf\xc7\xbb\xfb\xcd\x3a\x78\xac\
\xdd\x6c\xae\x99\x08\x8e\xe1\x62\xdc\x11\xbb\x1c\x1e\xa3\x8a\xe1\
\xfc\x2d\xfb\x63\x6a\x37\x5a\xab\xf8\x73\xc4\x36\xb1\xe9\x7e\x24\
\x84\xe3\x6c\x6a\x3c\x8b\xa5\xe7\x0f\x1b\x1f\x5f\x4a\xe6\x2b\x83\
\xf8\xb7\xf0\xfd\x7c\x67\xa2\x0b\xab\x45\xf2\xf5\xab\x0f\xde\xda\
\xc8\x9c\x3b\x60\x64\xa6\x7d\xfb\x7b\xd3\xe5\x4b\xa0\x2a\xd3\x7b\
\xb3\xe9\x39\x7e\x3e\x6a\x4d\x9d\xbb\x87\x38\xc6\x00\xac\x7d\x7f\
\xe3\x57\x88\xaf\x34\xbb\xa8\xf4\xdb\x87\xb7\xbf\x64\x3e\x44\x8e\
\x41\x50\xfd\xb2\x3d\x09\x1c\xfb\x1a\xf9\xef\xe0\xf7\xc4\x09\xbc\
\x5b\xa5\xc9\x61\xa9\x1f\xf8\x9b\x59\x28\xdc\xc7\x83\x2a\x74\xdd\
\x8f\x50\x78\x3f\x5a\xf4\x5c\x64\x60\xf7\xea\x45\x34\x91\x2e\xa4\
\xfb\x9b\xde\x0e\xfd\xa4\x2f\xfc\x6d\xa4\x1b\x95\x47\xb7\xbd\x85\
\xcc\x37\x76\x8f\x29\xdd\x04\xa0\x9c\xa9\xf6\xc8\x38\x35\xa9\x3f\
\xc5\x0d\x56\x6e\x81\x47\xd5\x98\xd7\xcc\xde\x31\xb8\x9b\xe1\x97\
\xc5\x18\xb5\xdb\x75\x3f\xd9\x7a\xba\xe6\xee\x15\xe8\x59\x4e\x1c\
\x8f\x7e\x8c\x3f\x1a\xf6\x5b\x69\x16\xf2\x14\x96\x02\x65\x8e\x40\
\x19\x59\x3f\x88\x11\x90\x7f\x2f\xe7\x45\x91\x0e\x72\xee\x74\xd3\
\xf8\xfb\x53\xb8\x46\x47\xf2\x59\x5c\x10\x55\x90\x30\x20\xf5\x04\
\x1e\xb5\xe3\xde\x26\xf0\xd7\x88\xfc\x39\x7f\x71\xae\xf8\x03\x55\
\x97\x49\xbb\x62\x5e\x6d\x25\x4e\x6d\xa6\xee\x76\xa1\xe1\x4f\xb5\
\x7a\x6d\xae\x81\xa8\x5e\x90\x22\xb4\x94\x83\xdd\x86\xd1\x8a\xd9\
\xb4\xf8\x7f\x7d\x3b\x8f\x3a\x48\xe0\x1e\xc7\x71\xa1\xf2\x8d\x39\
\x1e\x2f\xe0\xaf\xda\x6b\x51\xd5\xef\x17\x49\xf1\x2c\xb2\xe9\x1a\
\xa0\x3e\x59\x6f\xbb\x13\x37\xa1\xfe\xe9\xfa\xd7\x65\xe3\x3d\x1e\
\x3f\x88\x3a\x0c\xfa\x4e\xad\x24\x97\x56\xf2\x8d\xc8\xc4\xe4\xc6\
\xe3\xee\xba\xfb\x8a\xbb\xf1\x3f\xf6\x64\xd3\x7c\x69\xa5\x4b\x73\
\x67\x37\x93\xe2\x18\xd0\x98\xa6\x61\xb5\x25\xff\x00\x65\xff\x00\
\xa1\xed\x5c\xb7\xec\xf5\xf1\x26\x5f\x0c\x6b\x52\x78\x1b\xc5\xf6\
\xcb\x6f\x7b\x14\xc6\x1b\x6b\xab\x85\xf9\x95\xc7\xfc\xb2\x72\x7d\
\x7f\x85\xa8\xba\x29\xc5\xde\xe7\x03\xe1\x2f\x1d\xeb\xff\x00\x0d\
\x3c\x46\xbe\x11\xf1\x8c\xf3\xbd\xa6\xe0\xb6\xb7\xf3\xb3\x0d\xa8\
\x78\x56\x24\xf5\x42\x7b\xf6\xe6\xbe\xa2\xd2\xfe\x19\x3d\xca\xa4\
\xb7\x77\x89\xe5\xb0\x0c\x04\x3f\x36\x47\x1d\xfa\x7b\xfe\x35\x97\
\xf1\xf3\xe1\x0c\x1f\x15\x3c\x28\xc6\xde\x24\x1a\xed\x80\x32\xd9\
\xc8\x46\x0b\x8c\x64\xc4\x4f\xa1\xed\xef\x8a\xe5\x3f\x65\x5f\x89\
\xf3\xea\x5a\x64\x9e\x0c\xd6\x5d\x97\x52\xd3\x54\xfd\x94\xcb\xc3\
\x3c\x40\xe1\xa3\x39\xfe\x24\x3f\xa7\xd2\x8b\x82\x47\xb6\xe9\x7e\
\x09\xd2\x34\xac\x32\xdb\x09\xa5\x1f\xc7\x2f\xcd\xfa\x55\x4f\x89\
\x7f\x0c\xb4\x4f\x8a\x9e\x15\x9f\x42\xd6\x20\x02\x26\xf9\xa0\x9e\
\x30\x37\xdb\xc9\xd9\xd3\xdf\x3d\x47\x71\xc5\x74\xc0\xe7\x8a\x78\
\x35\x37\x36\xb2\x3e\x10\xf0\xb7\x8b\x7c\x65\xfb\x26\x78\xf6\x6d\
\x0b\x50\x0f\x7f\xa1\xb3\x6e\x6b\x52\xc7\xca\x9e\x23\xd2\x58\x89\
\xfb\xad\xfd\x78\xaf\xb9\x3c\x25\xe2\xbd\x37\xc6\xde\x1e\xb2\xd6\
\xb4\x89\xc5\xcd\x8d\xdc\x61\xd5\xfb\x83\xd0\xab\x0e\xcc\x0f\x04\
\x7a\xd7\x1b\xf1\xa7\xe1\x1d\x8f\xc5\xaf\x0a\xbd\xa3\xa2\x45\xaa\
\xdb\x82\xf6\x37\x6d\xc1\x47\xc7\xdd\x27\xfb\xa7\xbf\xe7\x5f\x37\
\xfc\x04\xf8\x8f\xa8\x7c\x18\xf1\x95\xcf\x87\x3c\x40\x1e\xdb\x49\
\x9e\x7f\x2a\xea\x29\x73\xfe\x87\x37\x4f\x30\x7b\x1e\x87\xd4\x73\
\xda\x8b\x05\xec\x7d\x93\xe2\x6f\x0c\xe9\xbe\x32\xd0\x2f\x34\x6d\
\x5e\xd9\x6f\x34\xfb\xb4\x31\xcb\x13\x7b\xf7\x07\xb1\x07\x90\x7d\
\x45\x7c\x2d\x6f\x69\xad\x7e\xc8\xff\x00\x1b\x01\x53\x25\xce\x8f\
\x29\x19\xc7\x0b\x79\x66\xcd\xe9\xd3\x7a\x7e\x84\x7a\x1a\xfb\xe2\
\x29\x56\x44\x57\x52\x19\x18\x64\x10\x72\x0f\x1d\x73\xf4\xc6\x2b\
\xcc\xff\x00\x68\x8f\x85\xf1\x7c\x4c\xf0\x05\xc0\x82\x20\xfa\xce\
\x9a\x1a\xea\xcd\xc0\xf9\x9b\x03\xe6\x8f\xe8\xc0\x1f\xc4\x0a\x94\
\x53\x7a\x1e\x8f\xa4\x6a\xf6\x9a\xf6\x97\x69\xa8\xd8\xca\x27\xb3\
\xba\x89\x66\x8a\x55\xe8\xc8\xc3\x23\xf1\xff\x00\xeb\xd5\xba\xf9\
\xb7\xf6\x3d\xf1\xec\x93\x69\x97\xbe\x0e\xbd\x90\xf9\x96\x60\xdc\
\xd8\xef\xeb\xe5\x13\x87\x41\xf4\x24\x1c\x7b\x9a\xfa\x4a\x86\xac\
\x09\xdc\x2b\x9d\xf1\xf7\xc3\xdd\x03\xe2\x67\x87\x6e\x34\x4f\x11\
\x69\xf1\xdf\xd8\xcb\xd0\x30\xc3\x46\xdd\x9d\x1b\xaa\x9e\x7b\x57\
\x45\x47\x6a\x45\x5c\xfc\xe9\xf1\x4f\x80\x7c\x69\xfb\x18\xfc\x47\
\xb7\xd6\xb4\x2b\xa9\x2f\x34\x0b\xa9\x0a\x45\x39\xcf\x97\x73\x18\
\x39\x30\xcc\xa3\x80\xd8\xe7\x3f\x88\xaf\xb9\xfe\x15\x7c\x50\xd2\
\x3e\x2d\xf8\x46\xdb\x5d\xd2\x24\xc6\xe1\xb2\xe2\xd5\xcf\xcf\x6d\
\x27\x52\x8c\x3f\x50\x7b\x8a\xd5\xf1\x9f\x83\xf4\xaf\x1e\xf8\x6a\
\xf7\x43\xd6\x6d\x96\xeb\x4f\xba\x8c\xab\xa1\x1c\xa9\xec\xca\x7b\
\x10\x70\x41\xaf\x8d\xfc\x1d\x67\xab\x7e\xc9\xbf\x1c\xe2\xd3\x6f\
\xe6\x92\x6f\x0c\xea\x6c\x22\x6b\x8e\x89\x3c\x0c\x70\xb2\xe3\xb3\
\xa1\x3c\xfa\x73\xeb\x54\xb5\x25\xb6\x7d\xc1\x34\x31\xdc\x44\xf1\
\x4d\x1a\xc9\x13\x82\xac\x8e\x32\x18\x7a\x11\xdf\x8e\x2b\xe5\xff\
\x00\x8c\x1f\xb2\xcc\xba\x7e\xa2\x7c\x51\xf0\xff\x00\x7d\xa5\xd4\
\x6e\x66\x7d\x3e\x16\xda\x51\x81\xce\xe8\x4f\xfe\xcb\x5f\x51\xe4\
\x30\x04\x73\x9e\x72\x0e\x47\xb6\x29\x3b\xd2\xbd\xb4\x06\xaf\xa9\
\xe3\xbf\x02\x3e\x36\x3f\x8d\xed\xdb\x41\xf1\x02\x9b\x4f\x14\x59\
\x8d\xac\xb2\x0d\xa6\xe4\x01\xcb\x01\xd9\x86\x39\x1f\x95\x7b\x11\
\xeb\x5c\x27\x8e\xfe\x11\xe9\x7e\x2e\xbb\x87\x55\xb5\x63\xa3\xf8\
\x8a\xdd\x83\xc1\xa9\x5b\x0c\x36\x47\x40\xe3\xf8\x85\x75\x1e\x1c\
\xb8\xd4\x67\xd3\x11\x75\x68\x52\x2d\x42\x2f\x92\x56\x88\xe6\x39\
\x08\xfe\x35\xf6\x3e\x9d\xa8\x6d\x02\xbf\x53\x52\x97\x38\xfc\x45\
\x36\x8a\x91\x9e\x3d\xe2\x0f\x0e\x8f\x04\x7c\x58\xd2\x35\xcb\x44\
\x29\x61\xa8\xcf\xb2\x40\x3a\x2b\xb7\xca\xe0\xfb\x1d\xc1\xab\xd8\
\x8f\x1d\x6b\x1b\xc5\xba\x10\xf1\x06\x85\x71\x6a\x30\x27\x18\x96\
\x06\x3f\xc3\x22\x90\x54\xd6\xba\x31\x65\x52\xc3\x69\x20\x1c\x7a\
\x1e\xf5\x7b\x93\xca\xc5\xa2\x8a\x2a\x0a\x0a\x28\xa2\x80\x0a\x28\
\xa2\x80\x0a\x28\xa2\x80\x0a\x28\xa2\x80\x0a\x28\xa2\x80\x0a\x28\
\xa2\x80\x0a\x28\xa2\x80\x0a\x28\xa2\x80\x0a\x28\xa2\x80\x0a\x28\
\xa2\x80\x0a\x28\xa2\x80\x0a\x28\xa2\x80\x0a\x28\xa2\x80\x0a\x28\
\xa2\x80\x0a\x28\xa2\x80\x0a\x28\xa2\x80\x0a\x28\xa2\x80\x0a\x28\
\xa2\x80\x0a\x28\xa2\x80\x0a\x28\xa2\x80\x1a\xcb\x9e\x6a\x27\x5a\
\x9e\x98\xea\x29\xdc\x4c\xa8\xe9\x50\x3a\x55\xd6\x06\xa0\x75\xf4\
\xaa\x24\xa5\x22\xf1\x50\xb2\xf6\x35\x75\xd6\xa0\x92\x3c\xf3\x41\
\x2c\xa4\xe9\xc6\x2a\x17\x4c\x55\xd6\x00\x54\x0e\x80\x1a\x08\x28\
\xc9\x1d\x57\x74\x39\xad\x07\x4c\x55\x79\x23\xa6\x80\xa4\xe9\x9f\
\x6a\x81\x93\x04\xd5\xd9\x10\xe6\xa0\x74\x0c\x69\x81\x49\xd3\x1c\
\xd4\x44\x11\x57\x19\x2a\x27\x8c\x53\x19\x9f\xa9\x5d\x8b\x3b\x0b\
\x99\xdb\x07\x64\x64\xf3\xeb\xdb\xf5\xc5\x73\x1e\x10\xd1\xa6\xb1\
\x80\x6a\x5e\x58\x92\x49\x78\x58\xcf\x07\x67\x72\x3d\xcf\xf2\xae\
\x8b\x5b\xb2\x6d\x42\xde\x3b\x5c\x62\x29\x24\x1e\x61\xff\x00\x64\
\x72\x7f\x33\x8a\xb8\x88\xb1\xa8\x45\x1b\x55\x46\x02\x8f\x4a\x09\
\xea\x32\xde\xe6\x3b\x84\xca\x37\x23\xaa\x9e\xa3\xeb\x52\x1f\x98\
\x60\x80\x47\xa1\xa8\x6e\x2c\xd6\x56\x12\x46\x7c\xa9\x87\x49\x17\
\xbf\xb1\xa8\xe3\xbd\x68\x9c\x47\x72\x04\x6e\x4f\x0e\x3e\xeb\x7d\
\x3d\x28\x19\x05\xde\x83\x6f\x73\x96\x8f\xf7\x4f\xea\x3a\x1a\xc7\
\x9f\x4d\xbc\xd3\x5b\x7a\xe4\xa8\xe8\xf1\xd7\x53\xd8\x1f\xc7\xeb\
\x4a\x3a\xd3\xb8\xb9\x4e\x76\xd3\xc4\x52\x46\x55\x6e\x10\x38\x1c\
\x16\x1d\x45\x6c\x5a\x6a\x36\xf7\x80\x08\xe4\x1b\x8f\x66\xe0\xd3\
\x6e\xf4\xab\x6b\xa2\xc5\xa3\xd8\xc7\xa3\x2f\x06\xb1\xee\xbc\x3b\
\x34\x27\x7c\x2d\xe6\x8f\x6e\x0d\x3d\xc4\x69\xf8\x92\xf8\x69\x7e\
\x1d\xd5\x6f\x5b\xa5\xbd\xac\xb2\x7e\x48\x6b\xe7\xdf\xd9\x87\x48\
\x2f\xe2\xcd\x56\xfe\x41\x9f\xb3\x59\x04\xdc\x7b\x33\xb0\xe7\xf2\
\x53\xf9\xd7\xa2\x7c\x46\xd4\xef\x6d\x3c\x0b\xac\xc0\xee\xc0\x49\
\x0f\x96\x55\xc7\x66\x21\x78\xfc\xeb\x0f\xf6\x78\x5b\x7d\x2b\x4a\
\xd5\xae\xae\x18\xc6\x67\xb8\x54\x0c\x47\x1b\x54\x64\xfe\xa4\xd4\
\xda\xc0\x99\xca\x7e\xd2\xba\xb9\xd5\x7c\x63\x69\xa6\x23\x66\x3d\
\x3e\xdf\x2c\x01\xe0\x48\xe7\x71\xfd\x02\x8a\xef\x7f\x67\x8f\x09\
\xae\x9d\xe0\x89\x35\x07\xdd\x1d\xc6\xa1\x39\x70\xeb\xd4\x46\xbf\
\x2a\x8f\xa6\x77\x57\x8a\x78\x9e\xea\x4f\x14\x78\xaf\x51\xbe\x50\
\x5e\x4b\xcb\xa6\x28\x31\xce\x09\xc2\xfe\x98\xaf\xad\x3c\x3f\xa4\
\x26\x83\xa1\xd8\x69\xc8\x00\x5b\x58\x12\x2e\x3d\x42\x8d\xc7\xf3\
\xcf\xe7\x41\x44\xad\x25\xd5\xb7\x2d\x18\xba\x4f\x54\xe1\xbf\x2e\
\xf4\xe8\x35\x2b\x7b\x86\xd8\xaf\xb6\x4f\xee\x38\xc3\x55\x85\x23\
\x9e\xb5\x15\xcd\x9d\xbd\xea\xe2\x68\x95\xcf\x62\x46\x0f\xe7\x48\
\x0f\x01\xfd\xa6\xb5\x0f\xb4\xeb\x5a\x36\x9e\x1b\x29\x6f\x6e\xf7\
\x0c\x3d\x19\xdb\x03\xf4\x5a\xf5\xaf\x85\x9a\x38\xd0\xbe\x1e\xe8\
\x96\x80\x6d\x73\x6c\x26\x7f\x76\x72\x5b\xfa\x8a\xf0\xdf\x8a\xd6\
\x9f\x6e\xf8\x91\x77\x69\x1b\x34\x8b\x1b\x45\x6c\x85\xdb\x27\xa0\
\xe3\xf3\x6a\xfa\x02\x0d\x4e\x7d\x1e\x08\x6d\xee\xac\x5d\x12\x24\
\x11\xab\xc5\xf3\x00\x14\x63\xf9\x0a\x60\x6d\xd1\x54\xad\x75\xab\
\x2b\xc1\xfb\xb9\xd4\x37\x4c\x37\x04\x7e\x15\x78\x10\x46\x41\x07\
\xde\x80\xb8\x95\xc2\x7c\x78\xb7\x37\x5f\x07\x3c\x5f\x10\x38\x26\
\xc1\x8e\x4f\xb3\x29\xfe\x95\xde\x01\xf9\x57\x39\xf1\x22\xc7\xed\
\xff\x00\x0f\x7c\x4b\x6e\x46\x77\xe9\xb7\x18\x1e\xa7\xcb\x62\x3f\
\x50\x28\x03\xc4\x3f\x62\x84\x11\x78\x73\xc5\x71\xe3\x04\x5e\xc0\
\xc7\xf1\x8d\xbf\xc2\xbd\x7b\xe3\x4c\xc6\x0f\x84\x9e\x2d\x70\x71\
\xff\x00\x12\xe9\x07\xfd\xf5\x81\xfd\x6b\xc8\xff\x00\x63\xf3\xf6\
\x77\xf1\x45\xbf\x42\xeb\x6f\x37\xe5\xbd\x6b\xd4\xfe\x3d\xc9\xe5\
\xfc\x23\xf1\x22\xff\x00\xcf\x58\x16\x23\xf8\xc8\xbf\xe1\x40\xcf\
\x21\xfd\x8a\x74\xcf\xb2\xdb\x78\xb6\xe0\x8c\x65\xed\xa1\x04\x8e\
\xd8\x76\x3f\xd2\xbe\x9b\xcf\xe7\xeb\x5e\x15\xfb\x26\x58\xfd\x97\
\xc2\xfe\x20\x94\x0f\xf5\x97\xa8\xb9\xf5\xda\x99\xff\x00\xd9\xab\
\xdd\x28\x10\xb9\x20\x63\xad\x47\x24\x31\xc9\xf7\xd1\x5b\xea\x29\
\xf4\xa3\xad\x00\x7c\x5d\xf1\x07\x4c\x8f\x41\xfd\xa6\x65\xb8\x11\
\x81\x00\xd5\xed\x6e\x36\xf4\xf9\x5b\xcb\x2d\xf9\xe4\xfe\x75\xf5\
\xfc\x9e\x1d\xb2\x66\x60\x15\x97\x92\x38\x35\xf3\x0f\xed\x01\x65\
\xe5\x7c\x63\x69\xd1\x4f\x30\xda\x4b\xf5\x20\x63\xfa\x57\xd6\x32\
\x9f\x9d\xbd\x89\xc7\xe7\x40\x5a\xe6\x33\xf8\x5e\xdc\xfd\xd9\x5d\
\x7e\xb5\x03\xf8\x50\x01\xf2\xdc\x7e\x6b\x5b\xd4\xa0\x64\xd0\x2e\
\x54\xcf\x9d\xbf\x6a\x2d\x2d\xec\x7c\x1f\xa5\x40\x65\x0e\x27\xbf\
\xce\x07\x5c\x2c\x6d\xff\x00\xc5\x57\x5b\xf0\x6f\xc2\xd7\x09\xf0\
\xbb\xc3\x8c\xa5\x40\x92\xdb\x7e\xd3\xdb\x2e\xc7\xfc\xfd\x6b\x03\
\xf6\xa8\x6f\xb4\x45\xe1\xdb\x5f\xee\x99\xe6\x3f\x88\x45\xff\x00\
\x1a\xf5\xdf\x01\xd9\x0d\x3b\xc1\x3a\x05\xb0\x18\xd9\x63\x07\x1e\
\x84\xa2\x93\xfa\x93\x40\x74\xb1\x49\xbc\x37\x78\x0e\x70\x84\x7a\
\x6e\xa6\xb7\x87\x6f\x14\xfd\xc0\x7f\xe0\x55\xd6\x51\x41\x3c\xa7\
\x8c\x7c\x69\xf0\x45\xd6\xa9\xf0\xef\x53\x77\x84\x13\x68\x16\xed\
\x48\x39\xc6\xd3\xf3\x7f\xe3\xa4\xd6\x67\xec\xf9\x1d\xce\xab\xe0\
\x1f\xb3\xc6\xbb\xcd\x85\xc3\xc1\xd7\xa2\x9c\x32\xff\x00\x33\x5e\
\xd7\xe2\x2b\x35\xbf\xf0\xf6\xa9\x6c\xc0\x15\x96\xd2\x54\x3f\x8a\
\x37\xff\x00\x5a\xbc\x77\xf6\x60\x0d\x05\xaf\x88\x2d\xfa\x0c\xc1\
\x29\x1e\xe4\x30\x3f\xfa\x08\xa0\x39\x7a\x1d\xfc\xfe\x1a\xb9\xb8\
\x85\xe2\x96\xdd\x64\x89\x81\x56\x46\xe5\x48\xef\x9a\xf0\x2f\x14\
\xf8\x3b\x52\xf8\x21\xe3\x1b\x7d\x5f\x4f\x8d\xbf\xb2\x6e\x98\x8f\
\x2f\x39\x04\x0e\x5a\x23\xfa\x91\xf8\x57\xd5\xf5\x8f\xe2\xff\x00\
\x0b\x5a\xf8\xc7\xc3\xd7\x5a\x5d\xd0\x1b\x26\x5c\xc6\xf8\xe5\x1f\
\xf8\x58\x7d\x3f\xa9\xa0\x6a\x3d\x0f\x05\xf8\xa5\xf0\xf4\x78\xaf\
\xc3\x76\xfe\x37\xd1\x55\x5d\x96\x21\x2c\xad\x11\xf9\x9e\x3e\xc4\
\x81\xfc\x4a\x46\x0f\xd2\xbb\x1f\x84\x9a\xc4\xde\x3c\xf0\xe6\xe6\
\x91\x05\xfd\x99\x10\xdc\x29\x3c\x9e\x3e\x57\xfa\x10\x3f\x3c\xd5\
\x0f\x82\x7a\xa4\xfe\x1f\xd6\x35\x1f\x06\xea\xc3\xf7\x6e\xcd\xe5\
\xc6\xfc\xaa\xc8\x38\x74\x1e\xa1\x87\x35\x43\x41\xb5\x6f\x84\xff\
\x00\x17\x5e\xd0\x16\x5d\x2a\xf1\x84\x5c\xf4\x30\xc9\xca\x13\xfe\
\xeb\x71\x40\xad\x73\xd6\x93\xc2\x77\x47\x83\x24\x63\xeb\x53\x27\
\x83\xa7\x23\x99\xe3\x1f\x81\xae\x91\x1f\x8e\x4f\x3f\xce\xa5\x53\
\x91\x40\x28\xa3\xe6\x0f\x1d\xf8\x59\xfe\x15\x7c\x56\xd3\xf5\x78\
\x8e\x34\xdd\x45\xbc\xc9\x4a\x0c\x60\x12\x04\xab\xf8\x64\x30\xaf\
\xa2\x6d\xbc\x21\x62\xca\x92\x79\xd2\x4a\x8c\x01\x04\x1c\x06\x04\
\x02\x0f\xe4\x6b\x93\xf8\xed\xe1\xe4\xd7\xbc\x0d\x25\xc6\xdd\xd3\
\xd8\x4a\x27\x53\xfe\xc9\xf9\x58\x7e\x44\x1f\xf8\x08\xad\xcf\x84\
\xba\xc3\x6b\x1e\x01\xd2\x64\x91\xb7\x4d\x02\x1b\x69\x09\xeb\x94\
\x38\x1f\xa0\x14\x15\x63\x98\xf8\xed\xf0\xfa\xcf\x52\xf8\x73\x79\
\x71\x6b\x09\xfb\x5e\x9e\xeb\x74\xac\x4e\x49\x50\x70\xe3\xf2\x3f\
\xa5\x5a\xfd\x9a\x75\x81\xa9\xfc\x3d\x5b\x49\x95\x1a\xe7\x4c\x9d\
\xad\xcb\x63\x93\x19\xf9\x90\xfe\xa4\x7e\x15\xe8\xf7\xf6\x69\xa9\
\x58\xdc\xd9\xcc\x33\x0d\xc4\x6d\x13\x83\xe8\xc0\x8f\xeb\x5e\x1d\
\xfb\x3e\x34\x9e\x1f\xf1\x96\xaf\xa3\xcb\x95\xf3\x62\x61\x8e\xde\
\x64\x4d\xcf\xe8\x48\xa0\x7a\x1f\x44\xa1\xdc\x31\xda\xa4\x53\x8e\
\xbe\x95\x5d\x0f\x3c\xd4\xc3\xa5\x20\x2c\x2b\x66\xbc\x7b\xf6\x80\
\xf8\x49\x1f\x8c\x74\xa3\xaf\xe9\x91\x6c\xd6\xec\x53\x73\x88\xc6\
\x1a\x78\x97\x9c\x7f\xbc\xbc\x91\xf4\xaf\x5d\x43\x53\x29\xf9\x4e\
\x3f\x5a\x48\x0f\x34\xf8\x0b\xf1\x25\xfc\x6b\xe1\xaf\xb1\x6a\x12\
\xee\xd6\x74\xe5\x09\x29\x6e\x0c\xd1\xe7\xe5\x7c\x7a\xf6\x3e\xe0\
\x1e\xf5\xe7\x3f\x1b\xbc\x2d\x73\xf0\xe7\xe2\x2e\x97\xe3\x7d\x11\
\x3c\xb5\xb8\x9c\x4b\x22\xa0\xc2\x89\xc7\xde\x07\xd9\xd7\x3f\x8e\
\x6a\xff\x00\x8a\xf4\x87\xf8\x41\xf1\x52\xd7\x5d\xd3\xe3\x29\xa5\
\x5e\x33\x3b\x46\xa3\x00\x2b\x1f\xde\xc7\xff\x00\xb3\x0a\xf6\x2f\
\x1f\x78\x6e\x1f\x1c\xf8\x26\xfa\xc9\x4a\xbb\x4b\x10\x9e\xd9\xf1\
\x9c\x3a\x80\xc8\x47\xe4\x07\xfc\x0a\xa8\x7b\xe8\x6f\xf8\x7f\x5c\
\xb6\xf1\x16\x89\x63\xaa\x59\xb6\x6d\xae\xe2\x59\x93\xd4\x02\x39\
\x07\xdc\x10\x45\x6a\x03\x91\x5e\x2d\xfb\x37\x6b\xac\xfa\x25\xf6\
\x85\x39\x22\x4b\x39\x3c\xe8\x55\xbb\x23\x1f\x98\x7e\x0c\x3f\xf1\
\xea\xf6\x85\xe9\x52\xf7\x2a\x24\xc8\x7a\x75\xaf\x0d\xfd\xa4\xbe\
\x11\x27\x89\x34\xef\xf8\x49\xf4\xe8\x01\xd4\x6d\x13\x17\x51\xa0\
\xe6\x68\x87\x7f\x72\xbf\xa8\xcf\xa5\x7b\x7a\xf4\xa9\x82\x09\x23\
\x2a\xc0\x15\x23\x04\x30\xe0\x8a\x5b\x15\x6b\xe8\x78\x87\xec\xd3\
\xf1\x2d\xf5\x5d\x29\x7c\x2d\xa9\xcb\x9b\xdb\x24\x26\xce\x57\x3f\
\xeb\x62\xfe\xef\xb9\x5e\xde\xdf\x4a\xf7\x84\x24\x01\xd8\xf5\xfc\
\x6b\xe5\x5f\x88\xde\x0b\xb8\xf8\x5d\xe3\x9b\x6d\x57\x48\xcc\x16\
\x92\x48\x2e\x6d\x1d\x7a\x46\x7f\x8a\x3f\x7e\xbf\x91\xaf\xa3\xbc\
\x19\xe2\x68\x3c\x61\xe1\xdb\x5d\x4e\xdc\x6d\x32\xae\x24\x8f\x3c\
\xa3\xf7\x5f\xc3\xf9\x62\x9c\xbb\xa0\x8b\xfb\x2c\xf9\x97\xc6\x3a\
\x53\x7c\x1b\xf8\xf3\x0e\xad\x66\x86\x3d\x3e\x49\xd6\xf5\x15\x78\
\x06\x19\x0e\x25\x4f\xc0\xef\xe3\xe9\x5f\x5b\x47\x22\x4d\x1a\xc8\
\x8c\x1a\x37\x1b\x95\x87\x42\x08\x04\x11\xf8\x11\x5e\x3d\xfb\x49\
\xf8\x55\x75\x6f\x0e\x69\xfa\xb2\xa6\x65\xb2\x97\xca\x72\x3a\xf9\
\x72\x01\xc7\xe0\xd8\xfc\xeb\xb2\xf8\x43\xab\xc9\xac\xfc\x3b\xd1\
\xe4\x95\xb7\x4d\x02\x35\xb3\x9e\xf9\x42\x40\xfd\x31\xf9\x52\x7b\
\x04\x74\x6d\x1d\x8d\x14\x51\x50\x58\x11\xda\xbc\xfb\xe3\x97\xc2\
\xbb\x6f\x8a\xfe\x08\xb9\xb0\xd8\xab\xaa\xdb\x03\x35\x84\xfd\xd6\
\x5c\x7d\xdf\xf7\x5b\xa1\xfc\x3d\x2b\xd0\x69\x6a\x90\x1c\x4f\xc1\
\x7d\x76\x7f\x10\xfc\x31\xd0\x6e\x2e\xc3\x2d\xf4\x50\x9b\x3b\x95\
\x7f\xbc\x25\x89\x8c\x6d\x9f\xc5\x6b\xb5\xaa\x5a\x56\x91\x6d\xa3\
\xbd\xe1\xb6\x43\x1a\x5d\x5c\x35\xcb\xa0\xfb\xa1\xd8\x28\x62\x3e\
\xa5\x73\xf5\x26\xae\xd3\x00\xa0\x64\x1f\x5a\x28\xa8\x18\x51\x45\
\x14\x08\x29\x69\x28\xa7\x70\x0a\x28\xa2\x90\x05\x14\x51\x40\x05\
\x14\x51\x40\x05\x14\x51\x40\x05\x14\x51\x40\x05\x14\x51\x40\x05\
\x14\x51\x40\x05\x14\x51\x40\x05\x14\x51\x40\x05\x14\x51\x40\x05\
\x14\x51\x40\x05\x14\x51\x40\x05\x14\x51\x40\x05\x14\x51\x40\x05\
\x14\x51\x40\x05\x14\x51\x40\x05\x14\x51\x40\x05\x14\x51\x40\x05\
\x14\x51\x40\x05\x14\x51\x40\x05\x14\x51\x40\x05\x04\x66\x8a\x28\
\x01\x8e\xb8\xa8\x19\x48\xab\x44\x6e\xa8\x9e\x3c\x55\x21\x32\xa3\
\x21\xdd\x51\x3a\x64\x55\xb6\x5c\xd4\x4e\x98\xa6\x43\x45\x19\x13\
\xda\xa1\x65\x07\xda\xaf\x3a\x54\x12\x46\x28\x11\x4d\xd0\x91\x50\
\x3a\x62\xae\x90\x71\x50\xba\x66\x82\x4a\x52\x47\xde\xab\xbc\x7d\
\x6a\xfc\x88\x73\x50\xbc\x7d\xe9\xa1\x14\x19\x3d\x45\x40\xe9\x57\
\xa4\x53\x50\xb2\x7a\xd5\x01\x49\x93\xda\xa0\x64\x20\xe6\xaf\x3a\
\x6d\xa8\x99\x05\x00\x55\xc7\x3f\x4a\x6b\xaa\x48\x85\x1d\x77\x29\
\xe0\xa9\xe9\x53\x3c\x78\x3c\x53\x19\x71\x40\x14\xbc\x89\xad\x32\
\x6d\xdb\xcc\x8f\xaf\x94\xc7\x9f\xc0\xd4\xb0\xde\x24\xcc\x50\xe6\
\x39\x3f\xb8\xfc\x1a\x9c\x1c\x54\x73\x5b\xc7\x74\x00\x91\x73\xdc\
\x37\x43\x40\x12\x11\xf8\x0a\x33\x54\xfc\xab\x8b\x4c\x84\x3f\x69\
\x8f\x3c\x2b\x9c\x37\xe7\xde\xa5\x82\xf6\x19\x98\xa1\x25\x24\x1d\
\x51\xf8\x34\x0c\xe4\xbe\x31\xa0\x7f\x87\xba\x99\x2a\x32\x4c\x7c\
\xe3\x9f\xbe\xbf\xe1\x5c\xb5\x9e\x8c\xbe\x19\xf8\x38\x2f\x0b\x98\
\xe7\x96\xdd\xa4\xc7\xab\xc8\x70\xa3\xf2\x22\xbb\xbf\x88\x5a\x63\
\x6a\xfe\x13\xbb\xb2\x50\x5e\x49\x9e\x15\x00\x7a\x99\x57\x3f\xa6\
\x6b\x98\xf8\xcd\x2a\xd9\x78\x67\x4d\xd3\x21\x38\x57\x98\x70\x3f\
\xbb\x1a\xf1\xfd\x29\xa2\x0f\x24\xf0\x26\x8e\xda\x87\x8a\xac\x15\
\x10\xb2\xc4\xfe\x7b\x6d\x19\xc0\x51\x9f\xe6\x05\x7b\xfd\xbf\x88\
\xae\x6d\xdb\x13\x28\x97\xb1\x3d\x0d\x70\xdf\x03\xb4\x8c\x5f\xea\
\x57\xe5\x70\x52\x35\x81\x49\xf7\x39\x3f\xfa\x0f\xeb\x5e\xad\x73\
\x61\x6f\x73\xc4\x90\xa9\x3e\xa3\x8a\x2e\x16\x2b\x5b\x6b\x96\xb3\
\xf0\x49\x89\xbf\xdb\xad\x08\xe4\x59\x40\x28\xc1\x81\xee\x0e\x45\
\x62\xdc\xf8\x69\x08\xcc\x32\x95\xff\x00\x65\xea\x89\xd3\xaf\xf4\
\xf2\x59\x37\x00\xbc\x83\x19\xe2\x8d\x05\x76\x79\x01\xb5\xfe\xd8\
\xf8\xbc\x49\x1b\xb7\xea\xc4\x8c\xfa\x2b\xe4\x7e\x8a\x2b\xe8\x86\
\x3b\xb8\x38\x23\x3d\x0d\x78\x67\x86\x63\x6b\x6f\x88\xb2\xdc\xba\
\x6e\x68\x67\x9a\x46\x0d\xeb\xc8\xfe\xb5\xeb\xb0\x78\x8a\xde\x4e\
\x24\x46\x88\xfe\x62\x8b\x30\x4e\xe4\xd7\x7a\x1d\x95\xee\xe2\xf0\
\x84\x73\xfc\x69\xc1\xac\xe6\xf0\xfd\xf5\xa1\xdd\x63\x7a\xd8\x1f\
\xc0\xe6\xb6\xe0\xbc\x82\x71\x94\x95\x4e\x7b\x67\x9a\x9b\x8c\xf1\
\x4a\xc5\x59\x1c\xd1\xd5\xf5\x6d\x37\xfe\x3e\x6d\x7c\xd5\x1f\xc4\
\xa3\xfc\x28\xb9\xf1\x3d\x9e\xa1\x61\x73\x6d\x71\x1b\xc4\x25\x85\
\xe3\x39\x19\x18\x2a\x47\xf5\xae\x94\x9c\xf5\xc1\x1e\x95\x56\xe7\
\x49\xb3\xbb\x3f\xbe\xb7\x47\x23\xbe\x30\x7f\x3a\x05\x66\x8f\x9d\
\xff\x00\x66\x96\x1a\x57\x8b\x75\x3b\x79\x18\x21\x9e\xcb\x07\x27\
\x00\xb2\x38\x38\xfd\x4d\x7a\x77\xc7\xc7\x0d\xf0\xca\xfd\x01\xcf\
\x9b\x71\x02\x60\x1e\xdb\xc1\x3f\xa0\xae\x0f\xc2\xde\x15\xfe\xcf\
\xf8\xb1\x79\xa6\xee\x31\x28\x92\x74\x56\x03\xaa\xf2\xc3\xf4\x15\
\xd1\x7c\x57\xf0\xfd\xdd\x8f\x86\x02\xc9\x38\x92\xdd\xee\x10\x60\
\x13\xc9\xc3\x60\xe3\xf2\xa0\x2e\x5a\xfd\x9c\x2c\xbe\xc7\xe0\x3b\
\x93\xb4\x81\x2d\xfb\xb7\xe4\x88\xbf\xd2\xbd\x4e\xbc\x9b\xe1\x84\
\xfa\x96\x8d\xe1\x2b\x71\x0c\x25\xad\xe4\x92\x47\x19\x5c\xf7\x23\
\xaf\xe1\x5d\x84\x5e\x32\x91\x08\x13\xdb\x73\xdc\x83\x8a\x03\x99\
\x1d\x4d\x19\xc7\x35\x89\x0f\x8b\xac\x64\xe1\xc3\xc6\x7d\xc6\x6a\
\xf4\x1a\xd5\x84\xe3\xe4\xb9\x4e\x7d\x4e\x28\x1d\xd1\xf3\xe7\xc7\
\x6b\x31\x73\xf1\x29\x08\x1c\xad\xb5\xb8\x3f\xae\x2b\xe9\x27\xfb\
\xe7\xeb\x5e\x0f\xf1\x22\xd4\x6a\xdf\x12\x09\x42\x24\x56\x36\xf1\
\x06\x1c\xe7\x18\xc7\xf3\x35\xef\x0f\x82\xed\x8e\x39\x26\x8b\x05\
\xc6\xd2\x82\x41\xfa\x52\x52\x8e\xb4\x87\x73\xc2\x3f\x68\x58\x8d\
\xf7\x89\x34\xb8\x40\xc9\x8e\xd1\x86\x3d\xd9\xcf\xf8\x57\xb8\xd9\
\xc0\x2d\xac\xe0\x85\x7e\xec\x71\xaa\x0f\xa0\x00\x57\x91\xfc\x49\
\xb3\x3a\x8f\xc4\x3b\x44\x03\x3b\x56\x08\xf1\xff\x00\x03\xc9\xfe\
\x62\xbd\x88\x82\x18\x8e\x98\x26\x99\x29\xea\x25\x14\x51\x41\x76\
\x20\xd4\xd8\x2e\x99\x78\xcd\x8d\xa2\x19\x09\xcf\xa6\xd6\xaf\x26\
\xfd\x9f\x6d\x4d\xb9\xd7\x1f\x18\x57\x58\x39\xf7\x1e\x61\xfe\xa2\
\xbd\x2b\xc5\xf2\xf9\x1e\x18\xd4\xdf\x38\x3e\x43\x22\xfd\x4f\x03\
\xf9\xd7\x39\xf0\x8b\x4b\x36\x3a\x15\xdc\xa5\x71\xe7\xce\x02\x9f\
\x65\x5c\x7f\x8d\x04\x75\x3b\x9a\x28\xa2\x82\x8f\x23\xf8\xb7\xa1\
\xc9\xa4\x78\x8b\x4e\xf1\x2d\x92\x94\x97\x70\xde\xc3\xb4\xaa\x7e\
\x53\xf8\x81\x8a\xb1\xf1\x6b\x4c\x8f\xc4\x1e\x1f\xd2\x3c\x41\x6e\
\xbf\x32\xa8\x0c\x47\x65\x60\x08\xfc\x98\x11\xf8\xd7\xa0\x78\x9b\
\x46\x5d\x77\x43\xba\xb3\x60\x0b\x94\xdd\x1e\x7b\x38\xe4\x56\x0f\
\x87\x2c\x0e\xad\xf0\xf2\x6d\x3a\x41\x96\x51\x2c\x4a\x0f\x62\xa7\
\x72\xfe\xb4\x13\x63\xa1\xf0\xc6\xa0\xda\xb6\x81\xa6\xdd\xb7\x2f\
\x2c\x0a\x5b\xfd\xe1\xc3\x7e\xa0\xd6\xd2\x1e\x2b\x98\xf0\x0c\x6d\
\x17\x85\xac\x90\x8e\x54\x32\x81\xe9\xf3\x1a\xe9\xd7\xb0\xa0\x69\
\x15\xf5\x8d\x3d\x35\x4d\x1e\xf6\xcd\xc6\xe5\xb8\x85\xe3\xc7\xd5\
\x48\xfe\xb5\xc1\x7c\x0a\x91\xad\xf4\xdd\x56\xc5\xf2\x3c\xb9\x96\
\x40\x3d\x32\x08\x3f\xfa\x08\xaf\x49\x5e\x39\xf4\xae\x3b\xc0\xda\
\x5f\xf6\x5f\x8a\x3c\x45\x12\x8c\x29\x60\x41\xff\x00\x81\xe4\x7f\
\x3a\x03\xad\xce\xe7\x3c\x64\x57\x8d\x7d\x8c\x68\x1f\x1a\xc4\xc8\
\x36\xa4\xb7\x79\xc1\xee\x25\x5f\xf1\x6a\xf6\x60\x07\x1d\x85\x79\
\xa7\xc4\x1b\x4f\x23\xc6\x56\x57\x8a\x39\x29\x13\xe7\xd0\xab\x11\
\xfe\x14\xe3\xd4\x25\xb9\xea\xc9\xc9\xff\x00\x1a\x9c\x74\xa8\x17\
\xa9\x23\xa6\x6a\x71\xd2\x91\x44\x8b\x52\xa5\x44\xb5\x2a\x54\xb4\
\x23\x03\xc7\xfe\x14\x8f\xc5\xfe\x1a\xb8\xb3\x2a\x0d\xc2\x7e\xf6\
\x06\xf4\x71\xc6\x3f\x11\xc7\xe3\x4d\xf8\x5f\x7d\x25\xe7\x82\xf4\
\xd5\x94\x11\x3d\xb0\x36\xac\x1b\xa8\x28\x48\x1f\xa6\x2b\xa5\xe7\
\x2b\xeb\x54\xf4\x9d\x21\x74\xbb\x8b\xef\x2f\x88\xae\x66\x33\xaa\
\xf4\xda\x48\x1b\xbf\x51\x9f\xc6\x98\xd6\x8c\xf3\x5d\x1b\x46\x3e\
\x12\xf8\xd8\xd1\xc2\xbb\x2d\xaf\xd5\xd9\x40\xe8\x55\xc1\x6c\x7f\
\xdf\x40\xd7\xb2\xc6\xd9\x5c\xe3\xdc\x57\x1f\xe2\xcd\x28\xb6\xbf\
\xe1\xbd\x4d\x00\x2f\x05\xda\xc0\xc7\xd1\x5c\xf1\xf9\x1c\xfe\x75\
\xd8\xa0\xda\x98\xa1\x95\x1d\x07\x2f\x4a\x9d\x06\x57\x19\xc5\x40\
\xbd\x2a\x65\xe9\x52\x59\x89\xe3\x5f\x0a\x41\xe3\x2f\x0f\x5c\xe9\
\xf2\x80\x25\x23\x7c\x32\x1f\xe0\x90\x74\x3f\x4c\xf0\x6b\xca\xfe\
\x0f\x6a\xf3\xf8\x4b\xc4\xf3\x68\x97\x80\xc5\x0d\xd3\x79\x4c\x8d\
\xc7\x97\x3a\xe7\x07\xe8\x40\xc7\xe5\x5e\xe6\x83\x15\xe6\x3f\x17\
\x3c\x20\xf9\x5f\x11\x58\x0d\xb3\xc4\x47\xda\x36\x0e\x70\x3a\x3f\
\xe0\x69\xdf\xb9\x12\x5b\x34\x7a\x1f\x89\xb4\x74\xf1\x06\x81\xa8\
\x69\xce\x37\x0b\x88\x59\x17\x3d\x9b\x19\x53\xf8\x10\x2b\x88\xf8\
\x12\x1a\x0f\x0d\xea\x16\x8f\x90\xd0\xde\xb7\xca\x7b\x65\x46\x47\
\xe6\x0d\x76\xbe\x17\xd6\xd7\xc4\x3e\x1f\xb1\xd4\x10\xe1\xa5\x8c\
\x17\x5f\x47\x1c\x30\xfc\xc1\xfc\x2b\x37\xc2\x7a\x47\xf6\x36\xb7\
\xe2\x44\x55\xc4\x37\x17\x31\xdc\x46\x7d\x99\x32\x47\xe7\xba\xa7\
\x64\x55\xb5\x4c\xe9\xa8\xa2\x8a\x92\xc2\x8a\x28\xa0\x02\x8a\x28\
\xa0\x02\x8a\x28\xa0\x02\x8a\x28\xa0\x02\x8a\x28\xa0\x02\x8a\x28\
\xa0\x02\x8a\x28\xa0\x02\x8a\x28\xa0\x02\x8a\x28\xa0\x02\x8a\x28\
\xa0\x02\x8a\x28\xa0\x02\x8a\x28\xa0\x02\x8a\x28\xa0\x02\x8a\x28\
\xa0\x02\x8a\x28\xa0\x02\x8a\x28\xa0\x02\x8a\x28\xa0\x02\x8a\x28\
\xa0\x02\x8a\x28\xa0\x02\x8a\x28\xa0\x02\x8a\x28\xa0\x02\x8a\x28\
\xa0\x02\x8a\x28\xa0\x02\x8a\x28\xa0\x02\x8a\x28\xa0\x02\x8a\x28\
\xa0\x02\x8a\x28\xa0\x02\x82\x37\x75\xa2\x8a\x69\xd8\x08\x9d\x31\
\xcd\x42\x57\x3c\x55\xb2\x32\x39\xa8\x9d\x3d\x2a\x85\x62\xab\xa6\
\x2a\x17\x5c\xf4\xab\x6c\xb9\xa8\x59\x31\xd2\x82\x6c\x54\x74\xe3\
\xa5\x40\xe9\x8a\xba\xc9\x50\xc8\x99\xa0\x96\x8a\x6c\xbb\xaa\x17\
\x8f\x02\xae\x32\xe0\xf4\xa8\x9d\x73\xda\x82\x4a\x52\x47\x95\xf7\
\xa8\x1e\x3a\xbc\xe8\x2a\x26\x4c\x83\x4e\xe2\x33\xd9\x30\x4d\x44\
\xe9\x9a\xbc\xe8\x3d\x2a\x07\x8c\xfa\x55\x01\x4d\xd6\xa1\x68\xea\
\xeb\x46\x0d\x44\xe9\xed\x8a\x00\xa6\x53\x14\xdc\x1a\xb4\xd1\xe7\
\xb5\x40\xf1\x73\xd6\x80\x23\xa6\x4b\x6f\x1d\xc2\x91\x22\x06\xc7\
\xaf\x5f\xce\xa5\x2b\x8e\xb4\xda\x00\xaa\x6d\x66\x87\xfd\x4c\xa2\
\x55\xec\x92\xff\x00\x8d\x79\x67\xc5\x6b\x97\xbe\xd6\xed\x62\x78\
\xcc\x7e\x44\x1c\xa1\xe7\x92\x49\xc8\xfc\x85\x7a\xed\x79\x3f\x8e\
\xe1\x7b\xbf\x17\x5c\xaa\x8c\xb0\xd9\x12\xe3\xd7\x68\xc7\xea\x68\
\x13\x3a\xaf\x85\x9a\x5f\xf6\x77\x85\xa3\x72\x3e\x7b\x89\x5a\x42\
\x7d\x47\xdd\x1f\xca\xba\xf3\x93\x59\xb6\x5a\x3a\xe9\xf6\x70\x43\
\x04\x8d\x0b\x47\x1a\xaf\x1c\xa9\xe0\x76\xa9\xc4\xf7\x50\x7f\xad\
\x88\x4a\x3f\xbd\x11\xe7\xf2\xa0\x68\xb5\x4a\x06\x6a\x08\x6f\x21\
\x98\xe0\x3e\xd6\xfe\xeb\x8c\x1a\x9d\x78\x03\xd0\xe2\x80\x38\x6d\
\x07\x44\x8c\xf8\xf7\xc4\x12\x4b\x18\x64\x50\x08\xcf\xab\x10\x7f\
\xa1\xae\x8e\xe3\xc3\x96\xf2\x1c\xc6\xcd\x11\xf4\xea\x2a\xe4\x16\
\x02\x0d\x42\xf6\xeb\xa1\x9c\x46\x0f\xfc\x04\x11\xfd\x6a\xd1\xea\
\x69\xdd\x85\x8e\x6a\x6f\x0e\xdc\xc4\x09\x89\x96\x4f\x4c\x70\x6a\
\x01\x36\xa1\xa7\xb6\x37\x48\xb8\xfe\xf7\x22\xba\xc0\x47\x5a\x56\
\x39\x18\x38\x23\xdc\x53\xe6\x64\xb8\xdc\xe7\x21\xf1\x2c\xaa\x71\
\x24\x4a\xe0\x7a\x70\x6a\xf4\x3e\x23\xb6\x93\x01\xd5\xa3\x6f\x71\
\x9a\xb7\x36\x9f\x6d\x3f\xdf\x85\x4f\xb8\x18\xaa\x53\x78\x72\xdd\
\xce\x63\x77\x8c\xfa\x75\x14\x68\x2b\x33\x93\xd4\x2d\x60\x8f\xe2\
\x86\x93\xa9\xc0\xea\x56\xe2\x36\x57\x63\xd9\x82\x32\xf3\xf5\x04\
\x55\xff\x00\x8a\xf0\xad\xcf\x85\x95\x41\x0f\x89\xd0\xe7\xaf\xad\
\x5a\xbc\xf0\x94\x92\xc9\x0b\xc6\xe8\xed\x1b\x86\x19\xe0\xd6\x6e\
\xbd\xa3\xde\x36\x9e\x62\x91\x18\xa9\x75\xef\x91\x9c\xe0\x7e\xb4\
\x59\x02\xf3\x3a\x1f\x06\x58\x7f\x67\xf8\x53\x4c\xb7\x23\x05\x60\
\x0c\x73\xea\x7e\x6f\xeb\x5a\xb2\xd9\xc1\x38\xfd\xe4\x28\xd9\xee\
\x57\x9a\xe6\x60\xd5\x6f\x6c\x51\x63\x39\xd8\xa0\x28\x57\x5e\x80\
\x55\xb8\xbc\x4c\xc7\x02\x48\x55\x87\xa8\x34\xac\xc7\x74\x5e\x9b\
\xc3\xba\x74\xd9\xcd\xb8\x53\xea\xa7\x15\x4a\x6f\x06\xda\x48\x7f\
\x77\x2b\xc7\xf5\xe6\xac\xc5\xe2\x2b\x67\xea\xaf\x1f\xe1\x9a\xb5\
\x16\xab\x69\x2e\x31\x32\x8e\x9d\x69\x6a\x16\x47\x96\x49\xe1\x97\
\xb9\xf1\xc3\x5a\xc4\xf9\x29\x28\x22\x46\xff\x00\x64\x03\x9f\xcc\
\x57\x65\xfd\x89\xac\xdb\x93\xe5\x5c\x16\x1e\xd2\x76\xa9\x3c\x35\
\x6d\x1c\xda\xde\xa9\x7e\x48\xe6\x43\x1a\x1c\xf3\xd7\x24\x8f\xd2\
\xba\x92\x77\x74\xe9\xda\x9d\xc2\xd7\x39\x23\x27\x88\x2d\xc7\x21\
\xd8\x7f\xba\x0d\x27\xfc\x24\x1a\xbc\x23\x12\x5b\x67\xdc\xc6\x6b\
\xaf\x07\x0b\x8c\x52\x67\x23\x1d\xa8\x4e\xc2\xe5\x3c\xaa\xfe\x77\
\xbc\xf1\x5c\x7a\x84\xd1\x10\xea\xe8\x4a\x7f\xba\x38\xae\xc1\x3c\
\x6c\x87\xef\xda\xb0\xf5\xf9\xa9\xc9\x66\xb3\x78\xda\x47\x65\x05\
\x12\x00\xfd\x38\xc9\x18\xff\x00\x1a\xdc\x6b\x1b\x66\xe0\xdb\xc6\
\x7f\xe0\x34\x81\x27\x73\x19\x3c\x67\x6a\x7a\xc3\x28\xf7\x15\x22\
\xf8\xbe\xc1\x87\x3e\x62\xfd\x45\x68\x36\x8f\x60\xc3\x9b\x58\xff\
\x00\x2a\x89\xbc\x3d\xa7\x31\xcf\xd9\x94\x7d\x0e\x28\x1d\xa4\xb5\
\x30\x3c\x59\xae\xdb\x6a\x9a\x3b\x5b\x5b\xb1\xdd\x23\xae\xe0\xc3\
\x1c\x0c\x9f\xf0\xad\x1d\x23\x56\xd2\xf4\xad\x36\xda\xd2\x39\xfe\
\x58\x94\x02\x76\xfd\xe3\xdc\xfe\x75\x2b\x78\x4e\xc9\xee\x55\xfc\
\xa2\x22\x55\xc6\xd0\xdd\x5b\x3f\xe1\x4a\xde\x13\xd3\xd8\x63\x6b\
\x8f\xf8\x15\x35\x6e\xa2\x57\x27\xff\x00\x84\x93\x4e\xff\x00\x9e\
\xe3\xf2\xa5\x1e\x21\xd3\xcf\x4b\x94\xaa\x87\xc2\x36\x27\xfe\x7a\
\x0f\xf8\x15\x1f\xf0\x88\x58\xff\x00\x7a\x4f\xce\x90\xdb\x65\xbf\
\xf8\x48\x74\xee\xf7\x2b\xfa\xd5\x2d\x2f\x52\xd3\xb4\xe9\xaf\x42\
\xdc\x20\x8a\x49\x7c\xd5\x1f\x51\xcf\xea\x3f\x5a\x77\xfc\x22\x16\
\x3f\xde\x93\xf3\xa0\x78\x42\xc4\x9c\x7e\xf3\xf3\xa0\x4d\xb2\x4d\
\x37\x56\xd3\x6c\x6d\xc4\x42\xe9\x00\xdc\xcc\x07\xa0\x2c\x4e\x3f\
\x5a\xbd\xff\x00\x09\x26\x9b\x1f\xfc\xbc\x8f\x43\xc5\x51\x5f\x06\
\x58\x6e\x04\x99\x3f\xef\xaa\x9d\x3c\x1b\xa7\x75\x2b\x21\xf6\xdf\
\x4f\x41\xdd\x93\xff\x00\xc2\x57\xa6\x2e\x33\x71\xf9\x03\x54\x2d\
\x7c\x45\xa5\xda\x6a\xf7\xb7\x5e\x69\x22\x71\x10\xe1\x0f\x25\x41\
\x04\xff\x00\x2a\xbf\x1f\x84\x34\xd5\xff\x00\x96\x05\xbe\xac\x6a\
\xd4\x7e\x1a\xd3\x23\x19\x5b\x44\x3f\x52\x69\x5d\x0f\x52\x97\xfc\
\x27\x3a\x6a\xb0\xc1\x95\xbe\x8b\x5c\xb7\x8d\x75\xab\x7d\x6a\xe2\
\xce\x6b\x78\xe4\x53\x18\x65\x6d\xe3\x19\xe4\x10\x07\xeb\x5e\x85\
\x06\x8f\x65\x18\xf9\x6d\x62\xcf\x6f\x96\xb1\x7c\x75\xa6\x2c\xda\
\x5d\xa1\x86\x35\x42\x97\x48\xbf\x28\xc7\x0c\x76\xff\x00\x9f\xad\
\x1b\x10\xee\xc9\xad\xbc\x67\x2c\x88\x8b\x16\x93\x75\x29\x00\x0c\
\xe3\x00\x90\x07\x35\x71\x35\xed\x66\x7c\x79\x5a\x23\xae\x79\xcc\
\x92\x63\x15\xd0\xa2\x84\xf9\x57\x80\x38\x18\xf4\xa9\x05\x26\x5a\
\x56\x30\xe2\x9f\xc4\x53\x9f\xf8\xf5\xb4\xb6\x1f\xed\xb9\x6a\xb9\
\x1d\x9e\xb5\x2e\x0c\xb7\xd6\xf1\x2f\x71\x14\x59\x23\xf1\x35\xaa\
\xbe\x95\x2a\x8f\xd2\x95\xc6\x50\x8f\x4b\xb8\x3f\xeb\xb5\x19\xe4\
\x3f\xec\x80\x82\xae\xc1\xa7\xc7\x19\xce\x64\x90\xf4\xcb\xb1\x35\
\x2a\x8c\x9a\x99\x06\x31\x45\xca\xb0\x49\x02\x4e\xa1\x64\x50\xc1\
\x59\x5c\x67\xd4\x1c\x83\xf9\x8a\xb0\x83\x8e\x86\x98\xa3\x26\xa5\
\xea\x68\xb8\xc7\xa8\xf4\x15\x20\x1d\xa9\xb1\x8c\xd3\xd7\x9a\x9b\
\xd8\xb1\xea\x33\x4e\x30\x24\xb1\x3a\x48\x8b\x22\x38\xda\xca\xdd\
\x18\x73\xc1\xfc\x0d\x22\x8c\x54\xa3\x80\x29\x5c\x68\xe5\xfc\x1f\
\xa3\x49\xe1\x5b\xdd\x4b\x4a\x52\x5a\xc1\xdf\xed\x56\x6c\x7f\x84\
\x1c\x07\x4f\xc0\xe3\xf0\x35\xd4\x05\x00\x92\x00\x04\xf7\xa4\xc0\
\xcf\x4e\x7d\x69\x68\xb8\x58\x28\xa2\x8a\x43\x0a\x28\xa2\x80\x0a\
\x28\xa2\x80\x0a\x28\xa2\x80\x0a\x28\xa2\x80\x0a\x28\xa2\x80\x0a\
\x28\xa2\x80\x0a\x28\xa2\x80\x0a\x28\xa2\x80\x0a\x28\xa2\x80\x0a\
\x28\xa2\x80\x0a\x28\xa2\x80\x0a\x28\xa2\x80\x0a\x28\xa2\x80\x0a\
\x28\xa2\x80\x0a\x28\xa2\x80\x0a\x28\xa2\x80\x0a\x28\xa2\x80\x0a\
\x28\xa2\x80\x0a\x28\xa2\x80\x0a\x28\xa2\x80\x0a\x28\xa2\x80\x0a\
\x28\xa2\x80\x0a\x28\xa2\x80\x0a\x28\xa2\x80\x0a\x28\xa2\x80\x0a\
\x28\xa2\x80\x0a\x28\xa2\x80\x0a\x28\xa2\x80\x0a\x3a\xd1\x45\x3b\
\x81\x1b\xa7\x71\x51\x15\xe6\xac\x91\x91\x51\xb4\x74\x5c\x45\x47\
\x4f\x4a\x89\xa3\xe3\x22\xad\xb2\xfe\x15\x0b\xa6\x6a\x89\x2a\x3a\
\x13\x9a\x85\x94\xa9\xab\xac\x99\xe2\xa2\x74\xa0\x96\x8a\x6c\x80\
\xfd\x6a\x17\x43\x8a\xb6\xf1\x90\x73\x51\x32\xe6\x82\x4a\x6c\xbc\
\x74\xa8\x5d\x33\xd2\xaf\x3c\x75\x0b\x47\x4e\xe2\x28\x3c\x79\xa8\
\x8a\x9e\xe2\xb4\x1a\x20\x6a\x07\x8e\x98\x14\x9a\x33\xda\xa2\x68\
\xf7\x55\xc7\x8f\x6f\x4a\x8d\x97\x23\x1d\x29\x81\x49\xa3\xcf\x6a\
\x88\xa6\xde\xa3\xa5\x5d\x2a\x6a\x26\x4c\xd0\x05\x5c\x73\x5c\x34\
\x7a\x70\xbf\xf1\xe4\xcc\x79\x58\xa5\xf3\x18\xff\x00\xba\x06\x3f\
\x5a\xf4\x03\x1e\x3a\x71\x5c\xf6\x87\x61\xe5\xea\x9a\xbd\xd9\x1f\
\x7e\x7f\x2d\x73\xe8\x3a\xfe\xa7\xf4\xa0\x4c\xda\x6f\x5f\xcc\x50\
\x18\x81\xc5\x14\x94\x0c\x6c\x90\xa4\xab\x87\x45\x61\xef\x51\x2d\
\x9e\xcc\x98\x65\x68\xf1\xdb\x39\x15\x3d\x14\x01\x16\xeb\x94\x38\
\x2a\x92\x0f\x55\x38\x3f\x95\x38\x5c\xa7\xf1\x86\x43\xfe\xd0\xa9\
\x28\x27\x9e\xc4\x7a\x50\x00\xa5\x5c\x7c\xa4\x11\xec\x79\xa0\xf1\
\x4c\xf2\x93\x3f\x74\x0f\xa5\x38\x2e\xde\x32\x48\xed\x40\x05\x07\
\x9a\x28\xa4\x3b\x8a\x0e\x3b\x66\x9b\x22\x09\x57\x6b\x0c\x8c\x83\
\xf8\x8a\x5a\x29\x88\x49\x23\x59\x06\x19\x55\x87\xfb\x42\xab\x49\
\xa5\x5a\x49\xf7\xa1\x5c\x9e\xe2\xad\x51\x4e\xec\x56\x46\x63\xf8\
\x76\xd5\x86\x54\xba\x1f\x4e\xd5\x5d\xfc\x32\x3f\x86\x7c\xfa\x6e\
\x5a\xdc\xcf\xb0\xa2\x8b\xb0\xb1\xcc\xc5\xe1\x4b\x8b\x78\xd5\x52\
\x54\x27\x19\x27\x38\xe6\x9e\x34\xad\x4a\x13\xf2\xb9\xe3\xa6\xd7\
\xae\x88\x67\xd7\x34\xb9\xa4\x16\x67\x3d\xb7\x57\x8b\xfb\xed\xf9\
\x1a\x72\x5f\xea\xb1\x9c\x34\x05\x87\xba\xd6\xfe\x69\x77\x1a\x2f\
\x60\xb3\x39\xb8\xf5\x0b\xa8\x2f\xa6\xb9\x6b\x5c\xb4\x88\xb1\x9e\
\x0f\x41\x9f\xf1\xab\x43\x5e\x71\xcb\xda\x38\xfc\x2b\x67\x75\x07\
\x9e\xc2\x81\xd9\x99\x4b\xe2\x08\xb1\x96\xb7\x95\x7f\x0a\x7a\xeb\
\xd6\xc7\xa8\x91\x7e\xab\x5a\x3b\x54\xf6\x1f\x95\x26\xc5\xfe\xea\
\xfe\x54\x01\x4d\x75\xcb\x43\xff\x00\x2d\x08\xff\x00\x80\x9a\x7a\
\xea\x76\x8d\xd2\x55\xfc\x45\x59\xf2\x53\xfb\x83\xfe\xf9\x14\x79\
\x69\xfd\xd5\xff\x00\xbe\x45\x21\x91\x0b\xeb\x63\xd2\x65\xcd\x3b\
\xed\x11\x1e\x8e\x0d\x3f\x60\x1f\xc2\xbf\xf7\xcd\x2e\x07\x60\x07\
\xd0\x53\x10\x29\x0c\x38\x39\x15\x22\x27\x39\xa6\xaa\xe7\xb7\x02\
\xa6\x55\xa0\x05\x0a\x73\xd2\xa5\x5c\xd2\x0e\x95\x22\x0e\x69\x58\
\x62\xaa\xd3\xf1\x9a\x00\xc0\xc5\x4a\x89\xd2\x8b\x21\x0f\x44\xcd\
\x36\xea\xc9\x2f\x62\x54\x71\xc0\x74\x90\x1f\x75\x60\x47\xf2\xa9\
\x55\x71\x53\x22\xf3\x93\xd6\x80\x1c\x2a\x45\x1e\xd4\xd5\x19\xa9\
\x51\x6a\x40\x7a\xae\x4d\x49\x4d\x0a\x71\x9a\x7a\x8c\x9a\x00\x72\
\x8c\x1a\x99\x47\x7c\x54\x68\xa4\x1a\x98\x0c\xd0\x58\xf4\x18\xe7\
\xd6\xa4\x03\xa5\x31\x79\x18\xa9\x15\x73\x8a\x0a\xb1\x22\x0c\x72\
\x2a\x45\x18\xe9\x4c\x51\x8e\x95\x2a\x76\xa4\xca\x43\x94\x73\x4f\
\xa4\x5a\x5a\x91\x85\x14\x51\x40\x05\x14\x51\x40\x05\x14\x51\x40\
\x05\x14\x51\x40\x05\x14\x51\x40\x05\x14\x51\x40\x05\x14\x51\x40\
\x05\x14\x51\x40\x05\x14\x51\x40\x05\x14\x51\x40\x05\x14\x51\x40\
\x05\x14\x51\x40\x05\x14\x51\x40\x05\x14\x51\x40\x05\x14\x51\x40\
\x05\x14\x51\x40\x05\x14\x51\x40\x05\x14\x51\x40\x05\x14\x51\x40\
\x05\x14\x51\x40\x05\x14\x51\x40\x05\x14\x51\x40\x05\x14\x51\x40\
\x05\x14\x51\x40\x05\x14\x51\x40\x05\x14\x51\x40\x05\x14\x51\x40\
\x05\x14\x51\x40\x05\x14\x51\x40\x05\x14\x51\x40\x05\x14\x51\x40\
\x05\x14\x51\x40\x0c\x75\x06\xa2\x65\xcf\x6a\xb1\x4c\x71\xe8\x29\
\xa1\x32\xb3\x25\x42\xe9\x56\xd9\x6a\x36\x5a\xa1\x58\xa6\xc8\x07\
\xbd\x42\xd1\x8c\x55\xc6\x4a\x89\x93\x03\xd6\x82\x1a\x29\x30\xc7\
\x6e\x29\x8c\x99\x15\x6d\x90\x9e\xd5\x13\x29\x07\x14\x13\x62\xa3\
\x25\x42\xe9\xed\x57\x59\x7d\xaa\x36\x41\x40\x8a\x2f\x1d\x44\xd1\
\x01\x57\x99\x3b\x62\xa1\x92\x3c\xd5\x5c\x0a\x0c\xa4\x1a\x63\x46\
\x08\xf7\xab\xad\x1e\x07\x4a\x89\xa3\xa2\xe0\x52\x64\xf5\xe9\x50\
\x88\x16\x30\xc1\x57\x6e\x49\x63\xee\x49\xe6\xaf\x32\x10\x2a\x36\
\x8e\x98\x14\xda\x2a\x88\x8c\x1e\x95\x74\xa1\x1d\x6a\x36\x41\xe9\
\xcd\x00\x56\xc5\x25\x4c\xe9\xc6\x2a\x32\x84\x1e\x94\x00\xda\x29\
\xdb\x69\x0f\xa5\x00\x25\x14\x51\x40\x05\x14\x51\x40\x05\x14\x51\
\x40\x05\x14\x51\x40\x05\x14\x51\x40\x05\x14\x51\x40\x05\x14\x51\
\x40\x05\x14\x51\x40\x05\x14\x51\x40\x05\x28\x19\xa5\x03\x22\x85\
\x53\x9a\x00\x4c\x66\x9e\x8a\x4f\x5a\x54\x8f\x15\x2a\xaf\x34\x00\
\xd5\x4c\x54\x81\x69\xca\xb8\xe0\x53\xc2\x91\xd7\x9c\xd0\x02\x22\
\x03\x52\x80\x16\x80\xb8\xe9\x4f\x55\xc1\xa0\x01\x53\x35\x3a\x8a\
\x6a\xa9\xa9\x91\x3d\xa9\x5c\x05\x54\xc9\xa9\x40\xcd\x0a\x30\x70\
\x3a\x53\xd5\x6a\x40\x54\x5a\x99\x57\x06\x9a\xa0\x54\x83\xf5\xa0\
\x05\x15\x22\x2f\xa5\x35\x41\x1c\x54\xc8\x31\xda\x82\x90\xe0\xb8\
\x1e\xf5\x22\x2e\x06\x4d\x31\x54\xee\xe6\xa6\x51\xb8\xd0\x31\x50\
\x54\xa8\x31\x48\x83\x1c\xd3\xf1\x90\x29\x32\xc7\x28\x04\xf1\xd2\
\x9e\x8b\x48\xa3\xeb\x52\x20\xc0\xa9\x1a\x14\x71\x45\x14\x50\x30\
\xa2\x8a\x28\x00\xa2\x8a\x28\x00\xa2\x8a\x28\x00\xa2\x8a\x28\x00\
\xa2\x8a\x28\x00\xa2\x8a\x28\x00\xa2\x8a\x28\x00\xa2\x8a\x28\x00\
\xa2\x8a\x28\x00\xa2\x8a\x28\x00\xa2\x8a\x28\x00\xa2\x8a\x28\x00\
\xa2\x8a\x28\x00\xa2\x8a\x28\x00\xa2\x8a\x28\x00\xa2\x8a\x28\x00\
\xa2\x8a\x28\x00\xa2\x8a\x28\x00\xa2\x8a\x28\x00\xa2\x8a\x28\x00\
\xa2\x8a\x28\x00\xa2\x8a\x28\x00\xa2\x8a\x28\x00\xa2\x8a\x28\x00\
\xa2\x8a\x28\x00\xa2\x8a\x28\x00\xa2\x8a\x28\x00\xa2\x8a\x28\x00\
\xa2\x8a\x28\x00\xa2\x8a\x28\x00\xa2\x8a\x28\x00\xa2\x8a\x28\x00\
\xa5\xa4\xa2\x80\x10\xae\x46\x2a\x26\x4c\x54\xd4\x1e\x69\xdc\x0a\
\xac\xbc\x54\x6d\x1d\x5a\x65\xc0\xc0\xa6\x32\xf3\x4e\xe2\x6a\xe5\
\x36\x41\x51\x3c\x78\xab\x8c\x99\x35\x1b\x26\x3d\xe9\x91\x62\x8b\
\xc7\xc7\x7a\x8c\xae\x2a\xe3\x47\x51\xb4\x63\x9e\xd4\x0a\xc5\x37\
\x4c\xf3\x51\xb4\x55\x6c\xc7\xb6\xa2\x65\xa0\x92\xab\x25\x44\xd1\
\x03\x57\x19\x33\x51\x34\x66\x81\x14\xde\x2c\x75\xa8\x5a\x33\x57\
\xca\xe0\xf3\xcd\x46\xd1\x8e\xd5\x40\x50\x31\xe3\x39\xa8\xda\x3c\
\xd5\xe6\x8b\x3d\x6a\x23\x10\x14\xc0\xa6\x53\xde\x98\x53\xb5\x5b\
\x65\xe7\x8a\x8d\x90\x7a\x50\x05\x46\x8e\xa3\x31\xf3\x9a\xba\x62\
\xc8\xa6\x15\xc7\x6a\x00\xa7\xb3\x06\x90\xf5\xab\x46\x3a\x61\x8c\
\x50\x05\x7a\x53\xc7\x5a\x94\xc5\x83\xc5\x34\xa1\xec\x33\x40\x11\
\xd1\x4e\x65\x3e\x94\x98\x34\x00\x94\x52\x90\x45\x00\x13\x40\x09\
\x45\x29\x04\x51\x8a\x00\x4a\x29\x40\xc9\xc5\x18\x34\x00\x94\x52\
\x85\x39\xa7\x14\x27\x8c\x50\x03\x28\xa9\x3c\xbe\x29\xc2\x30\x3a\
\xd0\x04\x40\x64\xd3\xb6\x64\xd4\xa2\x3e\x69\xeb\x15\x00\x42\xa9\
\xea\x6a\x45\x5c\x54\x81\x39\xc5\x38\x26\x4f\x4a\x00\x60\x5a\x7a\
\xa6\x7d\xa9\xfb\x3e\xb4\xf0\x94\x00\xd4\x4d\xb4\xf0\x33\xc5\x39\
\x53\xd7\xaf\xa5\x48\xa9\x8a\x00\x6a\x21\x1c\xd4\xaa\x94\xe5\x43\
\xd2\xa4\x58\xc9\xf6\xa4\x02\x22\x54\xa1\x7d\x28\x55\x15\x22\x2d\
\x20\x11\x57\xda\xa4\x55\xa7\xaa\xd3\x80\xc5\x20\x00\xbc\xd3\x95\
\x0d\x2a\x2e\x6a\x54\x4a\x0a\xb0\xaa\x95\x22\xad\x22\xa6\x7a\x54\
\xa0\x62\x82\xac\x28\x15\x22\xad\x35\x57\x07\x15\x2a\xad\x03\x14\
\x0c\x8a\x7a\xad\x1b\x78\xa7\xaa\x54\xdc\xab\x0e\x55\xc5\x2d\x03\
\x8a\x29\x0c\x28\xa2\x8a\x00\x28\xa2\x8a\x00\x28\xa2\x8a\x00\x28\
\xa2\x8a\x00\x28\xa2\x8a\x00\x28\xa2\x8a\x00\x28\xa2\x8a\x00\x28\
\xa2\x8a\x00\x28\xa2\x8a\x00\x28\xa2\x8a\x00\x28\xa2\x8a\x00\x28\
\xa2\x8a\x00\x28\xa2\x8a\x00\x28\xa2\x8a\x00\x28\xa2\x8a\x00\x28\
\xa2\x8a\x00\x28\xa2\x8a\x00\x28\xa2\x8a\x00\x28\xa2\x8a\x00\x28\
\xa2\x8a\x00\x28\xa2\x8a\x00\x28\xa2\x8a\x00\x28\xa2\x8a\x00\x28\
\xa2\x8a\x00\x28\xa2\x8a\x00\x28\xa2\x8a\x00\x28\xa2\x8a\x00\x28\
\xa2\x8a\x00\x28\xa2\x8a\x00\x28\xa2\x8a\x00\x28\xa2\x8a\x00\x28\
\xa2\x8a\x00\x28\xa2\x8a\x00\x28\xa2\x8a\x00\x28\xa2\x8a\x00\x29\
\x0a\x83\x4b\x45\x00\x42\xc9\x51\xed\xff\x00\x38\xab\x2c\x32\x29\
\x8c\x87\x15\x49\x8a\xc5\x57\x4f\x4a\x8d\x97\x3d\x45\x5b\x64\xe6\
\xa2\x65\xcd\x31\x34\x54\x65\x23\xa7\x35\x13\xc7\xed\x57\x5a\x3c\
\x54\x4c\x94\x10\xd1\x48\xa1\xeb\x4c\x2a\x3d\x2a\xe1\x42\x0d\x46\
\xd1\x1c\x9a\x04\x54\x31\x02\x38\x15\x19\x8f\x06\xad\x94\x2b\x51\
\x95\xe3\xa5\x04\x95\x19\x3d\xaa\x36\x8b\xbd\x5d\x64\xc8\xf7\xa8\
\xda\x3d\xdd\x69\xdc\x0a\x6d\x17\xa0\xa8\x9a\x1f\x51\x57\x4a\x1c\
\xf4\xa6\x94\xe7\x9a\x00\xa2\xd1\xd4\x6c\x98\xed\x57\x9a\x2a\x63\
\x43\x54\x05\x13\x18\x34\xd3\x1f\xa5\x5c\x31\x53\x1a\x13\xda\x80\
\x2a\x14\x3e\x94\x82\x3f\x6f\xce\xad\x18\x8d\x37\x6f\x38\xc5\x00\
\x56\x31\xfb\x53\x4c\x7c\xd5\xa2\x98\xeb\x4d\x28\x33\x40\x15\xfc\
\xbe\x3d\xe9\x3c\xb3\xe8\x2a\xc7\x96\x28\xd9\x40\x15\xfc\xb1\xe9\
\x49\xe5\x8f\x4a\xb3\xb0\xd2\xf9\x7e\xf4\x01\x5b\x67\xf9\xc5\x2f\
\x97\xed\x56\x36\x7b\xd1\xe5\xe6\x80\x2b\x88\xc5\x2e\xcc\x54\xc2\
\x30\x29\xc1\x39\xa0\x08\x02\x66\x97\x61\xec\x33\x53\xed\xc7\x6f\
\xd2\x9c\x14\x8e\xd4\x01\x06\xcf\x6a\x7a\xc5\xf8\xd4\x9b\x0f\xb5\
\x39\x62\x26\x80\x22\x11\x81\x4e\x0b\x9e\xd5\x30\x8e\x9c\xb1\xe2\
\x80\x22\x58\xf3\x52\x05\xc1\xe9\x52\x88\xe9\xe2\x3e\x79\xa0\x08\
\x95\x3b\xf7\xa9\x16\x3c\x76\xa9\x02\xe0\xf1\x4e\x08\x6a\x6e\x03\
\x42\x60\xd4\x80\x73\xd2\x9c\xa9\x83\x52\x04\xa4\x03\x15\x07\xa5\
\x48\x17\xf0\xa5\x09\xce\x29\xe1\x09\x34\x0e\xcd\x8d\x02\x9e\xab\
\x9e\xd4\xe5\x8e\xa5\x55\xdb\x40\xec\x22\xa6\x05\x48\xaa\x73\x4e\
\x11\xf7\xfd\x29\xe1\x79\xa0\xa4\x34\x0c\xd4\x8b\x19\xa5\x44\xc5\
\x4a\x01\x1d\xa8\x18\x81\x79\xf7\xa7\xad\x01\x4e\x7a\x54\x8a\xbc\
\xd0\x55\x80\x2e\x4d\x3c\x0c\x50\x06\x28\xa8\x18\x51\x45\x14\x00\
\x51\x45\x14\x00\x51\x45\x14\x00\x51\x45\x14\x00\x51\x45\x14\x00\
\x51\x45\x14\x00\x51\x45\x14\x00\x51\x45\x14\x00\x51\x45\x14\x00\
\x51\x45\x14\x00\x51\x45\x14\x00\x51\x45\x14\x00\x51\x45\x14\x00\
\x51\x45\x14\x00\x51\x45\x14\x00\x51\x45\x14\x00\x51\x45\x14\x00\
\x51\x45\x14\x00\x51\x45\x14\x00\x51\x45\x14\x00\x51\x45\x14\x00\
\x51\x45\x14\x00\x51\x45\x14\x00\x51\x45\x14\x00\x51\x45\x14\x00\
\x51\x45\x14\x00\x51\x45\x14\x00\x51\x45\x14\x00\x51\x45\x14\x00\
\x51\x45\x14\x00\x51\x45\x14\x00\x51\x45\x14\x00\x51\x45\x14\x00\
\x51\x45\x14\x00\x51\x45\x14\x00\x51\x45\x14\x00\x51\x45\x14\x00\
\x51\x45\x14\x00\x8c\x9b\xbd\xaa\x32\x98\xa9\x68\xeb\x4c\x0a\xc5\
\x09\x15\x19\x4c\xd5\xb2\x80\xd3\x1a\x30\x3a\x53\x02\xa1\x8f\xf2\
\xa6\x34\x79\xab\x66\x3c\x9c\xd4\x6c\xb4\xc8\x68\xa6\xf1\xfb\x54\
\x6d\x1e\x4e\x2a\xeb\xa7\xa5\x46\x53\xd6\x82\x4a\x46\x3d\xb4\xd2\
\xbc\xf4\xab\x8c\x94\xc6\x88\x50\x05\x46\x8c\x66\xa3\x31\xe4\xfa\
\x55\xb6\x8f\x34\xc2\x84\x50\x2b\x15\x1a\x23\x4c\x31\xe2\xae\x15\
\xcf\x24\x53\x4c\x74\x0a\xc5\x32\x99\x3d\x29\xad\x10\x22\xad\x98\
\xf8\xa6\xf9\x54\x08\xa8\x62\xa8\xfc\xa3\x8e\x95\x74\xc6\x05\x37\
\x65\x01\x72\xa1\x8b\x71\xe4\xd3\x0c\x1c\xd5\xd6\x4c\x76\xa6\xed\
\xf6\xaa\xb8\x14\xcc\x20\x0e\x05\x1e\x4d\x5b\xd8\x28\xd8\x28\xb8\
\x15\x3c\xac\x76\xa4\xf2\xaa\xd9\x8c\x1a\x3c\xb1\x45\xc0\xa9\xe4\
\x8a\x5f\x2a\xad\x79\x62\x8f\x2c\x51\x70\x2a\xf9\x23\x1e\xf4\xbe\
\x5f\x15\x6b\x60\xa0\x20\x14\x5c\x0a\xc1\x29\xc2\x31\xe9\x56\x30\
\x3d\x29\x42\xe7\xb5\x17\x02\xb8\x8f\x07\xbd\x38\x45\x53\xec\x34\
\xa1\x33\x43\x02\x25\x4c\x0a\x5d\xa1\x7b\x54\xe1\x38\xa5\x09\x9a\
\x90\x21\x09\xcf\x4a\x7a\xa5\x4c\x10\x0f\x7a\x50\x82\x80\x23\xd9\
\xe9\x4f\x11\xd3\xc0\xc7\x6a\x78\x4c\x50\x3b\x0c\x03\x1e\x94\xbb\
\x73\xda\x9e\xab\x9a\x94\x26\x28\x1d\x88\x91\x32\x6a\x55\x5c\x53\
\xd5\x73\xdb\x14\xf0\x83\x8a\x06\x34\x27\x34\xe0\xb8\x14\xe0\x2a\
\x45\x5a\x0a\x1a\xa9\x9a\x90\x2e\x29\xca\x29\xc5\x33\xd7\x8a\x07\
\x61\x00\x39\xa7\xaa\xe2\x95\x57\x34\xf0\x98\xa4\xc6\x85\x0b\x8a\
\x5a\x28\xa9\x18\x51\x45\x14\x00\x51\x45\x14\x00\x51\x45\x14\x00\
\x51\x45\x14\x00\x51\x45\x14\x00\x51\x45\x14\x00\x51\x45\x14\x00\
\x51\x45\x14\x00\x51\x45\x14\x00\x51\x45\x14\x00\x51\x45\x14\x00\
\x51\x45\x14\x00\x51\x45\x14\x00\x51\x45\x14\x00\x51\x45\x14\x00\
\x51\x45\x14\x00\x51\x45\x14\x00\x51\x45\x14\x00\x51\x45\x14\x00\
\x51\x45\x14\x00\x51\x45\x14\x01\xff\xd9\
"

qt_resource_name = b"\
\x00\x03\
\x00\x00\x70\x37\
\x00\x69\
\x00\x6d\x00\x67\
\x00\x07\
\x05\x16\x51\xc7\
\x00\x52\
\x00\x2d\x00\x43\x00\x2e\x00\x6a\x00\x70\x00\x67\
"

qt_resource_struct_v1 = b"\
\x00\x00\x00\x00\x00\x02\x00\x00\x00\x01\x00\x00\x00\x01\
\x00\x00\x00\x00\x00\x02\x00\x00\x00\x01\x00\x00\x00\x02\
\x00\x00\x00\x00\x00\x02\x00\x00\x00\x01\x00\x00\x00\x03\
\x00\x00\x00\x0c\x00\x00\x00\x00\x00\x01\x00\x00\x00\x00\
"

qt_resource_struct_v2 = b"\
\x00\x00\x00\x00\x00\x02\x00\x00\x00\x01\x00\x00\x00\x01\
\x00\x00\x00\x00\x00\x00\x00\x00\
\x00\x00\x00\x00\x00\x02\x00\x00\x00\x01\x00\x00\x00\x02\
\x00\x00\x00\x00\x00\x00\x00\x00\
\x00\x00\x00\x00\x00\x02\x00\x00\x00\x01\x00\x00\x00\x03\
\x00\x00\x00\x00\x00\x00\x00\x00\
\x00\x00\x00\x0c\x00\x00\x00\x00\x00\x01\x00\x00\x00\x00\
\x00\x00\x01\x95\xa8\x52\x13\x10\
"

qt_version = [int(v) for v in QtCore.qVersion().split('.')]
if qt_version < [5, 8, 0]:
    rcc_version = 1
    qt_resource_struct = qt_resource_struct_v1
else:
    rcc_version = 2
    qt_resource_struct = qt_resource_struct_v2

def qInitResources():
    QtCore.qRegisterResourceData(rcc_version, qt_resource_struct, qt_resource_name, qt_resource_data)

def qCleanupResources():
    QtCore.qUnregisterResourceData(rcc_version, qt_resource_struct, qt_resource_name, qt_resource_data)

qInitResources()
